id	length	p_shipped_t6_8M	p_retrained_masked	p_aacomp_length
YAL069W	104	0.6370	0.0580	0.9898
YAL068W-A	84	0.1245	0.0035	0.9317
YAL068C	120	0.0149	0.0000	0.0026
YAL067W-A	75	0.0072	0.0001	0.0328
YAL067C	593	0.0029	0.0004	0.0009
YAL066W	102	0.0067	0.0000	0.0000
YAL065C	128	0.4716	0.9805	0.5235
YAL064W-B	126	0.9159	0.9780	0.5287
YAL064C-A	126	0.3717	0.8881	0.8617
YAL064W	94	0.0017	0.0000	0.0000
YAL063C-A	96	0.0049	0.0000	0.0007
YAL063C	1322	0.9987	1.0000	1.0000
YAL062W	457	0.0014	0.0000	0.0003
YAL061W	417	0.0009	0.0000	0.0002
YAL060W	382	0.0007	0.0000	0.0004
YAL059C-A	140	0.0015	0.0000	0.0000
YAL059W	212	0.0002	0.0000	0.0000
YAL058W	502	0.0520	0.0134	0.0002
YAL056C-A	116	0.0062	0.0000	0.0025
YAL056W	880	0.0021	0.0000	0.0008
YAL055W	180	0.0055	0.0000	0.0008
YAL054C	713	0.0021	0.0001	0.0056
YAL053W	783	0.0105	0.0001	0.0023
YAL051W	1047	0.0008	0.0000	0.0002
YAL049C	246	0.0012	0.0000	0.0003
YAL048C	662	0.0018	0.0000	0.0021
YAL047W-A	109	0.0055	0.0002	0.0035
YAL047C	622	0.0003	0.0000	0.0000
YAL046C	118	0.0015	0.0000	0.0000
YAL045C	102	0.0048	0.0000	0.0000
YAL044W-A	110	0.0003	0.0000	0.0000
YAL044C	170	0.0091	0.0000	0.0001
YAL043C	785	0.0006	0.0000	0.0000
YAL042C-A	125	0.0243	0.0001	0.0438
YAL042W	415	0.0118	0.0001	0.0003
YAL041W	854	0.0014	0.0000	0.0000
YAL040C	580	0.0062	0.0000	0.0021
YAL039C	269	0.0007	0.0000	0.0000
YAL038W	500	0.0005	0.0000	0.0010
YAL037C-B	324	0.0546	0.0001	0.0041
YAL037C-A	30	0.0021	0.0000	0.0000
YAL037W	267	0.0026	0.0000	0.0005
YAL036C	369	0.0005	0.0000	0.0001
YAL035W	1002	0.0005	0.0000	0.0000
YAL034C-B	117	0.0027	0.0000	0.0000
YAL034W-A	289	0.0002	0.0000	0.0000
YAL034C	413	0.0031	0.0001	0.0003
YAL033W	173	0.0007	0.0000	0.0000
YAL032C	379	0.0005	0.0000	0.0000
YAL031W-A	102	0.0043	0.0001	0.0024
YAL031C	760	0.0024	0.0001	0.0002
YAL030W	117	0.0003	0.0000	0.0000
YAL029C	1471	0.0009	0.0000	0.0001
YAL028W	528	0.0021	0.0000	0.0000
YAL027W	261	0.0021	0.0000	0.0000
YAL026C-A	145	0.0030	0.0000	0.0000
YAL026C	1355	0.0010	0.0000	0.0008
YAL025C	306	0.0008	0.0000	0.0000
YAL024C	1435	0.0030	0.0001	0.0004
YAL023C	759	0.0058	0.0001	0.0006
YAL022C	517	0.0029	0.0000	0.0003
YAL021C	837	0.0009	0.0000	0.0001
YAL020C	333	0.0042	0.0000	0.0048
YAL019W-A	189	0.1017	0.0448	0.0140
YAL019W	1131	0.0005	0.0000	0.0001
YAL018C	325	0.0024	0.0000	0.0009
YAL017W	1356	0.0017	0.0000	0.0008
YAL016C-B	61	0.0018	0.0000	0.0045
YAL016C-A	104	0.0159	0.0000	0.0007
YAL016W	635	0.0008	0.0000	0.0000
YAL015C	399	0.0006	0.0000	0.0000
YAL014C	255	0.0009	0.0000	0.0000
YAL013W	405	0.0025	0.0000	0.0000
YAL012W	394	0.0005	0.0000	0.0003
YAL011W	625	0.0006	0.0000	0.0000
YAL010C	493	0.0054	0.0000	0.0046
YAL009W	259	0.0006	0.0000	0.0000
YAL008W	198	0.0003	0.0000	0.0000
YAL007C	215	0.0062	0.0001	0.0006
YAL005C	642	0.0008	0.0000	0.0002
YAL004W	215	0.0512	0.0002	0.0023
YAL003W	206	0.0004	0.0000	0.0000
YAL002W	1274	0.0027	0.0000	0.0043
YAL001C	1160	0.0006	0.0000	0.0002
YAR002W	539	0.0032	0.0000	0.0009
YAR002C-A	219	0.0017	0.0000	0.0000
YAR003W	426	0.0060	0.0000	0.0011
YAR007C	621	0.0042	0.0000	0.0001
YAR008W	275	0.0007	0.0000	0.0000
YAR009C	1196	0.0041	0.0003	0.0036
YAR010C	440	0.0275	0.0084	0.0180
YAR014C	709	0.0013	0.0000	0.0002
YAR015W	306	0.0023	0.0001	0.0002
YAR018C	435	0.0010	0.0000	0.0001
YAR019C	974	0.0014	0.0000	0.0013
YAR019W-A	110	0.0068	0.0004	0.0582
YAR020C	55	0.0094	0.0000	0.0001
YAR023C	179	0.0021	0.0000	0.0016
YAR027W	235	0.0021	0.0000	0.0004
YAR028W	234	0.0023	0.0000	0.0002
YAR029W	74	0.0047	0.0000	0.0071
YAR030C	113	0.0088	0.0000	0.0001
YAR031W	298	0.0016	0.0000	0.0005
YAR033W	234	0.0013	0.0000	0.0004
YAR035W	687	0.0032	0.0000	0.0016
YAR035C-A	26	0.0033	0.0001	0.0000
YAR042W	1188	0.0020	0.0000	0.0001
YAR047C	106	0.0044	0.0001	0.0009
YAR050W	1537	0.9984	1.0000	1.0000
YAR053W	98	0.0089	0.0002	0.0305
YAR060C	111	0.0008	0.0000	0.0000
YAR061W	315	0.0851	0.0005	0.0130
YAR064W	99	0.0095	0.0000	0.0553
YAR066W	203	0.1596	0.0004	0.0466
YAR068W	161	0.2168	0.3493	0.0029
YAR069C	97	0.0060	0.0001	0.0006
YAR070C	99	0.0052	0.0000	0.0016
YAR071W	467	0.0431	0.0024	0.0165
YAR073W	403	0.0013	0.0000	0.0001
YAR075W	157	0.0017	0.0000	0.0001
YBL113C	792	0.1880	0.0057	0.0700
YBL113W-A	160	0.0061	0.0001	0.0003
YBL112C	105	0.0007	0.0000	0.0000
YBL111C	667	0.0007	0.0000	0.0002
YBL109W	111	0.9738	0.8731	0.9980
YBL108C-A	42	0.0043	0.0004	0.0019
YBL108W	101	0.0146	0.0002	0.0033
YBL107W-A	34	0.0063	0.0000	0.0000
YBL107C	196	0.0037	0.0000	0.0001
YBL106C	1010	0.0072	0.0001	0.0059
YBL105C	1151	0.0020	0.0000	0.0002
YBL104C	1038	0.0013	0.0000	0.0005
YBL103C	486	0.0005	0.0000	0.0001
YBL102W	215	0.0039	0.0000	0.0002
YBL101C	1117	0.0078	0.0000	0.0069
YBL100W-C	39	0.0005	0.0000	0.0000
YBL100W-A	438	0.0109	0.0015	0.0018
YBL100W-B	1770	0.0066	0.0001	0.0111
YBL100C	104	0.0053	0.0000	0.0011
YBL099W	545	0.0006	0.0000	0.0000
YBL098W	460	0.0003	0.0000	0.0000
YBL097W	754	0.0006	0.0000	0.0000
YBL096C	102	0.0074	0.0000	0.0061
YBL095W	270	0.0016	0.0000	0.0000
YBL094C	110	0.0069	0.0000	0.0007
YBL093C	220	0.0017	0.0000	0.0001
YBL092W	130	0.0005	0.0000	0.0000
YBL091C-A	175	0.0044	0.0000	0.0000
YBL091C	421	0.0018	0.0000	0.0000
YBL090W	177	0.0002	0.0000	0.0000
YBL089W	459	0.0044	0.0000	0.0028
YBL088C	2787	0.0007	0.0000	0.0052
YBL087C	137	0.0012	0.0000	0.0000
YBL086C	466	0.0130	0.0005	0.0021
YBL085W	980	0.0055	0.0002	0.0015
YBL084C	758	0.0017	0.0000	0.0007
YBL083C	141	0.0027	0.0000	0.0001
YBL082C	458	0.0023	0.0000	0.0000
YBL081W	368	0.0219	0.0006	0.0131
YBL080C	541	0.0010	0.0000	0.0000
YBL079W	1502	0.0047	0.0001	0.0019
YBL078C	117	0.0012	0.0000	0.0001
YBL077W	143	0.0108	0.0000	0.0016
YBL076C	1072	0.0008	0.0000	0.0007
YBL075C	649	0.0010	0.0000	0.0003
YBL074C	355	0.0021	0.0000	0.0000
YBL073W	103	0.0051	0.0001	0.0054
YBL072C	200	0.0006	0.0000	0.0000
YBL071C-B	32	0.0012	0.0000	0.0005
YBL071W-A	82	0.0067	0.0001	0.0026
YBL071C	102	0.0032	0.0000	0.0000
YBL070C	106	0.0035	0.0000	0.0024
YBL069W	429	0.0007	0.0000	0.0004
YBL068W-A	78	0.0039	0.0003	0.0003
YBL068W	326	0.0007	0.0000	0.0000
YBL067C	747	0.0042	0.0000	0.0019
YBL066C	1148	0.0019	0.0000	0.0088
YBL065W	114	0.0026	0.0000	0.0000
YBL064C	261	0.0027	0.0000	0.0008
YBL063W	1111	0.0006	0.0000	0.0001
YBL062W	126	0.0162	0.0000	0.0120
YBL061C	696	0.0006	0.0000	0.0000
YBL060W	687	0.0017	0.0000	0.0001
YBL059C-A	109	0.0002	0.0000	0.0000
YBL059W	193	0.0020	0.0000	0.0000
YBL058W	423	0.0018	0.0000	0.0001
YBL057C	208	0.0040	0.0000	0.0000
YBL056W	468	0.0002	0.0000	0.0001
YBL055C	418	0.0003	0.0000	0.0003
YBL054W	525	0.0029	0.0001	0.0002
YBL053W	124	0.4352	0.2404	0.7503
YBL052C	831	0.0026	0.0000	0.0002
YBL051C	668	0.0045	0.0000	0.0001
YBL050W	292	0.0001	0.0000	0.0000
YBL049W	138	0.0034	0.0003	0.0046
YBL048W	103	0.0121	0.0008	0.0166
YBL047C	1381	0.0017	0.0000	0.0006
YBL046W	441	0.0009	0.0000	0.0000
YBL045C	457	0.0001	0.0000	0.0000
YBL044W	122	0.0023	0.0000	0.0001
YBL043W	257	0.0094	0.0000	0.0111
YBL042C	639	0.0075	0.0000	0.0127
YBL041W	241	0.0024	0.0000	0.0003
YBL040C	219	0.0012	0.0000	0.0001
YBL039W-B	59	0.0006	0.0000	0.0000
YBL039C	579	0.0008	0.0000	0.0001
YBL039C-A	27	0.0035	0.0000	0.0000
YBL038W	232	0.0003	0.0000	0.0000
YBL037W	1025	0.0029	0.0000	0.0013
YBL036C	257	0.0002	0.0000	0.0000
YBL035C	705	0.0047	0.0001	0.0025
YBL034C	1513	0.0008	0.0000	0.0002
YBL033C	345	0.0036	0.0000	0.0001
YBL032W	381	0.0015	0.0000	0.0001
YBL031W	338	0.0017	0.0000	0.0001
YBL030C	318	0.0002	0.0000	0.0001
YBL029C-A	94	0.0020	0.0000	0.0041
YBL029W	376	0.0048	0.0000	0.0007
YBL028C	106	0.0001	0.0000	0.0000
YBL027W	189	0.0001	0.0000	0.0000
YBL026W	95	0.0024	0.0001	0.0000
YBL025W	145	0.0011	0.0000	0.0004
YBL024W	684	0.0009	0.0000	0.0000
YBL023C	868	0.0006	0.0000	0.0000
YBL022C	1133	0.0011	0.0000	0.0001
YBL021C	144	0.0007	0.0000	0.0000
YBL020W	574	0.0004	0.0000	0.0003
YBL019W	520	0.0005	0.0000	0.0001
YBL018C	133	0.0019	0.0000	0.0000
YBL017C	1579	0.0617	0.0133	0.0434
YBL016W	353	0.0011	0.0000	0.0001
YBL015W	526	0.0012	0.0000	0.0001
YBL014C	894	0.0020	0.0000	0.0002
YBL013W	401	0.0009	0.0000	0.0000
YBL012C	133	0.0016	0.0000	0.0002
YBL011W	759	0.0008	0.0000	0.0001
YBL010C	280	0.0006	0.0000	0.0000
YBL009W	676	0.0015	0.0000	0.0003
YBL008W-A	79	0.0026	0.0000	0.0001
YBL008W	840	0.0021	0.0000	0.0007
YBL007C	1244	0.0231	0.0003	0.0010
YBL006C	180	0.0008	0.0000	0.0000
YBL006W-A	49	0.0038	0.0000	0.0006
YBL005W	976	0.0018	0.0000	0.0028
YBL005W-A	440	0.0148	0.0017	0.0087
YBL005W-B	1755	0.0099	0.0003	0.0174
YBL004W	2493	0.0007	0.0000	0.0009
YBL003C	132	0.0003	0.0000	0.0000
YBL002W	131	0.0015	0.0000	0.0001
YBL001C	104	0.0012	0.0000	0.0003
YBR001C	780	0.0010	0.0000	0.0006
YBR002C	286	0.0004	0.0000	0.0000
YBR003W	473	0.0002	0.0000	0.0000
YBR004C	433	0.0027	0.0000	0.0107
YBR005W	213	0.0111	0.0000	0.0041
YBR006W	497	0.0008	0.0000	0.0057
YBR007C	736	0.0057	0.0001	0.0011
YBR008C	548	0.0052	0.0005	0.0099
YBR009C	103	0.0002	0.0000	0.0000
YBR010W	136	0.0002	0.0000	0.0000
YBR011C	287	0.0077	0.0012	0.0009
YBR012C	139	0.0174	0.0005	0.0017
YBR012W-A	440	0.0269	0.0087	0.0219
YBR012W-B	1756	0.0122	0.0006	0.0207
YBR013C	129	0.0142	0.0000	0.0082
YBR014C	203	0.0026	0.0000	0.0003
YBR015C	597	0.0010	0.0000	0.0029
YBR016W	128	0.0644	0.0097	0.0774
YBR017C	918	0.0011	0.0000	0.0001
YBR018C	366	0.0016	0.0000	0.0001
YBR019C	699	0.0066	0.0003	0.0083
YBR020W	528	0.0008	0.0000	0.0018
YBR021W	633	0.0033	0.0000	0.0048
YBR022W	177	0.0009	0.0000	0.0077
YBR023C	1165	0.0051	0.0001	0.0034
YBR024W	301	0.0012	0.0000	0.0014
YBR025C	394	0.0006	0.0000	0.0000
YBR026C	380	0.0013	0.0000	0.0009
YBR027C	110	0.0101	0.0000	0.0059
YBR028C	525	0.0013	0.0000	0.0003
YBR029C	457	0.0028	0.0000	0.0122
YBR030W	552	0.0010	0.0000	0.0000
YBR031W	362	0.0035	0.0000	0.0001
YBR032W	100	0.0034	0.0000	0.0003
YBR033W	919	0.0011	0.0000	0.0009
YBR034C	348	0.0018	0.0004	0.0002
YBR035C	228	0.0026	0.0001	0.0000
YBR036C	410	0.0020	0.0000	0.0005
YBR037C	295	0.0012	0.0000	0.0009
YBR038W	963	0.0030	0.0000	0.0005
YBR039W	311	0.0007	0.0000	0.0000
YBR040W	298	0.0068	0.0004	0.0005
YBR041W	669	0.0028	0.0000	0.0007
YBR042C	397	0.0008	0.0000	0.0004
YBR043C	689	0.0030	0.0001	0.0005
YBR044C	572	0.0020	0.0000	0.0006
YBR045C	639	0.0057	0.0000	0.0005
YBR046C	334	0.0003	0.0000	0.0024
YBR047W	175	0.0008	0.0000	0.0000
YBR048W	156	0.0021	0.0007	0.0008
YBR049C	810	0.0002	0.0000	0.0000
YBR050C	338	0.0039	0.0000	0.0000
YBR051W	116	0.0029	0.0000	0.0001
YBR052C	210	0.0007	0.0000	0.0012
YBR053C	358	0.0080	0.0001	0.0049
YBR054W	344	0.0034	0.0000	0.0004
YBR055C	899	0.0003	0.0000	0.0000
YBR056W	501	0.0007	0.0000	0.0001
YBR056W-A	66	0.4157	0.0000	1.0000
YBR056C-B	52	0.0138	0.0000	0.0007
YBR057C	366	0.0006	0.0000	0.0000
YBR058C	781	0.0050	0.0000	0.0013
YBR058C-A	80	0.0025	0.0000	0.0018
YBR059C	1108	0.0019	0.0000	0.0001
YBR060C	620	0.0020	0.0001	0.0001
YBR061C	310	0.0006	0.0000	0.0005
YBR062C	180	0.0007	0.0000	0.0001
YBR063C	404	0.0054	0.0000	0.0003
YBR064W	142	0.0022	0.0000	0.0001
YBR065C	364	0.0016	0.0000	0.0001
YBR066C	220	0.0032	0.0003	0.0005
YBR067C	210	0.1334	0.0130	0.0085
YBR068C	609	0.0019	0.0000	0.0011
YBR069C	619	0.0018	0.0000	0.0018
YBR070C	237	0.0008	0.0000	0.0001
YBR071W	211	0.0010	0.0000	0.0000
YBR072W	214	0.0001	0.0000	0.0003
YBR072C-A	53	0.0027	0.0000	0.0000
YBR073W	958	0.0012	0.0000	0.0005
YBR074W	976	0.0058	0.0000	0.0020
YBR076W	354	0.0076	0.0006	0.0010
YBR076C-A	88	0.0031	0.0000	0.0000
YBR077C	162	0.0024	0.0001	0.0001
YBR078W	429	0.0332	0.0000	0.0058
YBR079C	964	0.0006	0.0000	0.0000
YBR080C	758	0.0003	0.0000	0.0000
YBR081C	1332	0.0005	0.0000	0.0000
YBR082C	148	0.0046	0.0018	0.0359
YBR083W	486	0.0053	0.0003	0.0007
YBR084W	975	0.0005	0.0000	0.0003
YBR084C-A	189	0.0001	0.0000	0.0000
YBR085W	307	0.0003	0.0000	0.0000
YBR085C-A	85	0.0013	0.0000	0.0005
YBR086C	946	0.0063	0.0002	0.0059
YBR087W	354	0.0002	0.0000	0.0000
YBR088C	258	0.0029	0.0000	0.0000
YBR089W	199	0.0171	0.0000	0.0002
YBR089C-A	99	0.0000	0.0000	0.0000
YBR090C	122	0.0024	0.0000	0.0001
YBR091C	109	0.0011	0.0000	0.0002
YBR092C	467	0.0800	0.0016	0.0087
YBR093C	467	0.0870	0.0020	0.0405
YBR094W	753	0.0011	0.0000	0.0005
YBR095C	430	0.0009	0.0000	0.0000
YBR096W	230	0.0020	0.0004	0.0243
YBR097W	1454	0.0020	0.0000	0.0043
YBR098W	691	0.0009	0.0000	0.0000
YBR099C	127	0.0174	0.0000	0.0426
YBR101C	290	0.0002	0.0000	0.0000
YBR102C	753	0.0008	0.0000	0.0000
YBR103W	535	0.0034	0.0000	0.0003
YBR103C-A	47	0.0023	0.0000	0.0008
YBR104W	329	0.0005	0.0000	0.0008
YBR105C	362	0.0119	0.0004	0.0049
YBR106W	188	0.0005	0.0000	0.0000
YBR107C	245	0.0030	0.0001	0.0001
YBR108W	947	0.0184	0.0002	0.0168
YBR109C	147	0.0008	0.0000	0.0000
YBR109W-A	74	0.0020	0.0000	0.0000
YBR110W	449	0.0002	0.0000	0.0002
YBR111C	231	0.0008	0.0000	0.0000
YBR111W-A	96	0.0007	0.0000	0.0000
YBR112C	966	0.0267	0.0034	0.0001
YBR113W	160	0.0020	0.0000	0.0003
YBR114W	790	0.0004	0.0000	0.0001
YBR115C	1392	0.0019	0.0000	0.0044
YBR116C	175	0.0134	0.0000	0.0198
YBR117C	681	0.0012	0.0000	0.0008
YBR118W	458	0.0014	0.0000	0.0003
YBR119W	298	0.0007	0.0000	0.0000
YBR120C	162	0.0002	0.0000	0.0000
YBR121C	667	0.0007	0.0000	0.0000
YBR121C-A	52	0.0017	0.0000	0.0000
YBR122C	177	0.0005	0.0000	0.0000
YBR123C	649	0.0012	0.0000	0.0001
YBR124W	119	0.0018	0.0000	0.0060
YBR125C	393	0.0005	0.0000	0.0008
YBR126C	495	0.0006	0.0000	0.0006
YBR126W-A	68	0.0011	0.0000	0.0000
YBR126W-B	47	0.0032	0.0000	0.0005
YBR127C	517	0.0013	0.0000	0.0001
YBR128C	344	0.0017	0.0000	0.0000
YBR129C	328	0.0017	0.0001	0.0000
YBR130C	425	0.0011	0.0000	0.0000
YBR131W	704	0.0012	0.0000	0.0004
YBR131C-A	29	0.0007	0.0000	0.0000
YBR132C	596	0.0024	0.0000	0.0066
YBR133C	827	0.0029	0.0000	0.0005
YBR134W	133	0.0116	0.0002	0.0153
YBR135W	150	0.0030	0.0002	0.0000
YBR136W	2368	0.0010	0.0000	0.0019
YBR137W	179	0.0007	0.0000	0.0001
YBR138C	524	0.0022	0.0001	0.0000
YBR139W	508	0.0093	0.0004	0.0035
YBR140C	3092	0.0027	0.0000	0.0221
YBR141C	337	0.0008	0.0000	0.0000
YBR141W-A	31	0.0039	0.0001	0.0063
YBR142W	773	0.0003	0.0000	0.0000
YBR143C	437	0.0005	0.0000	0.0001
YBR144C	104	0.0019	0.0000	0.0002
YBR145W	351	0.0008	0.0000	0.0053
YBR146W	278	0.0007	0.0000	0.0000
YBR147W	296	0.0014	0.0000	0.0001
YBR148W	609	0.0003	0.0000	0.0000
YBR149W	344	0.0004	0.0000	0.0002
YBR150C	1094	0.0010	0.0000	0.0002
YBR151W	316	0.0024	0.0000	0.0003
YBR152W	291	0.0005	0.0000	0.0000
YBR153W	244	0.0031	0.0000	0.0020
YBR154C	215	0.0018	0.0000	0.0000
YBR155W	385	0.0004	0.0000	0.0000
YBR156C	698	0.0020	0.0001	0.0001
YBR157C	255	0.0022	0.0000	0.0005
YBR158W	549	0.0011	0.0000	0.0000
YBR159W	347	0.0007	0.0000	0.0001
YBR160W	298	0.0007	0.0000	0.0000
YBR161W	376	0.0020	0.0001	0.0025
YBR162C	455	0.6885	0.0357	0.0947
YBR162W-A	65	0.0006	0.0000	0.0000
YBR163W	585	0.0016	0.0000	0.0002
YBR164C	183	0.0002	0.0000	0.0000
YBR165W	277	0.0042	0.0005	0.0005
YBR166C	452	0.0009	0.0000	0.0005
YBR167C	140	0.0009	0.0000	0.0001
YBR168W	413	0.0037	0.0001	0.0001
YBR169C	693	0.0009	0.0000	0.0002
YBR170C	580	0.0022	0.0000	0.0002
YBR171W	206	0.0005	0.0000	0.0000
YBR172C	740	0.0026	0.0000	0.0006
YBR173C	148	0.0017	0.0000	0.0000
YBR174C	104	0.0154	0.0005	0.0014
YBR175W	315	0.0176	0.0002	0.0112
YBR176W	312	0.0008	0.0000	0.0004
YBR177C	451	0.0018	0.0001	0.0006
YBR178W	124	0.0036	0.0000	0.0004
YBR179C	855	0.0005	0.0000	0.0000
YBR180W	572	0.0026	0.0002	0.0010
YBR181C	236	0.0005	0.0000	0.0000
YBR182C	452	0.0047	0.0001	0.0008
YBR182C-A	64	0.0011	0.0000	0.0004
YBR183W	316	0.0051	0.0004	0.0021
YBR184W	523	0.0027	0.0000	0.0002
YBR185C	278	0.0015	0.0000	0.0000
YBR186W	564	0.0006	0.0000	0.0002
YBR187W	280	0.0004	0.0000	0.0000
YBR188C	140	0.0006	0.0000	0.0000
YBR189W	195	0.0003	0.0000	0.0000
YBR190W	103	0.0037	0.0000	0.0012
YBR191W	160	0.0018	0.0012	0.0000
YBR191W-A	24	0.0014	0.0000	0.0000
YBR192W	377	0.0006	0.0000	0.0003
YBR193C	223	0.0020	0.0000	0.0002
YBR194W	123	0.0007	0.0000	0.0000
YBR195C	422	0.0043	0.0000	0.0003
YBR196C	554	0.0007	0.0000	0.0002
YBR196C-A	49	0.0139	0.0008	0.2395
YBR196C-B	34	0.0004	0.0000	0.0000
YBR197C	217	0.0006	0.0000	0.0000
YBR198C	798	0.0024	0.0000	0.0008
YBR199W	464	0.0055	0.0000	0.0009
YBR200W	551	0.0039	0.0003	0.0012
YBR200W-A	54	0.0018	0.0000	0.0000
YBR201W	211	0.0018	0.0000	0.0002
YBR201C-A	67	0.0025	0.0000	0.0088
YBR202W	845	0.0012	0.0000	0.0001
YBR203W	924	0.0013	0.0000	0.0004
YBR204C	375	0.0006	0.0000	0.0001
YBR205W	404	0.0032	0.0002	0.0007
YBR206W	107	0.0284	0.0003	0.2579
YBR207W	465	0.0032	0.0000	0.0009
YBR208C	1835	0.0010	0.0000	0.0237
YBR209W	105	0.0010	0.0000	0.0000
YBR210W	142	0.0024	0.0000	0.0014
YBR211C	324	0.0008	0.0000	0.0000
YBR212W	672	0.0014	0.0000	0.0001
YBR213W	274	0.0006	0.0000	0.0000
YBR214W	527	0.0036	0.0001	0.0025
YBR215W	625	0.0026	0.0001	0.0005
YBR216C	674	0.0006	0.0000	0.0012
YBR217W	186	0.0033	0.0001	0.0000
YBR218C	1180	0.0012	0.0000	0.0002
YBR219C	127	0.0094	0.0002	0.0412
YBR220C	560	0.0069	0.0001	0.0093
YBR221C	366	0.0010	0.0000	0.0002
YBR221W-A	34	0.0007	0.0000	0.0000
YBR222C	543	0.0045	0.0003	0.0020
YBR223C	544	0.0063	0.0001	0.0005
YBR223W-A	39	0.0037	0.0000	0.0000
YBR224W	171	0.0172	0.0004	0.0123
YBR225W	900	0.0021	0.0000	0.0008
YBR226C	136	0.0047	0.0002	0.0018
YBR227C	520	0.0004	0.0000	0.0000
YBR228W	304	0.0013	0.0001	0.0000
YBR229C	954	0.0124	0.0003	0.0008
YBR230C	134	0.0017	0.0000	0.0011
YBR230W-A	66	0.0003	0.0000	0.0000
YBR231C	303	0.0004	0.0000	0.0000
YBR232C	119	0.0124	0.0000	0.0109
YBR233W	413	0.0043	0.0000	0.0001
YBR233W-A	94	0.0003	0.0000	0.0000
YBR234C	384	0.0028	0.0000	0.0081
YBR235W	1120	0.0047	0.0000	0.0054
YBR236C	436	0.0007	0.0003	0.0001
YBR237W	849	0.0001	0.0000	0.0000
YBR238C	731	0.0021	0.0000	0.0001
YBR239C	529	0.0063	0.0003	0.0015
YBR240C	450	0.0031	0.0000	0.0007
YBR241C	488	0.0101	0.0008	0.0045
YBR242W	238	0.0002	0.0000	0.0002
YBR243C	448	0.0017	0.0000	0.0004
YBR244W	162	0.0011	0.0000	0.0013
YBR245C	1129	0.0002	0.0000	0.0000
YBR246W	387	0.0054	0.0000	0.0012
YBR247C	483	0.0003	0.0000	0.0000
YBR248C	552	0.0005	0.0000	0.0014
YBR249C	370	0.0010	0.0000	0.0000
YBR250W	523	0.0289	0.0058	0.0029
YBR251W	307	0.0009	0.0000	0.0000
YBR252W	147	0.0104	0.0001	0.0009
YBR253W	121	0.0005	0.0000	0.0000
YBR254C	175	0.0033	0.0000	0.0002
YBR255W	694	0.0031	0.0000	0.0001
YBR255C-A	120	0.0005	0.0000	0.0000
YBR256C	238	0.0040	0.0000	0.0011
YBR257W	279	0.0015	0.0001	0.0000
YBR258C	142	0.0001	0.0000	0.0000
YBR259W	688	0.0007	0.0000	0.0001
YBR260C	666	0.0015	0.0000	0.0001
YBR261C	232	0.0015	0.0004	0.0000
YBR262C	106	0.0021	0.0000	0.0001
YBR263W	490	0.0017	0.0000	0.0002
YBR264C	199	0.0010	0.0000	0.0007
YBR265W	320	0.0007	0.0000	0.0004
YBR267W	393	0.0011	0.0000	0.0000
YBR266C	150	0.0253	0.0000	0.0463
YBR268W	105	0.0004	0.0000	0.0000
YBR269C	138	0.0021	0.0000	0.0009
YBR270C	545	0.0014	0.0000	0.0007
YBR271W	419	0.0016	0.0000	0.0001
YBR272C	480	0.0003	0.0000	0.0000
YBR273C	436	0.0023	0.0000	0.0000
YBR274W	527	0.0014	0.0000	0.0001
YBR275C	1916	0.0010	0.0000	0.0004
YBR276C	807	0.0040	0.0000	0.0011
YBR277C	133	0.0061	0.0000	0.0013
YBR278W	201	0.0007	0.0000	0.0000
YBR279W	445	0.0018	0.0000	0.0000
YBR280C	637	0.0137	0.0001	0.0094
YBR281C	878	0.0039	0.0000	0.0025
YBR282W	146	0.0048	0.0001	0.0021
YBR283C	490	0.0031	0.0000	0.0032
YBR284W	797	0.0033	0.0000	0.0005
YBR285W	144	0.0013	0.0000	0.0000
YBR286W	537	0.0033	0.0000	0.0009
YBR287W	427	0.0006	0.0000	0.0001
YBR288C	483	0.0068	0.0003	0.0006
YBR289W	905	0.0171	0.0001	0.0005
YBR290W	321	0.0018	0.0000	0.0001
YBR291C	299	0.0011	0.0000	0.0019
YBR292C	123	0.0029	0.0000	0.0001
YBR293W	474	0.0029	0.0001	0.0025
YBR294W	859	0.0036	0.0000	0.0210
YBR295W	1216	0.0105	0.0001	0.0157
YBR296C	574	0.0029	0.0000	0.0008
YBR296C-A	39	0.0007	0.0000	0.0000
YBR297W	468	0.0007	0.0000	0.0006
YBR298C	614	0.0029	0.0001	0.0008
YBR298C-A	73	0.0008	0.0000	0.0000
YBR299W	584	0.0010	0.0000	0.0008
YBR300C	165	0.0144	0.0002	0.0067
YBR301W	120	0.0241	0.0000	0.0076
YBR302C	379	0.0006	0.0000	0.0000
YCL076W	247	0.0006	0.0000	0.0000
YCL075W	146	0.0075	0.0001	0.0306
YCL074W	308	0.0032	0.0000	0.0086
YCL073C	615	0.0080	0.0004	0.0027
YCL069W	458	0.0012	0.0001	0.0006
YCL068C	260	0.0012	0.0000	0.0000
YCL067C	210	0.0005	0.0000	0.0000
YCL066W	175	0.0009	0.0000	0.0000
YCL065W	122	0.0187	0.0002	0.0180
YCL064C	360	0.0004	0.0000	0.0008
YCL063W	423	0.0009	0.0000	0.0000
YCL061C	1096	0.0007	0.0000	0.0000
YCL059C	316	0.0007	0.0000	0.0000
YCL058C	152	0.0510	0.0003	0.0954
YCL058W-A	113	0.0001	0.0000	0.0000
YCL057C-A	97	0.0006	0.0000	0.0001
YCL057W	712	0.0006	0.0000	0.0002
YCL056C	144	0.0010	0.0000	0.0000
YCL055W	335	0.0032	0.0001	0.0002
YCL054W-A	28	0.0009	0.0000	0.0000
YCL054W	841	0.0001	0.0000	0.0000
YCL052C	416	0.0202	0.0037	0.0005
YCL051W	583	0.0023	0.0000	0.0002
YCL050C	321	0.0040	0.0000	0.0006
YCL049C	312	0.0468	0.0036	0.0021
YCL048W-A	79	0.1128	0.0009	0.0167
YCL048W	463	0.0062	0.0000	0.0000
YCL047C	258	0.0003	0.0000	0.0000
YCL045C	760	0.0119	0.0004	0.0009
YCL046W	107	0.0012	0.0000	0.0000
YCL044C	417	0.0050	0.0001	0.0005
YCL043C	522	0.0018	0.0000	0.0001
YCL041C	164	0.0171	0.0000	0.3305
YCL042W	119	0.0697	0.0056	0.3877
YCL040W	500	0.0007	0.0000	0.0002
YCL039W	745	0.0054	0.0000	0.0017
YCL038C	528	0.0025	0.0001	0.0008
YCL037C	434	0.0030	0.0000	0.0001
YCL036W	566	0.0005	0.0000	0.0000
YCL035C	110	0.0010	0.0000	0.0000
YCL034W	354	0.0008	0.0000	0.0000
YCL033C	168	0.0023	0.0001	0.0002
YCL032W	346	0.0024	0.0000	0.0001
YCL031C	297	0.0007	0.0000	0.0000
YCL030C	799	0.0009	0.0000	0.0001
YCL029C	440	0.0004	0.0000	0.0000
YCL028W	405	0.0017	0.0000	0.0000
YCL027W	512	0.0478	0.0121	0.0161
YCL026C-B	193	0.0044	0.0001	0.0012
YCL026C-A	193	0.0128	0.0002	0.0022
YCL025C	633	0.0015	0.0000	0.0005
YCL023C	115	0.0024	0.0000	0.0002
YCL024W	1037	0.0015	0.0000	0.0002
YCL022C	171	0.0115	0.0000	0.0321
YCL021W-A	125	0.0026	0.0000	0.0005
YCL020W	438	0.0105	0.0012	0.0017
YCL019W	1770	0.0065	0.0001	0.0117
YCL018W	364	0.0006	0.0000	0.0000
YCL017C	497	0.0007	0.0000	0.0001
YCL016C	380	0.0011	0.0000	0.0000
YCL014W	1636	0.0024	0.0001	0.0050
YCL012C	134	0.0005	0.0000	0.0000
YCL011C	427	0.0009	0.0000	0.0000
YCL010C	259	0.0020	0.0004	0.0001
YCL009C	309	0.0023	0.0000	0.0001
YCL008C	385	0.0052	0.0001	0.0001
YCL007C	130	0.0015	0.0000	0.0000
YCL005W-A	73	0.0024	0.0000	0.0000
YCL005W	256	0.0051	0.0000	0.0022
YCL004W	521	0.0013	0.0000	0.0011
YCL002C	263	0.0073	0.0003	0.0130
YCL001W	188	0.0005	0.0000	0.0000
YCL001W-A	153	0.0005	0.0000	0.0000
YCL001W-B	84	0.0004	0.0000	0.0000
YCR001W	104	0.0106	0.0001	0.0162
YCR002C	322	0.0014	0.0000	0.0000
YCR003W	183	0.0012	0.0000	0.0000
YCR004C	247	0.0013	0.0000	0.0027
YCR005C	460	0.0003	0.0000	0.0001
YCR006C	157	0.0021	0.0000	0.0002
YCR007C	239	0.0018	0.0000	0.0008
YCR008W	603	0.0019	0.0000	0.0008
YCR009C	265	0.0008	0.0000	0.0000
YCR010C	283	0.0080	0.0000	0.0042
YCR011C	1049	0.0123	0.0001	0.0136
YCR012W	416	0.0004	0.0000	0.0000
YCR013C	215	0.0593	0.0009	0.0022
YCR014C	582	0.0002	0.0000	0.0000
YCR015C	317	0.0011	0.0000	0.0010
YCR016W	290	0.0002	0.0000	0.0000
YCR017C	953	0.0048	0.0000	0.0088
YCR018C	221	0.0019	0.0000	0.0000
YCR018C-A	84	0.0091	0.0002	0.0035
YCR019W	363	0.0006	0.0000	0.0007
YCR020C	215	0.0009	0.0000	0.0007
YCR020C-A	88	0.0009	0.0000	0.0000
YCR020W-B	78	0.0003	0.0000	0.0000
YCR021C	332	0.0059	0.0000	0.0019
YCR022C	114	0.0022	0.0000	0.0001
YCR023C	611	0.0032	0.0000	0.0017
YCR024C	492	0.0040	0.0001	0.0016
YCR024C-B	88	0.0119	0.0000	0.0229
YCR024C-A	40	0.0018	0.0000	0.0000
YCR025C	136	0.0025	0.0000	0.0001
YCR026C	742	0.0060	0.0000	0.0014
YCR027C	209	0.0003	0.0000	0.0001
YCR028C	512	0.0014	0.0001	0.0000
YCR028C-A	135	0.0016	0.0000	0.0000
YCR030C	870	0.0073	0.0002	0.0021
YCR031C	137	0.0015	0.0000	0.0000
YCR032W	2167	0.0018	0.0000	0.0017
YCR033W	1226	0.0054	0.0011	0.0010
YCR034W	347	0.0026	0.0000	0.0166
YCR035C	394	0.0033	0.0000	0.0001
YCR036W	333	0.0006	0.0000	0.0003
YCR037C	923	0.0015	0.0000	0.0004
YCR038C	642	0.0020	0.0000	0.0001
YCR038W-A	41	0.0135	0.0000	0.0001
YCR039C	210	0.0005	0.0000	0.0000
YCR040W	175	0.0010	0.0000	0.0000
YCR041W	110	0.0150	0.0002	0.0257
YCR042C	1407	0.0052	0.0001	0.0006
YCR043C	127	0.0069	0.0002	0.0335
YCR044C	357	0.0104	0.0004	0.0012
YCR045C	491	0.0015	0.0000	0.0003
YCR045W-A	116	0.0494	0.0001	0.0104
YCR046C	169	0.0015	0.0002	0.0000
YCR047C	275	0.0005	0.0000	0.0000
YCR047W-A	68	0.0129	0.0005	0.1219
YCR049C	148	0.0223	0.0000	0.0173
YCR048W	610	0.0086	0.0002	0.0008
YCR050C	102	0.0029	0.0000	0.0000
YCR051W	222	0.0002	0.0000	0.0000
YCR052W	483	0.0031	0.0000	0.0004
YCR053W	514	0.0007	0.0000	0.0002
YCR054C	563	0.0007	0.0000	0.0001
YCR057C	923	0.0023	0.0000	0.0003
YCR059C	258	0.0021	0.0000	0.0000
YCR060W	111	0.0007	0.0000	0.0000
YCR061W	631	0.0090	0.0000	0.0019
YCR064C	136	0.0022	0.0000	0.0004
YCR063W	157	0.0015	0.0001	0.0001
YCR065W	564	0.0015	0.0001	0.0006
YCR066W	487	0.0008	0.0000	0.0001
YCR067C	1065	0.2639	0.3457	0.0541
YCR068W	520	0.0285	0.0001	0.0179
YCR069W	318	0.0138	0.0006	0.0056
YCR071C	146	0.0017	0.0000	0.0003
YCR072C	515	0.0101	0.0003	0.0047
YCR073C	1331	0.0011	0.0000	0.0000
YCR073W-A	315	0.0016	0.0000	0.0002
YCR075C	260	0.0034	0.0000	0.0002
YCR075W-A	75	0.0050	0.0000	0.0001
YCR076C	250	0.0070	0.0000	0.0142
YCR077C	796	0.0008	0.0000	0.0000
YCR079W	442	0.0003	0.0000	0.0002
YCR081W	1427	0.0010	0.0000	0.0003
YCR081C-A	78	0.0026	0.0000	0.0030
YCR082W	128	0.0004	0.0000	0.0000
YCR083W	127	0.0016	0.0000	0.0001
YCR084C	713	0.0177	0.0008	0.0072
YCR085W	117	0.0051	0.0000	0.0050
YCR086W	190	0.0007	0.0000	0.0001
YCR087W	171	0.0077	0.0000	0.0000
YCR087C-A	153	0.0024	0.0002	0.0009
YCR088W	592	0.0023	0.0000	0.0002
YCR089W	1609	0.9991	1.0000	0.9998
YCR090C	182	0.0060	0.0001	0.0006
YCR091W	720	0.0015	0.0000	0.0005
YCR092C	1018	0.0008	0.0000	0.0001
YCR093W	2108	0.0005	0.0000	0.0004
YCR094W	391	0.0145	0.0014	0.0026
YCR095C	362	0.0013	0.0000	0.0000
YCR095W-A	52	0.0008	0.0000	0.0000
YCR096C	119	0.0003	0.0000	0.0000
YCR097W	126	0.0003	0.0000	0.0000
YCR097W-A	88	0.0207	0.0003	0.0064
YCR098C	518	0.0057	0.0002	0.0019
YCR099C	155	0.0207	0.0013	0.0001
YCR100C	316	0.0517	0.0194	0.0055
YCR101C	182	0.0132	0.0012	0.0018
YCR102C	368	0.0010	0.0000	0.0013
YCR102W-A	65	0.0008	0.0000	0.0001
YCR104W	124	0.0378	0.0000	0.0186
YCR105W	361	0.0004	0.0000	0.0002
YCR106W	832	0.0004	0.0000	0.0000
YCR107W	363	0.0002	0.0000	0.0000
YCR108C	63	0.0784	0.0079	0.4161
YDL248W	383	0.0009	0.0000	0.0000
YDL247W-A	24	0.0040	0.0000	0.0000
YDL247W	609	0.0046	0.0004	0.0063
YDL246C	357	0.0007	0.0000	0.0071
YDL245C	567	0.0038	0.0008	0.0054
YDL244W	340	0.0022	0.0001	0.0011
YDL243C	329	0.0001	0.0000	0.0000
YDL242W	117	0.0011	0.0000	0.0000
YDL241W	123	0.1505	0.0359	0.8094
YDL240C-A	45	0.0040	0.0000	0.0040
YDL240W	1017	0.0030	0.0002	0.0017
YDL239C	790	0.0004	0.0000	0.0000
YDL238C	489	0.0012	0.0000	0.0014
YDL237W	390	0.0016	0.0000	0.0002
YDL236W	312	0.0010	0.0001	0.0011
YDL235C	167	0.0001	0.0000	0.0000
YDL234C	746	0.0017	0.0000	0.0000
YDL233W	458	0.0100	0.0011	0.0015
YDL232W	36	0.0009	0.0000	0.0000
YDL231C	1125	0.0019	0.0000	0.0004
YDL230W	335	0.0027	0.0001	0.0003
YDL229W	613	0.0004	0.0000	0.0001
YDL228C	213	0.0132	0.0000	0.0004
YDL227C	586	0.0057	0.0001	0.0008
YDL226C	352	0.0006	0.0000	0.0002
YDL225W	551	0.0008	0.0000	0.0000
YDL224C	649	0.0047	0.0000	0.0034
YDL223C	1046	0.1069	0.0141	0.0230
YDL222C	309	0.0275	0.0001	0.0182
YDL221W	183	0.0181	0.0001	0.2604
YDL220C	924	0.0054	0.0001	0.0012
YDL219W	150	0.0004	0.0000	0.0000
YDL218W	317	0.0294	0.0004	0.0072
YDL217C	207	0.0016	0.0000	0.0003
YDL216C	440	0.0014	0.0000	0.0000
YDL215C	1092	0.0012	0.0000	0.0006
YDL214C	699	0.0035	0.0000	0.0023
YDL213C	225	0.0002	0.0000	0.0000
YDL212W	210	0.0009	0.0000	0.0001
YDL211C	372	0.4483	0.8106	0.5640
YDL210W	571	0.0022	0.0000	0.0031
YDL209C	339	0.0003	0.0000	0.0000
YDL208W	156	0.0004	0.0000	0.0000
YDL207W	538	0.0007	0.0000	0.0000
YDL206W	762	0.0039	0.0000	0.0075
YDL205C	327	0.0005	0.0000	0.0000
YDL204W-A	50	0.0042	0.0001	0.0069
YDL204W	393	0.0020	0.0000	0.0002
YDL203C	623	0.0028	0.0000	0.0023
YDL202W	249	0.0024	0.0000	0.0000
YDL201W	286	0.0007	0.0000	0.0000
YDL200C	188	0.0008	0.0000	0.0000
YDL199C	687	0.0033	0.0000	0.0006
YDL198C	300	0.0007	0.0000	0.0000
YDL197C	525	0.0011	0.0000	0.0000
YDL196W	109	0.0078	0.0001	0.0714
YDL195W	1273	0.0041	0.0000	0.0091
YDL194W	884	0.0057	0.0001	0.0047
YDL193W	375	0.0028	0.0000	0.0001
YDL192W	181	0.0002	0.0000	0.0000
YDL191W	120	0.0002	0.0000	0.0000
YDL190C	961	0.0005	0.0000	0.0002
YDL189W	457	0.0094	0.0000	0.0015
YDL188C	377	0.0012	0.0000	0.0006
YDL187C	109	0.0057	0.0000	0.0048
YDL186W	277	0.0029	0.0000	0.0001
YDL185C-A	75	0.0013	0.0000	0.0000
YDL185W	1071	0.0016	0.0000	0.0012
YDL184C	25	0.0001	0.0000	0.0000
YDL183C	320	0.0013	0.0000	0.0003
YDL182W	428	0.0004	0.0000	0.0001
YDL181W	85	0.0001	0.0000	0.0000
YDL180W	547	0.0100	0.0001	0.0035
YDL179W	304	0.0024	0.0000	0.0002
YDL178W	530	0.0011	0.0000	0.0001
YDL177C	170	0.0009	0.0000	0.0000
YDL176W	708	0.0050	0.0000	0.0015
YDL175C	344	0.0040	0.0000	0.0168
YDL174C	587	0.0018	0.0000	0.0003
YDL173W	295	0.0004	0.0000	0.0000
YDL172C	159	0.0213	0.0003	0.0006
YDL171C	2145	0.0010	0.0000	0.0026
YDL170W	528	0.0005	0.0000	0.0000
YDL169C	223	0.0018	0.0000	0.0000
YDL168W	386	0.0007	0.0000	0.0084
YDL167C	719	0.0068	0.0000	0.0016
YDL166C	197	0.0005	0.0000	0.0000
YDL165W	191	0.0018	0.0000	0.0001
YDL164C	755	0.0014	0.0000	0.0002
YDL163W	100	0.0007	0.0000	0.0001
YDL162C	118	0.0076	0.0002	0.1563
YDL161W	454	0.0007	0.0000	0.0000
YDL160C-A	80	0.0001	0.0000	0.0000
YDL160C	506	0.0012	0.0000	0.0002
YDL159W-A	43	0.0077	0.0002	0.0006
YDL159W	515	0.0020	0.0000	0.0002
YDL159C-B	58	0.0491	0.0000	0.1205
YDL158C	102	0.0027	0.0000	0.0001
YDL157C	118	0.0004	0.0000	0.0000
YDL156W	522	0.0015	0.0000	0.0001
YDL155W	427	0.0013	0.0000	0.0000
YDL154W	901	0.0006	0.0000	0.0002
YDL153C	610	0.0001	0.0000	0.0000
YDL152W	121	0.0113	0.0001	0.0093
YDL151C	193	0.0102	0.0000	0.0072
YDL150W	422	0.0001	0.0000	0.0000
YDL149W	997	0.0018	0.0000	0.0006
YDL148C	810	0.0001	0.0000	0.0000
YDL147W	445	0.0003	0.0000	0.0000
YDL146W	491	0.0014	0.0000	0.0001
YDL145C	1201	0.0025	0.0000	0.0003
YDL144C	356	0.0012	0.0000	0.0001
YDL143W	528	0.0005	0.0000	0.0000
YDL142C	283	0.0009	0.0000	0.0017
YDL141W	690	0.0090	0.0000	0.0084
YDL140C	1733	0.0020	0.0000	0.0190
YDL139C	223	0.0006	0.0000	0.0000
YDL138W	763	0.0061	0.0005	0.0109
YDL137W	181	0.0004	0.0000	0.0000
YDL136W	120	0.0001	0.0000	0.0000
YDL135C	202	0.0038	0.0003	0.0001
YDL134C	369	0.0015	0.0000	0.0008
YDL133C-A	25	0.0001	0.0000	0.0000
YDL133W	437	0.0033	0.0001	0.0003
YDL132W	815	0.0006	0.0000	0.0000
YDL131W	440	0.0005	0.0000	0.0003
YDL130W-A	86	0.0002	0.0000	0.0000
YDL130W	106	0.0003	0.0000	0.0000
YDL129W	291	0.0011	0.0000	0.0000
YDL128W	411	0.0010	0.0000	0.0001
YDL127W	308	0.0026	0.0001	0.0002
YDL126C	835	0.0002	0.0000	0.0000
YDL125C	158	0.0003	0.0000	0.0000
YDL124W	312	0.0002	0.0000	0.0002
YDL123W	140	0.0340	0.0004	0.7303
YDL122W	809	0.0026	0.0000	0.0001
YDL121C	149	0.0003	0.0000	0.0000
YDL120W	174	0.0016	0.0000	0.0000
YDL119C	307	0.0016	0.0000	0.0012
YDL118W	126	0.0046	0.0000	0.0003
YDL117W	885	0.0048	0.0005	0.0005
YDL116W	726	0.0005	0.0000	0.0000
YDL115C	353	0.0006	0.0000	0.0000
YDL114W-A	37	0.0243	0.0004	0.4655
YDL114W	308	0.0008	0.0000	0.0001
YDL113C	640	0.0010	0.0000	0.0000
YDL112W	1436	0.0008	0.0000	0.0009
YDL111C	265	0.0015	0.0000	0.0002
YDL110C	150	0.0006	0.0000	0.0000
YDL109C	647	0.0031	0.0001	0.0007
YDL108W	306	0.0010	0.0000	0.0000
YDL107W	351	0.0002	0.0000	0.0000
YDL106C	559	0.0035	0.0000	0.0001
YDL105W	402	0.0008	0.0000	0.0000
YDL104C	407	0.0008	0.0000	0.0000
YDL103C	477	0.0010	0.0001	0.0001
YDL102W	1097	0.0017	0.0000	0.0009
YDL101C	513	0.0019	0.0000	0.0002
YDL100C	354	0.0011	0.0000	0.0000
YDL099W	341	0.0009	0.0000	0.0000
YDL098C	194	0.0006	0.0000	0.0000
YDL097C	434	0.0003	0.0000	0.0000
YDL096C	108	0.1147	0.0002	0.5325
YDL095W	817	0.0043	0.0000	0.0011
YDL094C	169	0.0020	0.0000	0.0000
YDL093W	743	0.0036	0.0000	0.0053
YDL092W	146	0.0016	0.0000	0.0001
YDL091C	455	0.0014	0.0000	0.0000
YDL090C	431	0.0017	0.0000	0.0015
YDL089W	484	0.0012	0.0000	0.0000
YDL088C	528	0.0020	0.0000	0.0005
YDL087C	261	0.0006	0.0000	0.0000
YDL086W	273	0.0012	0.0000	0.0024
YDL086C-A	144	0.0095	0.0000	0.0007
YDL085C-A	68	0.0001	0.0000	0.0000
YDL085W	545	0.0007	0.0000	0.0001
YDL084W	446	0.0003	0.0000	0.0000
YDL083C	143	0.0005	0.0000	0.0000
YDL082W	199	0.0003	0.0000	0.0000
YDL081C	106	0.0003	0.0000	0.0000
YDL080C	609	0.0012	0.0000	0.0013
YDL079C	501	0.0015	0.0000	0.0004
YDL078C	343	0.0007	0.0000	0.0000
YDL077C	1049	0.0016	0.0000	0.0002
YDL076C	294	0.0111	0.0006	0.0035
YDL075W	113	0.0003	0.0000	0.0000
YDL074C	700	0.0003	0.0000	0.0000
YDL073W	984	0.0008	0.0000	0.0001
YDL072C	203	0.0005	0.0000	0.0000
YDL071C	124	0.0115	0.0000	0.0010
YDL070W	638	0.0025	0.0000	0.0000
YDL069C	229	0.0010	0.0000	0.0000
YDL068W	109	0.0527	0.0008	0.0176
YDL067C	59	0.0002	0.0000	0.0000
YDL066W	428	0.0011	0.0000	0.0001
YDL065C	342	0.0001	0.0000	0.0000
YDL064W	157	0.0019	0.0005	0.0006
YDL063C	620	0.0007	0.0000	0.0000
YDL062W	141	0.0020	0.0000	0.0000
YDL061C	56	0.0017	0.0000	0.0000
YDL060W	788	0.0013	0.0000	0.0000
YDL059C	238	0.0343	0.0016	0.0029
YDL058W	1790	0.0007	0.0000	0.0000
YDL057W	328	0.0021	0.0000	0.0009
YDL056W	833	0.0014	0.0000	0.0001
YDL055C	361	0.0007	0.0003	0.0014
YDL054C	486	0.0114	0.0002	0.0092
YDL053C	185	0.0009	0.0000	0.0020
YDL052C	303	0.0009	0.0000	0.0002
YDL051W	275	0.0004	0.0000	0.0000
YDL050C	123	0.0020	0.0000	0.0002
YDL049C	268	0.2210	0.4958	0.0431
YDL048C	490	0.0154	0.0006	0.0661
YDL047W	311	0.0010	0.0000	0.0007
YDL046W	173	0.1351	0.0256	0.0217
YDL045W-A	95	0.0025	0.0000	0.0001
YDL045C	306	0.0014	0.0000	0.0004
YDL044C	440	0.0006	0.0000	0.0000
YDL043C	266	0.0007	0.0000	0.0000
YDL042C	562	0.0021	0.0000	0.0011
YDL041W	117	0.0504	0.0001	0.1908
YDL040C	854	0.0002	0.0000	0.0000
YDL039C	698	0.9870	1.0000	0.9953
YDL037C	328	0.9964	1.0000	0.9999
YDL036C	462	0.0025	0.0005	0.0001
YDL035C	961	0.0037	0.0000	0.0002
YDL034W	114	0.0050	0.0001	0.0015
YDL033C	417	0.0023	0.0000	0.0005
YDL032W	103	0.0116	0.0002	0.0012
YDL031W	995	0.0001	0.0000	0.0000
YDL030W	530	0.0005	0.0000	0.0000
YDL029W	391	0.0006	0.0000	0.0000
YDL028C	764	0.0008	0.0000	0.0000
YDL027C	420	0.0023	0.0000	0.0003
YDL026W	103	0.0012	0.0000	0.0017
YDL025C	620	0.0019	0.0000	0.0009
YDL025W-A	34	0.0022	0.0000	0.0000
YDL024C	468	0.0492	0.0024	0.0081
YDL022C-A	82	0.0118	0.0000	0.1564
YDL023C	106	0.0256	0.0038	0.0580
YDL022W	391	0.0028	0.0000	0.0003
YDL021W	311	0.0006	0.0000	0.0000
YDL020C	531	0.0039	0.0000	0.0011
YDL019C	1283	0.0010	0.0000	0.0002
YDL018C	225	0.0050	0.0000	0.0001
YDL017W	507	0.0016	0.0000	0.0002
YDL016C	100	0.0095	0.0000	0.0025
YDL015C	310	0.0013	0.0000	0.0009
YDL014W	327	0.0008	0.0000	0.0000
YDL013W	619	0.0025	0.0000	0.0000
YDL012C	107	0.1003	0.0018	0.6950
YDL011C	107	0.0069	0.0000	0.0010
YDL010W	231	0.0012	0.0000	0.0000
YDL009C	107	0.0055	0.0000	0.0004
YDL008W	165	0.0010	0.0000	0.0009
YDL007C-A	85	0.0041	0.0000	0.0005
YDL007W	437	0.0002	0.0000	0.0000
YDL006W	281	0.0003	0.0000	0.0001
YDL005C	431	0.0022	0.0000	0.0000
YDL004W	160	0.0007	0.0000	0.0000
YDL003W	566	0.0025	0.0000	0.0001
YDL002C	203	0.0001	0.0000	0.0000
YDL001W	430	0.0012	0.0000	0.0000
YDR001C	751	0.0010	0.0000	0.0006
YDR002W	201	0.0018	0.0000	0.0000
YDR003W	210	0.0029	0.0000	0.0001
YDR003W-A	40	0.0017	0.0000	0.0572
YDR004W	460	0.0007	0.0000	0.0001
YDR005C	395	0.0030	0.0000	0.0016
YDR006C	901	0.0026	0.0000	0.0006
YDR007W	224	0.0002	0.0000	0.0004
YDR008C	116	0.0437	0.0538	0.2791
YDR009W	520	0.0010	0.0000	0.0009
YDR010C	110	0.0021	0.0000	0.0001
YDR011W	1501	0.0013	0.0000	0.0038
YDR012W	362	0.0028	0.0000	0.0000
YDR013W	208	0.0010	0.0000	0.0000
YDR014W	647	0.0005	0.0000	0.0000
YDR014W-A	162	0.0011	0.0000	0.0000
YDR015C	79	0.0033	0.0000	0.0010
YDR016C	94	0.0006	0.0000	0.0000
YDR017C	1050	0.0020	0.0000	0.0002
YDR018C	396	0.0009	0.0000	0.0001
YDR019C	400	0.0024	0.0000	0.0001
YDR020C	232	0.0006	0.0000	0.0000
YDR021W	399	0.0002	0.0000	0.0000
YDR022C	196	0.0016	0.0000	0.0000
YDR023W	462	0.0011	0.0000	0.0000
YDR024W	161	0.0079	0.0002	0.0031
YDR025W	156	0.0021	0.0007	0.0008
YDR026C	570	0.0005	0.0000	0.0000
YDR027C	889	0.0007	0.0000	0.0000
YDR028C	1014	0.0017	0.0000	0.0003
YDR029W	104	0.0017	0.0000	0.0003
YDR030C	506	0.0010	0.0000	0.0000
YDR031W	121	0.0091	0.0002	0.0000
YDR032C	198	0.0009	0.0000	0.0042
YDR033W	320	0.0054	0.0000	0.0094
YDR034C	790	0.0011	0.0000	0.0004
YDR034C-D	1770	0.0064	0.0002	0.0114
YDR034C-C	438	0.0103	0.0015	0.0019
YDR034C-A	58	0.0467	0.0070	0.8902
YDR034W-B	51	0.0864	0.0000	0.9296
YDR035W	370	0.0005	0.0000	0.0000
YDR036C	500	0.0007	0.0000	0.0004
YDR037W	591	0.0012	0.0000	0.0000
YDR038C	1091	0.0011	0.0000	0.0007
YDR039C	1091	0.0011	0.0000	0.0007
YDR040C	1091	0.0012	0.0000	0.0008
YDR041W	203	0.0007	0.0000	0.0000
YDR042C	200	0.0039	0.0000	0.0001
YDR043C	231	0.0065	0.0005	0.0013
YDR044W	328	0.0056	0.0002	0.0004
YDR045C	110	0.0129	0.0026	0.2759
YDR046C	604	0.0018	0.0000	0.0004
YDR047W	362	0.0003	0.0000	0.0000
YDR048C	104	0.0016	0.0000	0.0000
YDR049W	632	0.0003	0.0000	0.0000
YDR050C	248	0.0001	0.0000	0.0002
YDR051C	334	0.0016	0.0000	0.0001
YDR052C	704	0.0025	0.0001	0.0001
YDR053W	131	0.0085	0.0000	0.0100
YDR054C	295	0.0021	0.0000	0.0001
YDR055W	444	0.0302	0.0001	0.0065
YDR056C	205	0.0082	0.0000	0.0002
YDR057W	542	0.0132	0.0000	0.0001
YDR058C	326	0.0014	0.0000	0.0009
YDR059C	148	0.0049	0.0029	0.0407
YDR060W	1025	0.0002	0.0000	0.0000
YDR061W	539	0.0005	0.0000	0.0000
YDR062W	561	0.0018	0.0000	0.0014
YDR063W	149	0.0027	0.0000	0.0001
YDR064W	151	0.0004	0.0000	0.0000
YDR065W	365	0.0004	0.0000	0.0000
YDR066C	196	0.0109	0.0002	0.0006
YDR067C	224	0.0014	0.0000	0.0006
YDR068W	310	0.0003	0.0000	0.0000
YDR069C	926	0.0033	0.0001	0.0016
YDR070C	93	0.0005	0.0000	0.0000
YDR071C	191	0.0016	0.0001	0.0000
YDR072C	527	0.0055	0.0000	0.0010
YDR073W	169	0.0098	0.0000	0.0000
YDR074W	896	0.0007	0.0000	0.0002
YDR075W	308	0.0005	0.0000	0.0004
YDR076W	406	0.0006	0.0000	0.0000
YDR077W	338	0.9989	1.0000	1.0000
YDR078C	223	0.0009	0.0000	0.0000
YDR079W	111	0.0001	0.0000	0.0000
YDR079C-A	72	0.0004	0.0000	0.0000
YDR080W	992	0.0010	0.0000	0.0004
YDR081C	925	0.0017	0.0000	0.0002
YDR082W	494	0.0021	0.0000	0.0002
YDR083W	392	0.0005	0.0000	0.0000
YDR084C	199	0.0030	0.0000	0.0019
YDR085C	620	0.0034	0.0001	0.0002
YDR086C	80	0.0004	0.0000	0.0000
YDR087C	278	0.0003	0.0000	0.0000
YDR088C	382	0.0002	0.0000	0.0000
YDR089W	869	0.0016	0.0000	0.0002
YDR090C	310	0.0028	0.0000	0.0003
YDR091C	608	0.0004	0.0000	0.0002
YDR092W	153	0.0014	0.0001	0.0001
YDR093W	1612	0.0014	0.0000	0.0018
YDR094W	111	0.0060	0.0001	0.0029
YDR095C	136	0.0075	0.0000	0.0029
YDR096W	894	0.0045	0.0000	0.0026
YDR097C	1242	0.0015	0.0000	0.0001
YDR098C	250	0.0018	0.0000	0.0001
YDR098C-B	1755	0.0123	0.0007	0.0215
YDR098C-A	440	0.0272	0.0073	0.0243
YDR099W	273	0.0014	0.0000	0.0000
YDR100W	143	0.0018	0.0000	0.0025
YDR101C	593	0.0066	0.0000	0.0021
YDR102C	110	0.0033	0.0000	0.0001
YDR103W	917	0.0062	0.0000	0.0036
YDR104C	1245	0.0020	0.0001	0.0005
YDR105C	473	0.0149	0.0000	0.0246
YDR106W	284	0.0012	0.0000	0.0004
YDR107C	672	0.0124	0.0006	0.0078
YDR108W	698	0.0006	0.0000	0.0000
YDR109C	715	0.0007	0.0000	0.0003
YDR110W	566	0.0017	0.0001	0.0002
YDR111C	507	0.0010	0.0000	0.0006
YDR112W	102	0.0347	0.0003	0.6828
YDR113C	373	0.0009	0.0000	0.0000
YDR114C	100	0.0046	0.0000	0.0006
YDR115W	105	0.0004	0.0000	0.0000
YDR116C	285	0.0014	0.0000	0.0002
YDR117C	565	0.0017	0.0000	0.0002
YDR118W	652	0.0022	0.0002	0.0004
YDR118W-A	38	0.0005	0.0000	0.0000
YDR119W	768	0.0062	0.0004	0.0013
YDR119W-A	66	0.0010	0.0000	0.0000
YDR120C	570	0.0013	0.0000	0.0003
YDR121W	196	0.0003	0.0000	0.0000
YDR122W	1064	0.0012	0.0000	0.0001
YDR123C	304	0.0010	0.0000	0.0001
YDR124W	324	0.0020	0.0001	0.0000
YDR125C	453	0.0006	0.0000	0.0000
YDR126W	336	0.0154	0.0004	0.0400
YDR127W	1588	0.0007	0.0000	0.0052
YDR128W	1148	0.0026	0.0000	0.0047
YDR129C	642	0.0011	0.0000	0.0000
YDR130C	291	0.0004	0.0000	0.0000
YDR131C	556	0.0022	0.0001	0.0005
YDR132C	495	0.0037	0.0001	0.0014
YDR133C	111	0.0641	0.0613	0.0009
YDR134C	135	0.8964	0.9998	0.9721
YDR135C	1515	0.0007	0.0000	0.0005
YDR136C	190	0.0013	0.0000	0.0000
YDR137W	663	0.0080	0.0001	0.0003
YDR138W	752	0.0010	0.0000	0.0000
YDR139C	77	0.0004	0.0000	0.0000
YDR140W	221	0.0009	0.0004	0.0003
YDR141C	1698	0.0003	0.0000	0.0008
YDR142C	375	0.0025	0.0000	0.0002
YDR143C	610	0.0057	0.0000	0.0060
YDR144C	596	0.1061	0.0129	0.2742
YDR145W	539	0.0010	0.0000	0.0000
YDR146C	709	0.0033	0.0000	0.0005
YDR147W	534	0.0015	0.0000	0.0003
YDR148C	463	0.0021	0.0000	0.0001
YDR149C	235	0.0110	0.0000	0.0005
YDR150W	2748	0.0151	0.0012	0.0013
YDR151C	325	0.0094	0.0041	0.0646
YDR152W	265	0.0007	0.0000	0.0000
YDR153C	411	0.0003	0.0000	0.0000
YDR154C	116	0.1110	0.0085	0.3562
YDR155C	162	0.0045	0.0002	0.0065
YDR156W	137	0.0018	0.0000	0.0005
YDR157W	133	0.0185	0.0001	0.1572
YDR158W	365	0.0021	0.0000	0.0005
YDR159W	1301	0.0015	0.0000	0.0003
YDR160W	852	0.0023	0.0000	0.0017
YDR161W	387	0.0005	0.0000	0.0000
YDR162C	236	0.0054	0.0001	0.0003
YDR163W	175	0.0004	0.0000	0.0000
YDR164C	724	0.0015	0.0000	0.0001
YDR165W	444	0.0038	0.0000	0.0003
YDR166C	971	0.0015	0.0000	0.0002
YDR167W	206	0.0008	0.0000	0.0000
YDR168W	506	0.0002	0.0000	0.0000
YDR169C	513	0.0014	0.0000	0.0002
YDR169C-A	49	0.0003	0.0000	0.0000
YDR170C	2009	0.0010	0.0000	0.0007
YDR170W-A	440	0.0130	0.0021	0.0044
YDR171W	375	0.0045	0.0000	0.0024
YDR172W	685	0.0051	0.0000	0.0002
YDR173C	355	0.0006	0.0000	0.0000
YDR174W	246	0.0006	0.0000	0.0000
YDR175C	319	0.0006	0.0000	0.0000
YDR176W	702	0.0006	0.0000	0.0000
YDR177W	215	0.0008	0.0000	0.0000
YDR178W	181	0.0018	0.0000	0.0005
YDR179C	162	0.0006	0.0000	0.0000
YDR179W-A	463	0.0017	0.0000	0.0005
YDR180W	1493	0.0007	0.0000	0.0003
YDR181C	481	0.0025	0.0000	0.0000
YDR182W	491	0.0030	0.0000	0.0007
YDR182W-A	67	0.0067	0.0000	0.2167
YDR183W	230	0.0007	0.0000	0.0000
YDR183C-A	85	0.0268	0.0011	0.9070
YDR184C	294	0.0005	0.0000	0.0000
YDR185C	179	0.0007	0.0000	0.0001
YDR186C	877	0.0010	0.0000	0.0003
YDR187C	172	0.1436	0.0008	0.6116
YDR188W	546	0.0005	0.0000	0.0000
YDR189W	666	0.0017	0.0000	0.0005
YDR190C	463	0.0004	0.0000	0.0001
YDR191W	370	0.0013	0.0000	0.0002
YDR192C	430	0.0072	0.0000	0.2095
YDR193W	132	0.0156	0.0001	0.0001
YDR194C	664	0.0003	0.0000	0.0000
YDR194W-A	50	0.0035	0.0001	0.0006
YDR195W	533	0.0011	0.0000	0.0000
YDR196C	241	0.0001	0.0000	0.0000
YDR197W	389	0.0007	0.0000	0.0000
YDR198C	479	0.0014	0.0000	0.0015
YDR199W	121	0.1355	0.0075	0.8458
YDR200C	604	0.0031	0.0000	0.0000
YDR201W	165	0.0001	0.0000	0.0000
YDR202C	351	0.0013	0.0000	0.0000
YDR203W	105	0.0100	0.0001	0.0029
YDR204W	335	0.0007	0.0000	0.0000
YDR205W	724	0.0027	0.0000	0.0013
YDR206W	884	0.0011	0.0000	0.0001
YDR207C	836	0.0036	0.0000	0.0050
YDR208W	779	0.0043	0.0001	0.0005
YDR209C	137	0.0112	0.0001	0.0006
YDR210W	75	0.2313	0.1745	0.9918
YDR210W-A	438	0.0109	0.0015	0.0020
YDR210W-B	1770	0.0072	0.0002	0.0120
YDR210C-D	1755	0.0123	0.0006	0.0226
YDR210C-C	440	0.0255	0.0065	0.0189
YDR211W	712	0.0008	0.0000	0.0004
YDR212W	559	0.0004	0.0000	0.0000
YDR213W	913	0.0014	0.0000	0.0001
YDR214W	350	0.0023	0.0002	0.0005
YDR215C	137	0.0032	0.0000	0.0000
YDR216W	1323	0.0022	0.0000	0.0007
YDR217C	1309	0.0054	0.0001	0.0004
YDR218C	423	0.0011	0.0000	0.0002
YDR219C	465	0.0020	0.0000	0.0000
YDR220C	97	0.0123	0.0002	0.5453
YDR221W	702	0.0108	0.0000	0.0003
YDR222W	415	0.0136	0.0026	0.0028
YDR223W	467	0.0065	0.0001	0.0049
YDR224C	131	0.0016	0.0000	0.0001
YDR225W	132	0.0003	0.0000	0.0000
YDR226W	222	0.0002	0.0000	0.0000
YDR227W	1358	0.0041	0.0003	0.0007
YDR228C	626	0.0013	0.0000	0.0001
YDR229W	453	0.0011	0.0000	0.0001
YDR230W	115	0.0189	0.0007	0.0559
YDR231C	205	0.0003	0.0000	0.0000
YDR232W	548	0.0009	0.0000	0.0002
YDR233C	295	0.0022	0.0000	0.0013
YDR234W	693	0.0020	0.0000	0.0006
YDR235W	544	0.0009	0.0000	0.0003
YDR236C	218	0.0153	0.0001	0.0060
YDR237W	292	0.0019	0.0000	0.0001
YDR238C	973	0.0012	0.0000	0.0000
YDR239C	787	0.0026	0.0000	0.0006
YDR240C	492	0.0023	0.0000	0.0002
YDR241W	95	0.0022	0.0000	0.0000
YDR242W	549	0.0009	0.0000	0.0028
YDR243C	588	0.0002	0.0000	0.0000
YDR244W	612	0.0006	0.0000	0.0000
YDR245W	393	0.0019	0.0002	0.0000
YDR246W	219	0.0021	0.0000	0.0002
YDR246W-A	66	0.0056	0.0001	0.0006
YDR247W	461	0.0018	0.0000	0.0028
YDR248C	193	0.0004	0.0000	0.0000
YDR249C	373	0.0017	0.0000	0.0002
YDR250C	91	0.0033	0.0000	0.0039
YDR251W	830	0.0017	0.0000	0.0002
YDR252W	149	0.0010	0.0000	0.0000
YDR253C	191	0.0009	0.0000	0.0000
YDR254W	458	0.0010	0.0000	0.0001
YDR255C	421	0.0013	0.0000	0.0001
YDR256C	515	0.0087	0.0001	0.0014
YDR257C	494	0.0015	0.0000	0.0000
YDR258C	811	0.0002	0.0000	0.0000
YDR259C	383	0.0021	0.0002	0.0000
YDR260C	170	0.0008	0.0000	0.0000
YDR261C	562	0.0129	0.0000	0.0091
YDR261W-A	438	0.0099	0.0012	0.0013
YDR261W-B	1770	0.0063	0.0001	0.0116
YDR261C-D	1604	0.0124	0.0007	0.0161
YDR261C-C	440	0.0274	0.0092	0.0232
YDR262W	272	0.0043	0.0000	0.0001
YDR263C	430	0.0002	0.0000	0.0000
YDR264C	764	0.0044	0.0000	0.0012
YDR265W	337	0.0005	0.0000	0.0001
YDR266C	639	0.0026	0.0000	0.0023
YDR267C	330	0.0037	0.0000	0.0002
YDR268W	379	0.0004	0.0000	0.0000
YDR269C	107	0.0912	0.0031	0.4282
YDR270W	1004	0.0022	0.0000	0.0084
YDR271C	123	0.0051	0.0000	0.0031
YDR272W	274	0.0005	0.0000	0.0003
YDR273W	365	0.0009	0.0000	0.0001
YDR274C	123	0.0056	0.0000	0.0049
YDR275W	235	0.0016	0.0000	0.0000
YDR276C	55	0.0017	0.0000	0.0001
YDR277C	433	0.0026	0.0000	0.0000
YDR278C	105	0.0095	0.0000	0.0019
YDR279W	350	0.0040	0.0000	0.0019
YDR280W	305	0.0016	0.0000	0.0001
YDR281C	104	0.0025	0.0000	0.0000
YDR282C	414	0.0016	0.0000	0.0001
YDR283C	1659	0.0016	0.0000	0.0002
YDR284C	289	0.0022	0.0000	0.0003
YDR285W	875	0.0005	0.0000	0.0000
YDR286C	114	0.0006	0.0000	0.0000
YDR287W	292	0.0022	0.0000	0.0008
YDR288W	303	0.0005	0.0000	0.0000
YDR289C	409	0.0006	0.0000	0.0000
YDR290W	109	0.0037	0.0000	0.0028
YDR291W	1077	0.0009	0.0000	0.0002
YDR292C	621	0.0004	0.0000	0.0001
YDR293C	1250	0.0018	0.0000	0.0004
YDR294C	589	0.0016	0.0000	0.0007
YDR295C	674	0.0011	0.0000	0.0000
YDR296W	226	0.0011	0.0000	0.0000
YDR297W	349	0.0011	0.0000	0.0000
YDR298C	212	0.0002	0.0000	0.0000
YDR299W	534	0.0003	0.0000	0.0000
YDR300C	428	0.0009	0.0000	0.0000
YDR301W	1357	0.0046	0.0001	0.0013
YDR302W	219	0.0052	0.0001	0.0595
YDR303C	885	0.0010	0.0000	0.0001
YDR304C	225	0.0070	0.0001	0.0001
YDR305C	217	0.0003	0.0000	0.0001
YDR306C	478	0.0023	0.0001	0.0024
YDR307W	662	0.0048	0.0001	0.0042
YDR308C	140	0.0002	0.0000	0.0000
YDR309C	383	0.0016	0.0000	0.0003
YDR310C	1062	0.0022	0.0000	0.0001
YDR311W	642	0.0007	0.0000	0.0000
YDR312W	453	0.0004	0.0000	0.0000
YDR313C	286	0.0026	0.0000	0.0017
YDR314C	692	0.0008	0.0000	0.0000
YDR315C	281	0.0054	0.0004	0.0010
YDR316W	471	0.0003	0.0000	0.0000
YDR316W-A	440	0.0311	0.0082	0.0225
YDR316W-B	1755	0.0121	0.0006	0.0225
YDR317W	414	0.0030	0.0003	0.0022
YDR318W	368	0.0007	0.0000	0.0000
YDR319C	274	0.0086	0.0001	0.0015
YDR320C	668	0.0009	0.0000	0.0002
YDR320C-A	72	0.0004	0.0000	0.0000
YDR320W-B	45	0.0015	0.0000	0.0000
YDR321W	381	0.0017	0.0000	0.0149
YDR322W	367	0.0026	0.0000	0.0000
YDR322C-A	96	0.0005	0.0000	0.0000
YDR323C	515	0.0009	0.0000	0.0000
YDR324C	776	0.0021	0.0000	0.0002
YDR325W	1035	0.0005	0.0000	0.0000
YDR326C	1438	0.0025	0.0000	0.0028
YDR327W	108	0.0022	0.0000	0.0004
YDR328C	194	0.0005	0.0000	0.0000
YDR329C	441	0.0017	0.0000	0.0000
YDR330W	500	0.0023	0.0000	0.0001
YDR331W	411	0.0038	0.0000	0.0002
YDR332W	689	0.0004	0.0000	0.0000
YDR333C	723	0.0004	0.0000	0.0000
YDR334W	1514	0.0007	0.0000	0.0001
YDR335W	1224	0.0007	0.0000	0.0001
YDR336W	314	0.0005	0.0000	0.0001
YDR337W	286	0.0002	0.0000	0.0000
YDR338C	695	0.0006	0.0000	0.0007
YDR339C	189	0.0003	0.0000	0.0000
YDR340W	100	0.0023	0.0000	0.0001
YDR341C	607	0.0004	0.0000	0.0000
YDR342C	570	0.0033	0.0005	0.0031
YDR343C	570	0.0032	0.0004	0.0027
YDR344C	147	0.0079	0.0001	0.0084
YDR345C	567	0.0032	0.0001	0.0052
YDR346C	481	0.0128	0.0001	0.0003
YDR347W	321	0.0008	0.0000	0.0000
YDR348C	499	0.0008	0.0000	0.0006
YDR349C	596	0.1356	0.0271	0.1567
YDR350C	684	0.0007	0.0000	0.0002
YDR351W	864	0.0027	0.0000	0.0002
YDR352W	317	0.0068	0.0000	0.0178
YDR353W	319	0.0007	0.0000	0.0003
YDR354W	380	0.0019	0.0000	0.0009
YDR354C-A	47	0.0039	0.0001	0.0004
YDR355C	100	0.0216	0.0000	0.0286
YDR356W	944	0.0004	0.0000	0.0000
YDR357C	122	0.0003	0.0000	0.0000
YDR358W	557	0.0011	0.0000	0.0000
YDR359C	982	0.0011	0.0000	0.0000
YDR360W	144	0.0027	0.0000	0.0000
YDR361C	283	0.0010	0.0000	0.0000
YDR362C	672	0.0039	0.0000	0.0025
YDR363W	456	0.0014	0.0000	0.0000
YDR363W-A	89	0.0004	0.0000	0.0000
YDR364C	455	0.0044	0.0001	0.0022
YDR365C	628	0.0001	0.0000	0.0000
YDR365W-A	440	0.0262	0.0075	0.0218
YDR365W-B	1755	0.0124	0.0006	0.0195
YDR366C	132	0.0069	0.0002	0.0022
YDR367W	221	0.0033	0.0000	0.0025
YDR368W	312	0.0003	0.0000	0.0001
YDR369C	854	0.0030	0.0001	0.0001
YDR370C	442	0.0026	0.0000	0.0003
YDR371W	511	0.0019	0.0000	0.0002
YDR371C-A	34	0.0011	0.0000	0.0000
YDR372C	345	0.0003	0.0000	0.0000
YDR373W	190	0.0014	0.0000	0.0000
YDR374C	306	0.0032	0.0001	0.0000
YDR374W-A	89	0.0003	0.0000	0.0000
YDR375C	456	0.0004	0.0000	0.0001
YDR376W	493	0.0005	0.0000	0.0001
YDR377W	101	0.0006	0.0000	0.0000
YDR378C	86	0.0030	0.0006	0.0000
YDR379W	1009	0.0016	0.0000	0.0006
YDR379C-A	79	0.0007	0.0000	0.0000
YDR380W	635	0.0011	0.0000	0.0012
YDR381W	226	0.0001	0.0000	0.0000
YDR381C-A	114	0.0004	0.0000	0.0000
YDR382W	110	0.0004	0.0000	0.0000
YDR383C	238	0.0002	0.0000	0.0000
YDR384C	275	0.0158	0.0000	0.0331
YDR385W	842	0.0011	0.0000	0.0001
YDR386W	632	0.0007	0.0000	0.0001
YDR387C	555	0.0037	0.0003	0.0027
YDR388W	482	0.0160	0.0007	0.0019
YDR389W	654	0.0014	0.0000	0.0002
YDR390C	636	0.0016	0.0000	0.0004
YDR391C	232	0.0028	0.0000	0.0012
YDR392W	337	0.0003	0.0000	0.0000
YDR393W	456	0.0008	0.0000	0.0000
YDR394W	428	0.0001	0.0000	0.0000
YDR395W	944	0.0008	0.0000	0.0001
YDR396W	166	0.0133	0.0000	0.0004
YDR397C	146	0.0002	0.0000	0.0000
YDR398W	643	0.0022	0.0000	0.0002
YDR399W	221	0.0008	0.0000	0.0000
YDR400W	340	0.0010	0.0000	0.0012
YDR401W	187	0.0092	0.0001	0.0017
YDR402C	489	0.0031	0.0000	0.0001
YDR403W	536	0.0026	0.0000	0.0008
YDR404C	171	0.0012	0.0001	0.0029
YDR405W	263	0.0012	0.0000	0.0000
YDR406W	1529	0.0023	0.0000	0.0067
YDR406W-A	81	0.0059	0.0000	0.0010
YDR407C	1289	0.0085	0.0009	0.0038
YDR408C	214	0.0007	0.0000	0.0000
YDR409W	904	0.0108	0.0001	0.0067
YDR410C	239	0.0015	0.0000	0.0006
YDR411C	341	0.0081	0.0000	0.0446
YDR412W	235	0.0002	0.0000	0.0000
YDR413C	191	0.1210	0.0001	0.0709
YDR414C	362	0.0039	0.0000	0.0001
YDR415C	374	0.0027	0.0000	0.0010
YDR416W	859	0.0008	0.0000	0.0001
YDR417C	123	0.0040	0.0000	0.0550
YDR418W	165	0.0004	0.0000	0.0000
YDR419W	632	0.0011	0.0000	0.0003
YDR420W	1802	0.9977	1.0000	0.9941
YDR421W	950	0.0007	0.0000	0.0002
YDR422C	815	0.0028	0.0000	0.0003
YDR423C	409	0.0012	0.0000	0.0001
YDR424C	92	0.0010	0.0000	0.0010
YDR425W	625	0.0066	0.0003	0.0002
YDR426C	125	0.0045	0.0000	0.0004
YDR427W	393	0.0003	0.0000	0.0000
YDR428C	261	0.0017	0.0001	0.0002
YDR429C	274	0.0009	0.0000	0.0000
YDR430C	989	0.0009	0.0000	0.0008
YDR431W	103	0.0084	0.0001	0.0218
YDR432W	414	0.0449	0.0012	0.0067
YDR433W	146	0.1620	0.8538	0.0000
YDR434W	534	0.0149	0.0001	0.0006
YDR435C	328	0.0006	0.0000	0.0000
YDR436W	710	0.0010	0.0000	0.0011
YDR437W	140	0.0106	0.0000	0.0033
YDR438W	370	0.0007	0.0000	0.0025
YDR439W	347	0.0003	0.0000	0.0000
YDR440W	582	0.0017	0.0001	0.0007
YDR441C	181	0.0009	0.0000	0.0001
YDR442W	130	0.0082	0.0000	0.0079
YDR443C	1420	0.0053	0.0001	0.0014
YDR444W	687	0.0040	0.0002	0.0002
YDR445C	135	0.0094	0.0000	0.0067
YDR446W	302	0.0016	0.0002	0.0002
YDR447C	136	0.0004	0.0000	0.0000
YDR448W	434	0.0010	0.0000	0.0000
YDR449C	440	0.0003	0.0000	0.0000
YDR450W	146	0.0005	0.0000	0.0000
YDR451C	353	0.0032	0.0000	0.0008
YDR452W	674	0.0019	0.0000	0.0000
YDR453C	196	0.0013	0.0000	0.0003
YDR454C	187	0.0002	0.0000	0.0001
YDR455C	102	0.0037	0.0000	0.0020
YDR456W	633	0.0027	0.0000	0.0026
YDR457W	3268	0.0009	0.0000	0.0078
YDR458C	663	0.0030	0.0002	0.0000
YDR459C	374	0.0067	0.0005	0.0047
YDR460W	321	0.0005	0.0000	0.0000
YDR461W	36	0.0032	0.0001	0.0051
YDR461C-A	80	0.0071	0.0008	0.0085
YDR462W	147	0.0003	0.0000	0.0000
YDR463W	519	0.0068	0.0006	0.0040
YDR464W	1435	0.0015	0.0000	0.0000
YDR464C-A	62	0.0027	0.0000	0.0031
YDR465C	412	0.0013	0.0000	0.0002
YDR466W	898	0.0037	0.0001	0.0019
YDR467C	108	0.0032	0.0000	0.0006
YDR468C	224	0.0002	0.0000	0.0000
YDR469W	175	0.0014	0.0001	0.0000
YDR470C	502	0.0018	0.0000	0.0000
YDR471W	136	0.0003	0.0000	0.0000
YDR472W	283	0.0030	0.0000	0.0002
YDR473C	469	0.0008	0.0000	0.0000
YDR475C	876	0.0011	0.0000	0.0001
YDR476C	224	0.0052	0.0001	0.0014
YDR477W	633	0.0009	0.0000	0.0000
YDR478W	198	0.0007	0.0000	0.0001
YDR479C	554	0.0045	0.0001	0.0002
YDR480W	323	0.0038	0.0002	0.0006
YDR481C	566	0.0022	0.0000	0.0003
YDR482C	135	0.0001	0.0000	0.0000
YDR483W	442	0.0039	0.0001	0.0009
YDR484W	641	0.0011	0.0000	0.0001
YDR485C	795	0.0021	0.0000	0.0000
YDR486C	229	0.0003	0.0000	0.0000
YDR487C	208	0.0010	0.0000	0.0000
YDR488C	533	0.0019	0.0000	0.0000
YDR489W	294	0.0017	0.0000	0.0000
YDR490C	766	0.0010	0.0000	0.0001
YDR491C	163	0.0017	0.0000	0.0000
YDR492W	316	0.0045	0.0001	0.0235
YDR493W	123	0.0011	0.0000	0.0000
YDR494W	361	0.0006	0.0000	0.0000
YDR495C	1011	0.0012	0.0000	0.0001
YDR496C	656	0.0001	0.0000	0.0000
YDR497C	584	0.0031	0.0006	0.0034
YDR498C	383	0.0011	0.0000	0.0000
YDR499W	747	0.0007	0.0000	0.0000
YDR500C	88	0.0028	0.0000	0.0003
YDR501W	521	0.0063	0.0006	0.0039
YDR502C	384	0.0014	0.0000	0.0006
YDR503C	274	0.0023	0.0000	0.0004
YDR504C	127	0.0236	0.0003	0.4329
YDR505C	841	0.0012	0.0000	0.0001
YDR506C	608	0.0263	0.0234	0.0006
YDR507C	1142	0.0010	0.0000	0.0000
YDR508C	663	0.0014	0.0000	0.0004
YDR509W	115	0.0021	0.0000	0.0000
YDR510W	101	0.0060	0.0004	0.0000
YDR510C-A	38	0.0013	0.0000	0.0007
YDR511W	133	0.0005	0.0000	0.0000
YDR512C	187	0.0162	0.0005	0.0013
YDR513W	143	0.0006	0.0000	0.0001
YDR514C	483	0.0003	0.0000	0.0000
YDR515W	447	0.0032	0.0000	0.0001
YDR516C	500	0.0007	0.0000	0.0004
YDR517W	372	0.0064	0.0001	0.0062
YDR518W	517	0.0053	0.0000	0.0009
YDR519W	135	0.0194	0.0062	0.0008
YDR520C	772	0.0008	0.0000	0.0002
YDR521W	111	0.0020	0.0000	0.0000
YDR522C	502	0.0042	0.0000	0.0000
YDR523C	490	0.0017	0.0000	0.0003
YDR524C	482	0.0025	0.0000	0.0002
YDR524W-C	29	0.0013	0.0000	0.0014
YDR524C-B	66	0.0177	0.0000	0.0006
YDR524C-A	39	0.0026	0.0000	0.0076
YDR525W	109	0.0028	0.0000	0.0000
YDR525W-A	79	0.0011	0.0000	0.0001
YDR526C	156	0.0382	0.0000	0.0389
YDR527W	439	0.0004	0.0000	0.0000
YDR528W	423	0.0081	0.0001	0.0014
YDR529C	127	0.0003	0.0000	0.0000
YDR530C	325	0.0036	0.0000	0.0006
YDR531W	367	0.0003	0.0000	0.0004
YDR532C	385	0.0004	0.0000	0.0000
YDR533C	237	0.0007	0.0000	0.0024
YDR534C	528	0.9963	1.0000	0.9128
YDR535C	166	0.0063	0.0000	0.0014
YDR536W	569	0.0026	0.0000	0.0008
YDR537C	201	0.0024	0.0000	0.0006
YDR538W	242	0.0019	0.0000	0.0006
YDR539W	503	0.0056	0.0000	0.0018
YDR540C	179	0.0005	0.0000	0.0000
YDR541C	344	0.0012	0.0000	0.0002
YDR542W	120	0.0292	0.0000	0.0029
YDR543C	99	0.0411	0.0021	0.7550
YDR544C	142	0.6435	0.3545	0.9985
YDR545W	1796	0.0011	0.0000	0.0036
YDR545C-A	159	0.0061	0.0001	0.0005
YEL077C	1277	0.0127	0.0002	0.0032
YEL077W-A	160	0.0053	0.0001	0.0002
YEL076C-A	216	0.0054	0.0000	0.0003
YEL076C	216	0.0020	0.0000	0.0001
YEL075W-A	203	0.0110	0.0001	0.0016
YEL075C	122	0.0009	0.0000	0.0000
YEL074W	112	0.0217	0.0031	0.0636
YEL073C	107	0.0534	0.0327	0.0030
YEL072W	231	0.0021	0.0002	0.0004
YEL071W	496	0.0011	0.0000	0.0001
YEL070W	502	0.0016	0.0000	0.0003
YEL069C	564	0.0040	0.0006	0.0035
YEL068C	110	0.0260	0.0001	0.0066
YEL067C	195	0.0317	0.0006	0.2327
YEL066W	161	0.0020	0.0000	0.0001
YEL065W	628	0.0102	0.0018	0.0023
YEL064C	480	0.0038	0.0000	0.0004
YEL063C	590	0.0020	0.0000	0.0018
YEL062W	615	0.0092	0.0006	0.0146
YEL061C	1000	0.0004	0.0000	0.0000
YEL060C	635	0.0024	0.0000	0.0001
YEL059C-A	74	0.0117	0.0003	0.1310
YEL059W	102	0.0114	0.0001	0.1024
YEL058W	557	0.0015	0.0000	0.0014
YEL057C	233	0.0015	0.0000	0.0000
YEL056W	401	0.0025	0.0000	0.0001
YEL055C	1022	0.0002	0.0000	0.0000
YEL054C	165	0.0004	0.0000	0.0000
YEL053W-A	115	0.0035	0.0000	0.0694
YEL053C	733	0.0017	0.0000	0.0005
YEL052W	509	0.0010	0.0000	0.0026
YEL051W	256	0.0002	0.0000	0.0000
YEL050W-A	63	0.0146	0.0001	0.0616
YEL050C	393	0.0029	0.0000	0.0001
YEL049W	120	0.0213	0.0000	0.0059
YEL048C	152	0.0005	0.0000	0.0000
YEL047C	470	0.0011	0.0000	0.0001
YEL046C	387	0.0009	0.0000	0.0001
YEL045C	141	0.0357	0.0001	0.2656
YEL044W	166	0.0010	0.0000	0.0000
YEL043W	956	0.0036	0.0000	0.0007
YEL042W	518	0.0053	0.0000	0.0073
YEL041W	495	0.0013	0.0000	0.0006
YEL040W	467	0.6340	0.5490	0.7782
YEL039C	113	0.0012	0.0000	0.0002
YEL038W	227	0.0013	0.0000	0.0021
YEL037C	398	0.0045	0.0000	0.0001
YEL036C	500	0.0019	0.0000	0.0000
YEL035C	166	0.0036	0.0000	0.0013
YEL034C-A	200	0.0044	0.0000	0.0002
YEL034W	157	0.0011	0.0000	0.0000
YEL033W	139	0.0018	0.0000	0.0004
YEL032W	971	0.0008	0.0000	0.0001
YEL032C-A	53	0.0041	0.0000	0.0000
YEL031W	1215	0.0015	0.0000	0.0005
YEL030C-A	104	0.0056	0.0000	0.0002
YEL030W	644	0.0005	0.0000	0.0000
YEL029C	312	0.0005	0.0000	0.0004
YEL028W	153	0.0336	0.0015	0.0068
YEL027W	160	0.0121	0.0000	0.0142
YEL026W	126	0.0008	0.0000	0.0000
YEL025C	1188	0.0144	0.0034	0.0099
YEL024W	215	0.0043	0.0000	0.0002
YEL023C	682	0.0008	0.0000	0.0003
YEL022W	1459	0.0010	0.0000	0.0005
YEL021W	267	0.0003	0.0000	0.0001
YEL020C-B	65	0.0154	0.0001	0.1289
YEL020W-A	87	0.0003	0.0000	0.0000
YEL020C	560	0.0011	0.0000	0.0005
YEL019C	267	0.0022	0.0000	0.0042
YEL018C-A	177	0.2955	0.0026	0.6380
YEL018W	279	0.0003	0.0000	0.0000
YEL017C-A	43	0.0016	0.0000	0.0000
YEL017W	337	0.0037	0.0000	0.0021
YEL016C	493	0.0020	0.0000	0.0000
YEL015W	551	0.0006	0.0000	0.0000
YEL014C	101	0.0144	0.0003	0.0018
YEL013W	578	0.0008	0.0000	0.0000
YEL012W	218	0.0013	0.0000	0.0001
YEL011W	704	0.0020	0.0001	0.0002
YEL010W	116	0.0033	0.0000	0.0014
YEL009C-A	135	0.0006	0.0000	0.0000
YEL009C	281	0.0008	0.0000	0.0001
YEL008W	126	0.0020	0.0000	0.0000
YEL008C-A	30	0.0059	0.0000	0.0003
YEL007W	666	0.1605	0.0245	0.0908
YEL006W	335	0.0006	0.0000	0.0017
YEL005C	282	0.0024	0.0000	0.0001
YEL004W	342	0.0006	0.0000	0.0110
YEL003W	111	0.0003	0.0000	0.0000
YEL002C	430	0.0052	0.0000	0.0038
YEL001C	225	0.0255	0.0042	0.0089
YER001W	762	0.0020	0.0000	0.0004
YER002W	231	0.0003	0.0000	0.0000
YER003C	429	0.0016	0.0000	0.0000
YER004W	231	0.0005	0.0000	0.0000
YER005W	630	0.0008	0.0000	0.0001
YER006W	520	0.0002	0.0000	0.0000
YER006C-A	105	0.0036	0.0001	0.0001
YER007W	518	0.0014	0.0001	0.0001
YER007C-A	181	0.0013	0.0000	0.0000
YER008C	1336	0.0011	0.0000	0.0000
YER009W	125	0.0051	0.0057	0.0001
YER010C	234	0.0089	0.0010	0.0150
YER011W	254	0.1973	0.0271	0.0004
YER012W	198	0.0010	0.0000	0.0000
YER013W	1145	0.0007	0.0000	0.0001
YER014W	539	0.0008	0.0000	0.0002
YER014C-A	153	0.0057	0.0003	0.0489
YER015W	744	0.0024	0.0000	0.0014
YER016W	344	0.0010	0.0000	0.0003
YER017C	761	0.0004	0.0000	0.0000
YER018C	221	0.0004	0.0000	0.0000
YER019W	477	0.0005	0.0000	0.0003
YER019C-A	88	0.0012	0.0000	0.0001
YER020W	449	0.0014	0.0000	0.0001
YER021W	523	0.0004	0.0000	0.0000
YER022W	687	0.0009	0.0000	0.0000
YER023W	286	0.0004	0.0000	0.0010
YER023C-A	70	0.0071	0.0000	0.0185
YER024W	923	0.0020	0.0000	0.0008
YER025W	527	0.0017	0.0000	0.0001
YER026C	276	0.0006	0.0000	0.0001
YER027C	417	0.0066	0.0000	0.0002
YER028C	394	0.0092	0.0003	0.0070
YER029C	196	0.0005	0.0000	0.0000
YER030W	153	0.0002	0.0000	0.0000
YER031C	223	0.0012	0.0000	0.0003
YER032W	876	0.0106	0.0002	0.0023
YER033C	1076	0.0037	0.0000	0.0111
YER034W	185	0.0003	0.0000	0.0000
YER035W	145	0.0033	0.0001	0.0002
YER036C	610	0.0005	0.0000	0.0000
YER037W	321	0.0009	0.0000	0.0000
YER038C	464	0.0016	0.0000	0.0004
YER038W-A	126	0.0040	0.0000	0.0007
YER039C	249	0.0003	0.0000	0.0001
YER039C-A	72	0.0035	0.0000	0.0002
YER040W	730	0.0030	0.0000	0.0007
YER041W	759	0.0023	0.0001	0.0003
YER042W	184	0.0026	0.0001	0.0049
YER043C	449	0.0006	0.0000	0.0001
YER044C	148	0.0040	0.0000	0.0064
YER044C-A	408	0.0005	0.0000	0.0000
YER045C	489	0.0053	0.0001	0.0001
YER046W	143	0.0022	0.0001	0.0001
YER046W-A	109	0.0092	0.0005	0.0588
YER047C	897	0.0015	0.0000	0.0005
YER048C	391	0.0002	0.0000	0.0000
YER048W-A	94	0.0004	0.0000	0.0000
YER049W	644	0.0017	0.0000	0.0001
YER050C	138	0.0005	0.0000	0.0000
YER051W	492	0.0016	0.0001	0.0002
YER052C	527	0.0013	0.0000	0.0004
YER053C	300	0.0011	0.0000	0.0034
YER053C-A	37	0.0012	0.0000	0.0000
YER054C	548	0.0036	0.0000	0.0002
YER055C	297	0.0009	0.0000	0.0002
YER056C	533	0.0027	0.0000	0.0010
YER056C-A	121	0.0007	0.0000	0.0000
YER057C	129	0.0017	0.0000	0.0000
YER058W	107	0.0012	0.0000	0.0000
YER059W	420	0.0026	0.0000	0.0002
YER060W	528	0.0039	0.0000	0.0034
YER060W-A	530	0.0023	0.0000	0.0013
YER061C	442	0.0004	0.0000	0.0007
YER062C	250	0.0006	0.0000	0.0002
YER063W	218	0.0011	0.0000	0.0000
YER064C	505	0.0017	0.0000	0.0001
YER065C	557	0.0007	0.0000	0.0000
YER066W	185	0.0058	0.0000	0.0003
YER066C-A	166	0.0043	0.0000	0.0001
YER067W	161	0.0005	0.0000	0.0001
YER067C-A	107	0.0042	0.0000	0.0000
YER068W	587	0.0047	0.0000	0.0200
YER068C-A	143	0.0148	0.0001	0.0428
YER069W	863	0.0014	0.0000	0.0010
YER070W	888	0.0030	0.0000	0.0008
YER071C	126	0.0012	0.0000	0.0000
YER072W	129	0.0013	0.0000	0.0000
YER073W	520	0.0005	0.0000	0.0007
YER074W	135	0.0002	0.0000	0.0000
YER074W-A	85	0.0013	0.0000	0.0000
YER075C	928	0.0026	0.0000	0.0021
YER076C	302	0.2229	0.0257	0.0284
YER076W-A	115	0.0096	0.0001	0.0001
YER077C	688	0.0003	0.0000	0.0000
YER078C	511	0.0010	0.0000	0.0002
YER078W-A	54	0.0326	0.0026	0.2764
YER079W	210	0.0044	0.0000	0.0010
YER079C-A	112	0.0020	0.0000	0.0000
YER080W	627	0.0008	0.0000	0.0000
YER081W	469	0.0012	0.0000	0.0003
YER082C	554	0.0009	0.0000	0.0000
YER083C	285	0.0006	0.0000	0.0001
YER084W	128	0.0239	0.0010	0.2910
YER084W-A	170	0.0280	0.0005	0.0086
YER085C	173	0.0004	0.0000	0.0000
YER086W	576	0.0007	0.0000	0.0002
YER087W	576	0.0013	0.0000	0.0000
YER087C-A	183	0.1137	0.0008	0.3283
YER087C-B	82	0.0014	0.0000	0.0002
YER088C	670	0.0068	0.0000	0.0040
YER088C-A	107	0.0111	0.0003	0.1016
YER088W-B	48	0.0087	0.0002	0.0477
YER089C	464	0.0004	0.0000	0.0003
YER090W	507	0.0026	0.0000	0.0006
YER090C-A	29	0.0005	0.0000	0.0000
YER091C	767	0.0005	0.0000	0.0002
YER091C-A	73	0.0022	0.0000	0.0009
YER092W	125	0.0015	0.0000	0.0003
YER093C	1430	0.0006	0.0000	0.0001
YER093C-A	137	0.0005	0.0000	0.0000
YER094C	205	0.0009	0.0000	0.0005
YER095W	400	0.0004	0.0000	0.0000
YER096W	512	0.0021	0.0000	0.0003
YER097W	109	0.0011	0.0000	0.0000
YER098W	754	0.0040	0.0000	0.0005
YER099C	318	0.0009	0.0000	0.0001
YER100W	250	0.0029	0.0001	0.0004
YER101C	430	0.0008	0.0000	0.0005
YER102W	200	0.0006	0.0000	0.0000
YER103W	642	0.0010	0.0000	0.0002
YER104W	208	0.0005	0.0000	0.0000
YER105C	1391	0.0047	0.0001	0.0042
YER106W	302	0.0010	0.0000	0.0000
YER107C	365	0.0031	0.0000	0.0018
YER107W-A	106	0.0021	0.0000	0.0002
YER109C	798	0.0091	0.0002	0.0046
YER110C	1113	0.0006	0.0000	0.0001
YER111C	1093	0.0024	0.0000	0.0002
YER112W	187	0.0040	0.0000	0.0000
YER113C	706	0.0083	0.0008	0.0078
YER114C	1040	0.0029	0.0000	0.0009
YER115C	191	0.0055	0.0000	0.0009
YER116C	274	0.0015	0.0000	0.0001
YER117W	137	0.0011	0.0000	0.0000
YER118C	367	0.0074	0.0000	0.0028
YER119C	448	0.0033	0.0000	0.0005
YER119C-A	123	0.0025	0.0000	0.0020
YER120W	244	0.0321	0.0267	0.0025
YER121W	114	0.0009	0.0000	0.0000
YER122C	493	0.0004	0.0000	0.0001
YER123W	524	0.0025	0.0000	0.0005
YER124C	573	0.0107	0.0001	0.0023
YER125W	809	0.0208	0.0002	0.0027
YER126C	261	0.0013	0.0000	0.0000
YER127W	357	0.0001	0.0000	0.0000
YER128W	203	0.0014	0.0001	0.0002
YER129W	1142	0.0017	0.0000	0.0004
YER130C	443	0.0029	0.0000	0.0001
YER131W	119	0.0006	0.0000	0.0000
YER132C	1753	0.0099	0.0002	0.0177
YER133W	312	0.0005	0.0000	0.0002
YER133W-A	113	0.0038	0.0000	0.0001
YER134C	178	0.0007	0.0000	0.0043
YER135C	130	0.0041	0.0001	0.0002
YER136W	451	0.0021	0.0000	0.0007
YER137C	148	0.0004	0.0000	0.0000
YER137W-A	101	0.1205	0.0003	0.2423
YER138C	1755	0.0117	0.0006	0.0233
YER137C-A	440	0.0251	0.0075	0.0218
YER138W-A	34	0.0051	0.0000	0.0001
YER139C	226	0.0008	0.0000	0.0001
YER140W	556	0.0015	0.0000	0.0000
YER141W	486	0.0020	0.0000	0.0000
YER142C	296	0.0000	0.0000	0.0000
YER143W	428	0.0029	0.0000	0.0001
YER144C	805	0.0059	0.0004	0.0027
YER145C	404	0.0011	0.0000	0.0000
YER145C-A	145	0.0512	0.0003	0.7386
YER146W	93	0.0018	0.0005	0.0000
YER147C	624	0.0004	0.0000	0.0000
YER147C-A	136	0.0066	0.0000	0.0004
YER148W	240	0.0020	0.0000	0.0000
YER148W-A	192	0.0390	0.0000	0.0080
YER149C	420	0.0004	0.0000	0.0000
YER150W	148	0.7774	0.9975	0.7064
YER151C	912	0.0050	0.0001	0.0009
YER152C	443	0.0015	0.0000	0.0008
YER152W-A	188	0.0036	0.0000	0.0000
YER153C	254	0.0003	0.0000	0.0000
YER154W	402	0.0009	0.0000	0.0000
YER155C	2167	0.0016	0.0000	0.0027
YER156C	338	0.0005	0.0000	0.0000
YER157W	801	0.0012	0.0000	0.0005
YER158C	573	0.0078	0.0001	0.0010
YER158W-A	71	0.0041	0.0002	0.0000
YER159C	142	0.0011	0.0000	0.0000
YER160C	1755	0.0113	0.0005	0.0227
YER159C-A	440	0.0274	0.0082	0.0225
YER161C	333	0.0000	0.0000	0.0000
YER162C	754	0.0014	0.0000	0.0000
YER163C	232	0.0025	0.0000	0.0006
YER164W	1468	0.0004	0.0000	0.0000
YER165W	577	0.0012	0.0000	0.0000
YER165C-A	118	0.0121	0.0000	0.0044
YER166W	1571	0.0019	0.0000	0.0023
YER167W	851	0.0068	0.0000	0.0057
YER168C	546	0.0001	0.0000	0.0000
YER169W	796	0.0047	0.0005	0.0008
YER170W	225	0.0003	0.0000	0.0002
YER171W	778	0.0004	0.0000	0.0001
YER172C	2163	0.0005	0.0000	0.0013
YER172C-A	126	0.0026	0.0000	0.0008
YER173W	659	0.0008	0.0000	0.0001
YER174C	244	0.0014	0.0000	0.0000
YER175C	299	0.0008	0.0001	0.0001
YER175W-A	54	0.0008	0.0000	0.0000
YER176W	1121	0.0012	0.0000	0.0004
YER177W	267	0.0008	0.0000	0.0000
YER178W	420	0.0008	0.0000	0.0001
YER179W	334	0.0004	0.0000	0.0001
YER180C	267	0.0034	0.0000	0.0001
YER180C-A	85	0.0001	0.0000	0.0000
YER181C	107	0.0070	0.0000	0.0000
YER182W	244	0.0022	0.0000	0.0001
YER183C	211	0.0002	0.0000	0.0000
YER184C	794	0.0006	0.0000	0.0010
YER185W	303	0.0035	0.0000	0.0013
YER186C	306	0.0086	0.0011	0.0005
YER187W	141	0.0174	0.0000	0.0020
YER188W	239	0.4027	0.0308	0.0297
YER188C-A	99	0.0308	0.0012	0.4965
YER189W	122	0.0011	0.0000	0.0000
YER190W	1681	0.0009	0.0000	0.0035
YER190C-A	191	0.5664	0.1480	0.7390
YER190C-B	160	0.0078	0.0001	0.0003
YFL068W	160	0.0082	0.0001	0.0003
YFL067W	175	0.3705	0.0541	0.1999
YFL066C	392	0.0005	0.0000	0.0001
YFL065C	102	0.0018	0.0000	0.0001
YFL064C	174	0.0025	0.0000	0.0002
YFL063W	151	0.2314	0.0173	0.7611
YFL062W	379	0.0003	0.0000	0.0000
YFL061W	225	0.0006	0.0000	0.0035
YFL060C	222	0.0009	0.0000	0.0000
YFL059W	298	0.0002	0.0000	0.0000
YFL058W	340	0.0021	0.0001	0.0008
YFL056C	370	0.0003	0.0000	0.0000
YFL055W	558	0.0024	0.0000	0.0037
YFL054C	646	0.0023	0.0000	0.0008
YFL053W	591	0.0006	0.0000	0.0003
YFL052W	465	0.0009	0.0000	0.0066
YFL051C	160	0.7096	0.9741	0.9207
YFL050C	858	0.0018	0.0000	0.0002
YFL049W	623	0.0033	0.0000	0.0001
YFL048C	445	0.0028	0.0002	0.0000
YFL047W	714	0.0008	0.0000	0.0001
YFL046W	207	0.0003	0.0000	0.0000
YFL045C	254	0.0006	0.0000	0.0001
YFL044C	301	0.0014	0.0000	0.0000
YFL042C	674	0.0070	0.0001	0.0003
YFL041W-A	63	0.0006	0.0000	0.0000
YFL041W	622	0.0381	0.0023	0.0006
YFL040W	540	0.0046	0.0007	0.0007
YFL039C	375	0.0005	0.0000	0.0001
YFL038C	206	0.0009	0.0000	0.0005
YFL037W	457	0.0019	0.0000	0.0001
YFL036W	1351	0.0007	0.0000	0.0001
YFL034C-B	287	0.0021	0.0000	0.0000
YFL034C-A	122	0.0013	0.0001	0.0011
YFL034W	1073	0.0014	0.0000	0.0001
YFL033C	1770	0.0049	0.0000	0.0070
YFL032W	106	0.0039	0.0000	0.0014
YFL031W	238	0.0010	0.0000	0.0000
YFL031C-A	33	0.0004	0.0000	0.0000
YFL030W	385	0.0010	0.0000	0.0008
YFL029C	368	0.0008	0.0000	0.0000
YFL028C	289	0.0003	0.0000	0.0000
YFL027C	497	0.0004	0.0000	0.0000
YFL026W	431	0.0081	0.0002	0.0090
YFL025C	1029	0.0051	0.0000	0.0005
YFL024C	832	0.0009	0.0000	0.0000
YFL023W	796	0.0004	0.0000	0.0000
YFL022C	503	0.0009	0.0000	0.0000
YFL021C-A	284	0.0167	0.0000	0.0007
YFL021W	510	0.0066	0.0000	0.0014
YFL020C	122	0.0497	0.0000	0.0098
YFL019C	117	0.0082	0.0002	0.0023
YFL018C	499	0.0004	0.0000	0.0000
YFL017W-A	77	0.0011	0.0001	0.0000
YFL017C	159	0.0021	0.0001	0.0002
YFL016C	511	0.0055	0.0000	0.0012
YFL015W-A	105	0.0011	0.0000	0.0000
YFL015C	164	0.0053	0.0000	0.0143
YFL014W	109	0.0003	0.0000	0.0000
YFL013W-A	267	0.0076	0.0000	0.0023
YFL013C	692	0.0013	0.0000	0.0001
YFL012W-A	124	0.0038	0.0004	0.0003
YFL012W	148	0.0027	0.0001	0.0001
YFL011W	546	0.0023	0.0014	0.0079
YFL010W-A	94	0.0156	0.0025	0.0000
YFL010C	211	0.0194	0.0000	0.0823
YFL009W	779	0.0068	0.0001	0.0023
YFL008W	1225	0.0005	0.0001	0.0000
YFL007W	2143	0.0009	0.0000	0.0020
YFL005W	215	0.0012	0.0000	0.0002
YFL004W	828	0.0007	0.0000	0.0000
YFL003C	878	0.0006	0.0000	0.0000
YFL002W-B	438	0.0114	0.0014	0.0020
YFL002W-A	1770	0.0069	0.0002	0.0123
YFL002C	606	0.0002	0.0000	0.0000
YFL001W	442	0.0018	0.0000	0.0001
YFR001W	204	0.0001	0.0000	0.0000
YFR002W	839	0.0003	0.0000	0.0000
YFR003C	155	0.0012	0.0000	0.0000
YFR004W	306	0.0007	0.0000	0.0000
YFR005C	448	0.0037	0.0003	0.0004
YFR006W	535	0.0008	0.0000	0.0001
YFR007W	353	0.0013	0.0000	0.0002
YFR008W	221	0.0003	0.0000	0.0000
YFR009W	752	0.0003	0.0000	0.0000
YFR009W-A	85	0.0218	0.0001	0.0002
YFR010W	499	0.0009	0.0000	0.0000
YFR010W-A	62	0.0048	0.0000	0.0038
YFR011C	170	0.0002	0.0000	0.0000
YFR012W	202	0.0138	0.0004	0.0232
YFR012W-A	28	0.0044	0.0000	0.0001
YFR013W	787	0.0013	0.0000	0.0001
YFR014C	446	0.0004	0.0000	0.0000
YFR015C	708	0.0006	0.0000	0.0002
YFR016C	1233	0.0100	0.0012	0.0001
YFR017C	195	0.0012	0.0000	0.0003
YFR018C	363	0.0019	0.0000	0.0000
YFR019W	2278	0.0072	0.0001	0.0182
YFR020W	232	0.1295	0.0133	0.0043
YFR021W	500	0.0046	0.0000	0.0012
YFR022W	733	0.0183	0.0001	0.0160
YFR023W	611	0.0008	0.0001	0.0002
YFR024C-A	459	0.0062	0.0000	0.0017
YFR025C	335	0.0015	0.0000	0.0004
YFR026C	169	0.0517	0.0014	0.0147
YFR027W	281	0.0035	0.0003	0.0001
YFR028C	551	0.0017	0.0000	0.0004
YFR029W	678	0.0108	0.0002	0.0071
YFR030W	1035	0.0010	0.0000	0.0018
YFR031C	1170	0.0009	0.0001	0.0000
YFR031C-A	254	0.0013	0.0000	0.0000
YFR032C	289	0.0108	0.0012	0.0157
YFR032C-A	59	0.0004	0.0000	0.0000
YFR032C-B	87	0.0091	0.0001	0.0046
YFR033C	147	0.0006	0.0000	0.0000
YFR034C	312	0.0013	0.0000	0.0002
YFR034W-A	95	0.0049	0.0000	0.0052
YFR035C	114	0.0317	0.0000	0.1959
YFR035W-A	96	0.0003	0.0000	0.0000
YFR036W	124	0.0007	0.0000	0.0000
YFR036W-A	216	0.2500	0.0180	0.7548
YFR037C	557	0.0006	0.0000	0.0000
YFR038W	853	0.0003	0.0000	0.0000
YFR039C	510	0.0031	0.0000	0.0000
YFR040W	1002	0.0007	0.0000	0.0001
YFR041C	295	0.0028	0.0000	0.0003
YFR042W	200	0.0009	0.0000	0.0003
YFR043C	237	0.0007	0.0000	0.0000
YFR044C	481	0.0024	0.0000	0.0007
YFR045W	309	0.0012	0.0000	0.0004
YFR046C	361	0.0012	0.0000	0.0000
YFR047C	295	0.0004	0.0000	0.0002
YFR048W	662	0.0031	0.0000	0.0001
YFR049W	123	0.0018	0.0000	0.0001
YFR050C	266	0.0028	0.0000	0.0001
YFR051C	546	0.0081	0.0000	0.0001
YFR052W	274	0.0004	0.0000	0.0000
YFR052C-A	101	0.0037	0.0000	0.0000
YFR053C	485	0.0006	0.0000	0.0001
YFR054C	192	0.1593	0.0071	0.3473
YFR056C	122	0.0032	0.0000	0.0035
YFR055W	340	0.0008	0.0000	0.0001
YFR057W	151	0.0030	0.0000	0.0037
YGL263W	380	0.0057	0.0000	0.0007
YGL262W	175	0.0075	0.0003	0.0001
YGL261C	120	0.0176	0.0000	0.0026
YGL260W	76	0.0049	0.0001	0.0008
YGL259W	165	0.1227	0.0047	0.0345
YGL258W-A	77	0.0012	0.0000	0.0000
YGL258W	206	0.4857	0.4321	0.4448
YGL257C	558	0.0017	0.0000	0.0002
YGL256W	382	0.0002	0.0000	0.0001
YGL255W	376	0.0097	0.0000	0.0150
YGL254W	299	0.0157	0.0014	0.0280
YGL253W	486	0.0010	0.0000	0.0003
YGL252C	588	0.0005	0.0000	0.0004
YGL251C	1187	0.0006	0.0000	0.0009
YGL250W	241	0.0018	0.0000	0.0000
YGL249W	704	0.0017	0.0001	0.0000
YGL248W	369	0.0016	0.0000	0.0006
YGL247W	197	0.0014	0.0000	0.0000
YGL246C	387	0.0008	0.0000	0.0002
YGL245W	708	0.0015	0.0000	0.0000
YGL244W	558	0.0001	0.0000	0.0000
YGL243W	400	0.0011	0.0000	0.0001
YGL242C	181	0.0002	0.0000	0.0000
YGL241W	1004	0.0007	0.0000	0.0002
YGL240W	250	0.0023	0.0000	0.0000
YGL239C	104	0.0053	0.0000	0.0004
YGL238W	960	0.0014	0.0000	0.0002
YGL237C	265	0.0011	0.0000	0.0000
YGL236C	669	0.0017	0.0000	0.0002
YGL235W	178	0.0063	0.0001	0.0111
YGL234W	802	0.0018	0.0000	0.0011
YGL233W	910	0.0010	0.0000	0.0000
YGL232W	289	0.0007	0.0000	0.0000
YGL231C	190	0.0015	0.0000	0.0000
YGL230C	147	0.0052	0.0001	0.0005
YGL229C	818	0.0008	0.0000	0.0001
YGL228W	577	0.0056	0.0001	0.0001
YGL227W	958	0.0020	0.0000	0.0002
YGL226C-A	86	0.0019	0.0000	0.0763
YGL226W	123	0.0006	0.0000	0.0000
YGL225W	337	0.0005	0.0000	0.0004
YGL224C	280	0.0008	0.0001	0.0001
YGL223C	417	0.0084	0.0001	0.0006
YGL222C	175	0.0011	0.0000	0.0002
YGL221C	288	0.0009	0.0000	0.0004
YGL220W	120	0.0008	0.0000	0.0000
YGL219C	459	0.0127	0.0010	0.0010
YGL218W	216	0.0037	0.0000	0.0000
YGL217C	113	0.0082	0.0000	0.0001
YGL216W	805	0.0005	0.0000	0.0000
YGL215W	452	0.0099	0.0009	0.0072
YGL214W	161	0.0082	0.0002	0.0015
YGL213C	397	0.0024	0.0000	0.0003
YGL212W	316	0.0002	0.0000	0.0000
YGL211W	359	0.0006	0.0000	0.0001
YGL210W	222	0.0009	0.0000	0.0002
YGL209W	382	0.0064	0.0001	0.0007
YGL208W	415	0.0139	0.0012	0.0024
YGL207W	1035	0.0026	0.0000	0.0001
YGL206C	1653	0.0012	0.0000	0.0004
YGL205W	748	0.0011	0.0000	0.0005
YGL204C	101	0.0011	0.0000	0.0000
YGL203C	729	0.0046	0.0000	0.0002
YGL202W	500	0.0014	0.0000	0.0035
YGL201C	1017	0.0011	0.0000	0.0003
YGL200C	203	0.0079	0.0012	0.0020
YGL199C	156	0.0090	0.0000	0.0027
YGL198W	235	0.0029	0.0000	0.0003
YGL197W	1487	0.0119	0.0004	0.0062
YGL196W	428	0.0014	0.0000	0.0036
YGL195W	2672	0.0004	0.0000	0.0012
YGL194C-A	80	0.0025	0.0000	0.0000
YGL194C	452	0.0008	0.0000	0.0014
YGL193C	103	0.0222	0.0009	0.3086
YGL192W	600	0.0025	0.0001	0.0002
YGL191W	129	0.0023	0.0000	0.0000
YGL190C	526	0.0024	0.0000	0.0001
YGL189C	119	0.0005	0.0000	0.0000
YGL188C-A	46	0.0009	0.0000	0.0000
YGL188C	57	0.0014	0.0000	0.0012
YGL187C	155	0.0090	0.0000	0.0057
YGL186C	579	0.0024	0.0000	0.0039
YGL185C	379	0.0006	0.0000	0.0001
YGL184C	465	0.0006	0.0000	0.0006
YGL183C	219	0.0004	0.0000	0.0000
YGL182C	107	0.0029	0.0000	0.0001
YGL181W	396	0.0035	0.0000	0.0000
YGL180W	897	0.0006	0.0000	0.0001
YGL179C	560	0.0017	0.0000	0.0013
YGL178W	859	0.0015	0.0000	0.0005
YGL177W	115	0.0010	0.0000	0.0000
YGL176C	554	0.0072	0.0003	0.0019
YGL175C	345	0.0009	0.0000	0.0000
YGL174W	266	0.0009	0.0000	0.0000
YGL173C	1528	0.0016	0.0000	0.0003
YGL172W	472	0.0020	0.0000	0.0015
YGL171W	564	0.0002	0.0000	0.0000
YGL170C	413	0.0012	0.0000	0.0000
YGL169W	426	0.0008	0.0000	0.0005
YGL168W	110	0.0039	0.0001	0.0002
YGL167C	950	0.0007	0.0000	0.0001
YGL166W	225	0.0062	0.0000	0.0024
YGL165C	192	0.0129	0.0000	0.0078
YGL164C	440	0.0005	0.0000	0.0000
YGL163C	898	0.0005	0.0000	0.0001
YGL162W	299	0.0134	0.0023	0.0153
YGL161C	310	0.0020	0.0000	0.0004
YGL160W	570	0.0017	0.0000	0.0031
YGL159W	370	0.0006	0.0000	0.0000
YGL158W	512	0.0010	0.0000	0.0008
YGL157W	347	0.0009	0.0001	0.0011
YGL156W	1083	0.0059	0.0003	0.0019
YGL155W	376	0.0016	0.0000	0.0020
YGL154C	272	0.0039	0.0001	0.0016
YGL153W	341	0.0003	0.0000	0.0000
YGL152C	225	0.1537	0.0000	0.0087
YGL151W	1132	0.0011	0.0000	0.0009
YGL150C	1489	0.0002	0.0000	0.0000
YGL149W	101	0.0169	0.0001	0.0220
YGL148W	376	0.0015	0.0000	0.0003
YGL147C	191	0.0015	0.0000	0.0001
YGL146C	311	0.0035	0.0000	0.0000
YGL145W	701	0.0010	0.0000	0.0001
YGL144C	685	0.0029	0.0000	0.0005
YGL143C	413	0.0011	0.0000	0.0000
YGL142C	616	0.0014	0.0000	0.0007
YGL141W	910	0.0008	0.0000	0.0001
YGL140C	1219	0.0024	0.0000	0.0008
YGL139W	802	0.0070	0.0001	0.0006
YGL138C	345	0.0059	0.0007	0.0002
YGL137W	889	0.0054	0.0001	0.0015
YGL136C	320	0.0008	0.0000	0.0000
YGL135W	217	0.0006	0.0000	0.0000
YGL134W	433	0.0015	0.0000	0.0003
YGL133W	1264	0.0026	0.0000	0.0001
YGL132W	111	0.0080	0.0009	0.0393
YGL131C	1403	0.0033	0.0002	0.0070
YGL130W	459	0.0018	0.0001	0.0001
YGL129C	450	0.0008	0.0000	0.0002
YGL128C	283	0.0034	0.0000	0.0007
YGL127C	127	0.0023	0.0001	0.0004
YGL126W	380	0.0029	0.0000	0.0001
YGL125W	600	0.0012	0.0000	0.0004
YGL124C	644	0.0025	0.0000	0.0002
YGL123W	254	0.0017	0.0000	0.0002
YGL123C-A	76	0.0408	0.0005	0.0530
YGL122C	525	0.0108	0.0006	0.0005
YGL121C	126	0.0013	0.0000	0.0000
YGL120C	767	0.0008	0.0000	0.0001
YGL119W	501	0.0002	0.0000	0.0000
YGL118C	145	0.0045	0.0001	0.0000
YGL117W	265	0.0014	0.0000	0.0000
YGL116W	610	0.0047	0.0000	0.0013
YGL115W	322	0.0008	0.0001	0.0001
YGL114W	725	0.0048	0.0000	0.0013
YGL113W	668	0.0017	0.0001	0.0001
YGL112C	516	0.0012	0.0000	0.0004
YGL111W	463	0.0005	0.0000	0.0000
YGL110C	624	0.0003	0.0000	0.0000
YGL109W	107	0.0037	0.0000	0.0050
YGL108C	140	0.0003	0.0000	0.0000
YGL107C	646	0.0007	0.0000	0.0002
YGL106W	149	0.0006	0.0000	0.0000
YGL105W	376	0.0009	0.0000	0.0000
YGL104C	486	0.0085	0.0008	0.0011
YGL103W	149	0.0010	0.0000	0.0000
YGL102C	142	0.0675	0.0003	0.0130
YGL101W	215	0.0001	0.0000	0.0000
YGL100W	349	0.0020	0.0000	0.0001
YGL099W	640	0.0003	0.0000	0.0000
YGL098W	245	0.0005	0.0000	0.0000
YGL097W	482	0.0008	0.0000	0.0001
YGL096W	276	0.0103	0.0006	0.0003
YGL095C	577	0.0006	0.0000	0.0000
YGL094C	1115	0.0079	0.0001	0.0073
YGL093W	917	0.0019	0.0000	0.0000
YGL092W	1317	0.0016	0.0000	0.0030
YGL091C	328	0.0018	0.0000	0.0011
YGL090W	421	0.0018	0.0000	0.0000
YGL089C	120	0.0209	0.0000	0.0000
YGL088W	121	0.0069	0.0000	0.0115
YGL087C	137	0.0039	0.0003	0.0018
YGL086W	749	0.0002	0.0000	0.0000
YGL085W	274	0.0010	0.0000	0.0000
YGL084C	560	0.0019	0.0000	0.0002
YGL083W	804	0.0021	0.0000	0.0033
YGL082W	381	0.0018	0.0000	0.0000
YGL081W	320	0.0296	0.0010	0.0008
YGL080W	130	0.0004	0.0000	0.0013
YGL079W	218	0.0009	0.0000	0.0001
YGL078C	523	0.0003	0.0000	0.0000
YGL077C	563	0.0026	0.0000	0.0049
YGL076C	244	0.0008	0.0000	0.0000
YGL075C	387	0.0009	0.0000	0.0000
YGL074C	108	0.0061	0.0000	0.0044
YGL073W	833	0.0028	0.0000	0.0003
YGL072C	119	0.0054	0.0001	0.0109
YGL071W	690	0.0075	0.0000	0.0014
YGL070C	122	0.0117	0.0003	0.0042
YGL069C	154	0.0535	0.0001	0.0058
YGL068W	194	0.0008	0.0000	0.0000
YGL067W	384	0.0029	0.0003	0.0243
YGL066W	657	0.0023	0.0000	0.0001
YGL065C	503	0.0003	0.0000	0.0003
YGL064C	561	0.0004	0.0000	0.0001
YGL063W	370	0.0022	0.0000	0.0001
YGL063C-A	49	0.0026	0.0000	0.0002
YGL062W	1178	0.0013	0.0000	0.0002
YGL061C	247	0.0010	0.0000	0.0000
YGL060W	641	0.0012	0.0000	0.0003
YGL059W	491	0.0021	0.0000	0.0003
YGL058W	172	0.0006	0.0000	0.0000
YGL057C	287	0.0008	0.0000	0.0000
YGL056C	527	0.0056	0.0001	0.0021
YGL055W	510	0.0015	0.0000	0.0001
YGL054C	138	0.0013	0.0000	0.0000
YGL053W	237	0.0016	0.0000	0.0007
YGL052W	101	0.0027	0.0000	0.0000
YGL051W	234	0.0014	0.0000	0.0004
YGL050W	273	0.0010	0.0000	0.0001
YGL049C	914	0.0036	0.0000	0.0001
YGL048C	405	0.0001	0.0000	0.0000
YGL047W	202	0.0008	0.0000	0.0007
YGL045W	542	0.0103	0.0010	0.0013
YGL044C	296	0.0003	0.0000	0.0000
YGL043W	309	0.0009	0.0000	0.0000
YGL042C	101	0.0064	0.0001	0.0002
YGL041C-B	60	0.0055	0.0001	0.0037
YGL041W-A	154	0.0003	0.0000	0.0000
YGL041C	67	0.0046	0.0000	0.0002
YGL040C	342	0.0011	0.0000	0.0004
YGL039W	348	0.0017	0.0001	0.0008
YGL038C	480	0.0021	0.0000	0.0001
YGL037C	216	0.0009	0.0000	0.0004
YGL036W	909	0.0028	0.0000	0.0017
YGL035C	504	0.0021	0.0000	0.0002
YGL034C	121	0.0017	0.0000	0.0001
YGL033W	214	0.0006	0.0000	0.0000
YGL032C	87	0.4061	0.5468	0.9087
YGL031C	155	0.0002	0.0000	0.0000
YGL030W	105	0.0004	0.0000	0.0002
YGL029W	120	0.0000	0.0000	0.0000
YGL028C	542	0.8255	0.7447	0.9588
YGL027C	833	0.0022	0.0000	0.0003
YGL026C	707	0.0004	0.0000	0.0009
YGL025C	397	0.0025	0.0000	0.0000
YGL024W	111	0.0331	0.0004	0.0078
YGL023C	635	0.0010	0.0000	0.0002
YGL022W	718	0.0019	0.0000	0.0008
YGL021W	760	0.0013	0.0000	0.0000
YGL020C	235	0.0004	0.0000	0.0000
YGL019W	278	0.0017	0.0000	0.0003
YGL018C	184	0.0005	0.0000	0.0000
YGL017W	503	0.0018	0.0000	0.0008
YGL016W	1081	0.0016	0.0000	0.0010
YGL015C	130	0.0020	0.0000	0.0001
YGL014W	888	0.0020	0.0000	0.0015
YGL014C-A	53	0.0005	0.0000	0.0000
YGL013C	1068	0.0013	0.0000	0.0015
YGL012W	473	0.0070	0.0001	0.0110
YGL011C	252	0.0036	0.0000	0.0003
YGL010W	174	0.0005	0.0000	0.0000
YGL009C	779	0.0011	0.0000	0.0004
YGL008C	918	0.0011	0.0000	0.0004
YGL007C-A	28	0.0049	0.0001	0.0001
YGL007W	125	0.0017	0.0000	0.0000
YGL006W-A	36	0.0011	0.0000	0.0000
YGL006W	1173	0.0008	0.0000	0.0002
YGL005C	279	0.0009	0.0000	0.0001
YGL004C	417	0.0070	0.0000	0.0010
YGL003C	566	0.0048	0.0000	0.0009
YGL002W	216	0.0009	0.0000	0.0000
YGL001C	349	0.0007	0.0000	0.0003
YGR001C	248	0.0012	0.0000	0.0001
YGR002C	476	0.0003	0.0000	0.0000
YGR003W	744	0.0007	0.0000	0.0001
YGR004W	462	0.0064	0.0001	0.0004
YGR005C	400	0.0007	0.0000	0.0000
YGR006W	251	0.0008	0.0000	0.0000
YGR007W	323	0.0017	0.0000	0.0019
YGR008C	84	0.0005	0.0000	0.0000
YGR009C	651	0.0002	0.0000	0.0000
YGR010W	395	0.0021	0.0000	0.0001
YGR011W	108	0.0149	0.0000	0.0067
YGR012W	393	0.0004	0.0000	0.0005
YGR013W	620	0.0005	0.0000	0.0000
YGR014W	1306	0.9988	1.0000	0.9732
YGR015C	328	0.0007	0.0000	0.0000
YGR016W	190	0.0007	0.0000	0.0000
YGR016C-A	35	0.0010	0.0000	0.0001
YGR017W	297	0.0054	0.0000	0.0007
YGR018C	109	0.0164	0.0003	0.1908
YGR019W	471	0.0010	0.0000	0.0006
YGR020C	118	0.0006	0.0000	0.0000
YGR021W	290	0.0016	0.0000	0.0000
YGR022C	109	0.0013	0.0000	0.0000
YGR023W	551	0.9539	0.9854	0.9121
YGR024C	237	0.0014	0.0001	0.0007
YGR025W	100	0.0064	0.0003	0.1565
YGR026W	278	0.0005	0.0000	0.0000
YGR027C	108	0.0004	0.0000	0.0000
YGR027W-A	440	0.0258	0.0066	0.0147
YGR027W-B	1755	0.0119	0.0005	0.0190
YGR028W	362	0.0002	0.0000	0.0000
YGR029W	189	0.0015	0.0000	0.0001
YGR030C	158	0.0012	0.0000	0.0000
YGR031W	342	0.0004	0.0000	0.0000
YGR031C-A	163	0.0401	0.0000	0.0065
YGR032W	1895	0.0069	0.0000	0.0082
YGR033C	239	0.0044	0.0001	0.0001
YGR034W	127	0.0002	0.0001	0.0000
YGR035C	116	0.0007	0.0000	0.0000
YGR035W-A	73	0.0043	0.0000	0.0013
YGR036C	239	0.0015	0.0000	0.0006
YGR037C	87	0.0004	0.0000	0.0000
YGR038W	222	0.0059	0.0000	0.0044
YGR038C-B	1755	0.0120	0.0006	0.0207
YGR038C-A	440	0.0262	0.0065	0.0189
YGR039W	103	0.0010	0.0000	0.0000
YGR040W	368	0.0011	0.0000	0.0000
YGR041W	547	0.0029	0.0000	0.0006
YGR042W	271	0.0014	0.0000	0.0000
YGR043C	333	0.0003	0.0000	0.0000
YGR044C	300	0.0037	0.0002	0.0019
YGR045C	120	0.0043	0.0000	0.0176
YGR046W	385	0.0006	0.0000	0.0002
YGR047C	1025	0.0002	0.0000	0.0000
YGR048W	361	0.0006	0.0000	0.0001
YGR049W	187	0.0055	0.0000	0.0141
YGR050C	118	0.0020	0.0001	0.0013
YGR051C	107	0.0032	0.0000	0.0073
YGR052W	369	0.0017	0.0000	0.0014
YGR053C	283	0.0013	0.0000	0.0000
YGR054W	642	0.0047	0.0001	0.0040
YGR055W	574	0.0021	0.0000	0.0031
YGR056W	928	0.0119	0.0006	0.0015
YGR057C	242	0.0019	0.0000	0.0000
YGR058W	335	0.0022	0.0000	0.0001
YGR059W	512	0.0008	0.0000	0.0000
YGR060W	309	0.0015	0.0000	0.0002
YGR061C	1358	0.0022	0.0000	0.0010
YGR062C	316	0.0010	0.0000	0.0000
YGR063C	102	0.0029	0.0002	0.0018
YGR064W	122	0.0265	0.0001	0.3147
YGR065C	593	0.0020	0.0003	0.0038
YGR066C	292	0.0088	0.0006	0.0038
YGR067C	804	0.0019	0.0000	0.0006
YGR068C	586	0.0100	0.0002	0.0003
YGR068W-A	31	0.0042	0.0009	0.0195
YGR069W	111	0.0091	0.0000	0.0714
YGR070W	1155	0.0025	0.0001	0.0007
YGR071C	860	0.0034	0.0000	0.0005
YGR072W	387	0.0004	0.0000	0.0000
YGR073C	123	0.0283	0.0001	0.0189
YGR074W	146	0.0014	0.0000	0.0000
YGR075C	242	0.0022	0.0000	0.0000
YGR076C	157	0.0002	0.0000	0.0000
YGR077C	589	0.0011	0.0000	0.0002
YGR078C	199	0.0005	0.0000	0.0000
YGR079W	370	0.0029	0.0000	0.0013
YGR080W	332	0.0036	0.0000	0.0002
YGR081C	210	0.0001	0.0000	0.0000
YGR082W	183	0.0006	0.0000	0.0000
YGR083C	651	0.0013	0.0000	0.0000
YGR084C	339	0.0017	0.0001	0.0000
YGR085C	174	0.0015	0.0000	0.0000
YGR086C	339	0.0014	0.0000	0.0000
YGR087C	563	0.0010	0.0000	0.0010
YGR088W	562	0.0116	0.0004	0.0118
YGR089W	936	0.0026	0.0001	0.0006
YGR090W	1237	0.0027	0.0001	0.0023
YGR091W	494	0.0005	0.0000	0.0000
YGR092W	572	0.0007	0.0000	0.0001
YGR093W	507	0.0035	0.0001	0.0002
YGR094W	1104	0.0015	0.0000	0.0003
YGR095C	223	0.0018	0.0000	0.0002
YGR096W	314	0.0011	0.0000	0.0001
YGR097W	1146	0.0047	0.0001	0.0056
YGR098C	1630	0.0007	0.0000	0.0003
YGR099W	688	0.0004	0.0000	0.0000
YGR100W	950	0.0008	0.0000	0.0001
YGR101W	346	0.0019	0.0000	0.0001
YGR102C	183	0.0004	0.0000	0.0000
YGR103W	605	0.0006	0.0000	0.0000
YGR104C	307	0.0054	0.0000	0.0002
YGR105W	77	0.0006	0.0000	0.0000
YGR106C	265	0.0043	0.0000	0.0008
YGR107W	149	0.0086	0.0000	0.0054
YGR108W	471	0.0009	0.0000	0.0000
YGR109C	380	0.0018	0.0001	0.0001
YGR109W-A	290	0.0014	0.0000	0.0000
YGR109W-B	1547	0.0036	0.0001	0.0030
YGR110W	445	0.0010	0.0000	0.0001
YGR111W	400	0.0015	0.0001	0.0001
YGR112W	389	0.0026	0.0000	0.0000
YGR113W	343	0.0004	0.0000	0.0000
YGR114C	129	0.0102	0.0000	0.0009
YGR115C	259	0.1311	0.0070	0.0655
YGR116W	1451	0.0004	0.0000	0.0001
YGR117C	476	0.0039	0.0001	0.0003
YGR118W	145	0.0004	0.0000	0.0000
YGR119C	541	0.0038	0.0000	0.0022
YGR120C	262	0.0013	0.0000	0.0000
YGR121C	492	0.0042	0.0000	0.0010
YGR121W-A	71	0.0033	0.0001	0.0021
YGR122W	402	0.0014	0.0000	0.0002
YGR122C-A	42	0.0323	0.0009	0.9500
YGR123C	513	0.0003	0.0000	0.0000
YGR124W	572	0.0017	0.0003	0.0001
YGR125W	1036	0.0013	0.0000	0.0006
YGR126W	230	0.0018	0.0000	0.0001
YGR127W	312	0.0038	0.0001	0.0005
YGR128C	713	0.0061	0.0001	0.0027
YGR129W	215	0.0002	0.0000	0.0000
YGR130C	816	0.0070	0.0003	0.0000
YGR131W	174	0.0049	0.0000	0.0003
YGR132C	287	0.0009	0.0000	0.0000
YGR133W	183	0.0035	0.0005	0.0005
YGR134W	1122	0.0009	0.0000	0.0001
YGR135W	258	0.0024	0.0000	0.0002
YGR136W	241	0.0064	0.0001	0.0053
YGR137W	124	0.0037	0.0000	0.0000
YGR138C	614	0.0048	0.0001	0.0023
YGR139W	112	0.0018	0.0000	0.0000
YGR140W	956	0.0019	0.0000	0.0003
YGR141W	467	0.0059	0.0003	0.0004
YGR142W	410	0.0006	0.0000	0.0000
YGR143W	771	0.0727	0.0027	0.0189
YGR144W	326	0.0010	0.0000	0.0002
YGR145W	707	0.0006	0.0000	0.0000
YGR146C	211	0.0034	0.0000	0.0020
YGR146C-A	53	0.0494	0.0008	0.8894
YGR147C	288	0.0003	0.0000	0.0000
YGR148C	155	0.0002	0.0000	0.0000
YGR149W	432	0.0022	0.0000	0.0009
YGR150C	864	0.0003	0.0000	0.0000
YGR151C	111	0.0009	0.0000	0.0000
YGR152C	272	0.0008	0.0000	0.0000
YGR153W	217	0.0015	0.0000	0.0001
YGR154C	356	0.0016	0.0000	0.0002
YGR155W	507	0.0003	0.0000	0.0001
YGR156W	425	0.0021	0.0000	0.0003
YGR157W	869	0.0040	0.0001	0.0028
YGR158C	250	0.0013	0.0000	0.0002
YGR159C	414	0.0048	0.0000	0.0001
YGR160W	203	0.1233	0.0009	0.0007
YGR161C	263	0.0010	0.0000	0.0000
YGR161W-C	92	0.0013	0.0000	0.0000
YGR161W-A	438	0.0114	0.0014	0.0020
YGR161W-B	1770	0.0069	0.0002	0.0123
YGR161C-D	1755	0.0118	0.0007	0.0227
YGR161C-C	440	0.0274	0.0082	0.0225
YGR162W	952	0.0042	0.0000	0.0002
YGR163W	341	0.0007	0.0000	0.0000
YGR164W	111	0.0059	0.0001	0.0013
YGR165W	345	0.0035	0.0000	0.0003
YGR166W	560	0.0180	0.0004	0.0005
YGR167W	233	0.0001	0.0000	0.0000
YGR168C	376	0.0009	0.0000	0.0000
YGR169C	404	0.0021	0.0049	0.0007
YGR169C-A	92	0.0000	0.0000	0.0000
YGR170W	1138	0.0076	0.0001	0.0007
YGR171C	575	0.0011	0.0000	0.0002
YGR172C	248	0.0055	0.0000	0.0052
YGR173W	368	0.0003	0.0000	0.0001
YGR174C	170	0.0005	0.0000	0.0000
YGR174W-A	28	0.0003	0.0000	0.0000
YGR175C	496	0.0005	0.0000	0.0001
YGR176W	115	0.0066	0.0000	0.0007
YGR177C	535	0.0023	0.0002	0.0014
YGR178C	722	0.0018	0.0000	0.0001
YGR179C	406	0.0006	0.0000	0.0000
YGR180C	345	0.0003	0.0000	0.0000
YGR181W	105	0.0049	0.0000	0.0003
YGR182C	117	0.0031	0.0000	0.0004
YGR183C	66	0.0003	0.0000	0.0001
YGR184C	1950	0.0042	0.0001	0.0039
YGR185C	394	0.0010	0.0000	0.0000
YGR186W	735	0.0009	0.0000	0.0000
YGR187C	394	0.0003	0.0000	0.0000
YGR188C	1021	0.0036	0.0001	0.0002
YGR189C	507	0.7128	0.4239	0.5250
YGR190C	121	0.0026	0.0000	0.0003
YGR191W	603	0.0017	0.0000	0.0011
YGR192C	332	0.0010	0.0000	0.0008
YGR193C	410	0.0016	0.0000	0.0001
YGR194C	600	0.0005	0.0000	0.0002
YGR195W	246	0.0004	0.0000	0.0000
YGR196C	817	0.0025	0.0000	0.0002
YGR197C	547	0.0018	0.0000	0.0003
YGR198W	817	0.0009	0.0000	0.0001
YGR199W	759	0.0073	0.0001	0.0037
YGR200C	788	0.0039	0.0000	0.0003
YGR201C	225	0.0007	0.0000	0.0000
YGR202C	424	0.0010	0.0000	0.0000
YGR203W	148	0.0008	0.0000	0.0000
YGR204W	946	0.0010	0.0000	0.0006
YGR204C-A	37	0.0037	0.0002	0.0006
YGR205W	290	0.0019	0.0000	0.0006
YGR206W	101	0.0026	0.0000	0.0008
YGR207C	261	0.0005	0.0000	0.0000
YGR208W	309	0.0008	0.0000	0.0001
YGR209C	104	0.0020	0.0000	0.0001
YGR210C	411	0.0010	0.0000	0.0006
YGR211W	486	0.0110	0.0000	0.0002
YGR212W	468	0.0016	0.0002	0.0002
YGR213C	317	0.0022	0.0000	0.0003
YGR214W	252	0.0034	0.0000	0.0001
YGR215W	110	0.0001	0.0000	0.0000
YGR216C	609	0.0076	0.0003	0.0010
YGR217W	2039	0.0018	0.0000	0.0069
YGR218W	1084	0.0008	0.0000	0.0001
YGR219W	113	0.0084	0.0001	0.0011
YGR220C	269	0.0026	0.0000	0.0000
YGR221C	622	0.0261	0.0010	0.0233
YGR222W	293	0.0006	0.0000	0.0000
YGR223C	448	0.0030	0.0000	0.0002
YGR224W	613	0.0074	0.0003	0.0021
YGR225W	593	0.0050	0.0001	0.0053
YGR226C	69	0.0076	0.0001	0.1289
YGR227W	525	0.0064	0.0001	0.0152
YGR227C-A	57	0.0003	0.0000	0.0000
YGR228W	114	0.2519	0.0015	0.8721
YGR229C	505	0.0062	0.0003	0.0000
YGR230W	137	0.0006	0.0000	0.0000
YGR231C	310	0.0010	0.0000	0.0000
YGR232W	228	0.0005	0.0000	0.0000
YGR233C	1178	0.0023	0.0000	0.0003
YGR234W	399	0.0008	0.0000	0.0000
YGR235C	233	0.0010	0.0000	0.0000
YGR236C	95	0.0004	0.0000	0.0000
YGR237C	785	0.0026	0.0000	0.0003
YGR238C	882	0.0025	0.0004	0.0002
YGR239C	288	0.0014	0.0000	0.0003
YGR240C	987	0.0016	0.0000	0.0003
YGR240C-A	66	0.0063	0.0002	0.0258
YGR241C	568	0.0074	0.0000	0.0001
YGR242W	102	0.0055	0.0000	0.0028
YGR243W	146	0.0015	0.0000	0.0003
YGR244C	427	0.0004	0.0000	0.0000
YGR245C	767	0.0001	0.0000	0.0000
YGR246C	596	0.0003	0.0000	0.0000
YGR247W	239	0.0009	0.0000	0.0004
YGR248W	255	0.0009	0.0000	0.0001
YGR249W	456	0.0084	0.0009	0.0018
YGR250C	781	0.0038	0.0000	0.0013
YGR251W	196	0.0001	0.0000	0.0000
YGR252W	439	0.0017	0.0001	0.0000
YGR253C	260	0.0010	0.0000	0.0000
YGR254W	437	0.0004	0.0000	0.0000
YGR255C	479	0.0008	0.0000	0.0002
YGR256W	492	0.0011	0.0000	0.0001
YGR257C	366	0.0009	0.0000	0.0000
YGR258C	1031	0.0002	0.0000	0.0000
YGR259C	146	0.0059	0.0000	0.0044
YGR260W	534	0.0028	0.0002	0.0018
YGR261C	809	0.0010	0.0000	0.0003
YGR262C	261	0.0004	0.0000	0.0001
YGR263C	424	0.0025	0.0000	0.0003
YGR264C	751	0.0010	0.0000	0.0003
YGR265W	136	0.0008	0.0000	0.0000
YGR266W	701	0.0027	0.0001	0.0003
YGR267C	243	0.0011	0.0000	0.0000
YGR268C	198	0.0302	0.0205	0.5510
YGR269W	108	0.0013	0.0000	0.0000
YGR270W	1379	0.0004	0.0000	0.0001
YGR270C-A	72	0.0109	0.0000	0.0078
YGR271W	1967	0.0003	0.0000	0.0004
YGR271C-A	233	0.0002	0.0000	0.0000
YGR273C	174	0.0011	0.0000	0.0000
YGR274C	1066	0.0012	0.0000	0.0000
YGR275W	157	0.0007	0.0000	0.0000
YGR276C	553	0.0004	0.0000	0.0000
YGR277C	305	0.0017	0.0000	0.0014
YGR278W	577	0.0009	0.0000	0.0000
YGR279C	386	0.0331	0.0000	0.0311
YGR280C	271	0.0003	0.0000	0.0000
YGR281W	1477	0.0005	0.0000	0.0001
YGR282C	313	0.0168	0.0000	0.0106
YGR283C	341	0.0039	0.0000	0.0004
YGR284C	310	0.0008	0.0000	0.0033
YGR285C	433	0.0002	0.0000	0.0000
YGR286C	375	0.0008	0.0000	0.0000
YGR287C	589	0.0010	0.0000	0.0005
YGR288W	473	0.0012	0.0000	0.0025
YGR289C	616	0.0030	0.0001	0.0004
YGR290W	147	0.0109	0.0000	0.0006
YGR291C	73	0.0009	0.0000	0.0000
YGR292W	584	0.0010	0.0000	0.0008
YGR293C	153	0.0089	0.0006	0.0021
YGR294W	120	0.0210	0.0000	0.0059
YGR295C	381	0.0005	0.0000	0.0000
YGR296W	1859	0.0015	0.0000	0.0045
YGR296C-A	191	0.5664	0.1480	0.7390
YGR296C-B	160	0.0056	0.0001	0.0003
YHL050C	697	0.0053	0.0001	0.0006
YHL050W-A	160	0.0082	0.0001	0.0002
YHL049C	271	0.0012	0.0000	0.0001
YHL048C-A	44	0.0012	0.0000	0.0000
YHL048W	381	0.0004	0.0000	0.0000
YHL047C	620	0.0077	0.0003	0.0007
YHL046W-A	108	0.0040	0.0000	0.0001
YHL046C	120	0.0231	0.0000	0.0048
YHL045W	115	0.0049	0.0002	0.0773
YHL044W	235	0.0036	0.0000	0.0005
YHL043W	170	0.0016	0.0000	0.0000
YHL042W	150	0.0018	0.0000	0.0000
YHL041W	149	0.0050	0.0001	0.0001
YHL040C	627	0.0115	0.0006	0.0039
YHL039W	585	0.0010	0.0000	0.0002
YHL038C	630	0.0010	0.0000	0.0000
YHL037C	133	0.0098	0.0000	0.0020
YHL036W	546	0.0025	0.0000	0.0066
YHL035C	1592	0.0009	0.0000	0.0008
YHL034W-A	153	0.2039	0.0021	0.1542
YHL034C	294	0.0027	0.0000	0.0000
YHL033C	256	0.0004	0.0000	0.0000
YHL032C	709	0.0007	0.0000	0.0002
YHL031C	223	0.0008	0.0000	0.0000
YHL030W-A	153	0.0127	0.0000	0.0042
YHL030W	1868	0.0007	0.0000	0.0009
YHL029C	679	0.0018	0.0000	0.0011
YHL028W	605	0.8854	0.9991	0.9992
YHL027W	625	0.0124	0.0006	0.0149
YHL026C	315	0.0037	0.0000	0.0008
YHL025W	332	0.0007	0.0000	0.0000
YHL024W	713	0.0037	0.0000	0.0006
YHL023C	1146	0.0054	0.0000	0.0012
YHL022C	398	0.0018	0.0000	0.0002
YHL021C	465	0.0065	0.0007	0.0022
YHL020C	404	0.0003	0.0000	0.0000
YHL019W-A	197	0.0201	0.0001	0.0760
YHL019C	605	0.0041	0.0001	0.0001
YHL018W	120	0.0014	0.0002	0.0000
YHL017W	532	0.0139	0.0002	0.0051
YHL016C	735	0.0023	0.0000	0.0029
YHL015W-A	27	0.0009	0.0000	0.0000
YHL015W	121	0.0040	0.0002	0.0000
YHL014C	405	0.0005	0.0000	0.0000
YHL013C	307	0.0004	0.0000	0.0000
YHL012W	493	0.0020	0.0000	0.0007
YHL011C	320	0.0005	0.0000	0.0000
YHL010C	585	0.0005	0.0000	0.0000
YHL009C	330	0.0010	0.0000	0.0000
YHL009W-A	413	0.0020	0.0000	0.0000
YHL009W-B	1802	0.0023	0.0001	0.0012
YHL008C	627	0.0017	0.0000	0.0001
YHL007C	939	0.0033	0.0000	0.0032
YHL006W-A	117	0.0181	0.0001	0.0557
YHL006C	150	0.0012	0.0000	0.0001
YHL005C	130	0.0249	0.0000	0.0419
YHL004W	394	0.0017	0.0000	0.0001
YHL003C	411	0.0022	0.0000	0.0002
YHL002C-A	162	0.0095	0.0000	0.0068
YHL002W	452	0.0016	0.0000	0.0000
YHL001W	138	0.0005	0.0000	0.0000
YHR001W	437	0.0018	0.0000	0.0000
YHR001W-A	77	0.0018	0.0000	0.0008
YHR002W	357	0.0008	0.0000	0.0005
YHR003C	429	0.0006	0.0000	0.0000
YHR004C	446	0.0011	0.0000	0.0001
YHR005C	472	0.0005	0.0000	0.0000
YHR005C-A	93	0.0009	0.0000	0.0000
YHR006W	541	0.0102	0.0018	0.0040
YHR007C	530	0.0052	0.0001	0.0002
YHR007C-A	71	0.0027	0.0000	0.0000
YHR008C	233	0.0014	0.0000	0.0001
YHR009C	523	0.0015	0.0000	0.0022
YHR010W	136	0.0003	0.0000	0.0000
YHR011W	446	0.0020	0.0000	0.0000
YHR012W	282	0.0065	0.0000	0.0020
YHR013C	238	0.0024	0.0000	0.0000
YHR014W	291	0.0068	0.0014	0.0017
YHR015W	659	0.0012	0.0000	0.0001
YHR016C	468	0.0124	0.0000	0.0008
YHR017W	385	0.0016	0.0000	0.0005
YHR018C	463	0.0006	0.0000	0.0000
YHR019C	554	0.0031	0.0000	0.0003
YHR020W	688	0.0027	0.0001	0.0002
YHR021C	82	0.0064	0.0007	0.1892
YHR021W-A	151	0.0062	0.0001	0.0021
YHR022C	256	0.0007	0.0000	0.0013
YHR022C-A	29	0.0010	0.0001	0.0000
YHR023W	1928	0.0006	0.0000	0.0000
YHR024C	482	0.0001	0.0000	0.0002
YHR025W	357	0.0013	0.0000	0.0044
YHR026W	213	0.0013	0.0000	0.0010
YHR027C	993	0.0007	0.0000	0.0001
YHR028C	818	0.0079	0.0019	0.0043
YHR028W-A	106	0.0044	0.0000	0.0008
YHR029C	294	0.0024	0.0000	0.0004
YHR030C	484	0.0011	0.0000	0.0000
YHR031C	723	0.0006	0.0000	0.0000
YHR032W	581	0.0006	0.0000	0.0004
YHR032W-A	59	0.0021	0.0000	0.0000
YHR032C-A	39	0.0080	0.0001	0.0003
YHR033W	423	0.0008	0.0000	0.0001
YHR034C	344	0.0033	0.0000	0.0000
YHR035W	630	0.0027	0.0000	0.0005
YHR036W	471	0.0039	0.0000	0.0004
YHR037W	575	0.0007	0.0000	0.0007
YHR038W	230	0.0005	0.0000	0.0000
YHR039C	644	0.0010	0.0000	0.0010
YHR039C-A	114	0.0001	0.0000	0.0000
YHR040W	366	0.0014	0.0000	0.0001
YHR041C	210	0.0028	0.0000	0.0001
YHR042W	691	0.0006	0.0000	0.0009
YHR043C	246	0.0009	0.0000	0.0003
YHR044C	246	0.0010	0.0000	0.0013
YHR045W	560	0.0040	0.0000	0.0011
YHR046C	295	0.0036	0.0000	0.0125
YHR047C	856	0.0009	0.0000	0.0001
YHR048W	514	0.0042	0.0005	0.0024
YHR049W	243	0.0009	0.0000	0.0001
YHR049C-A	98	0.0013	0.0000	0.0000
YHR050W	549	0.0033	0.0000	0.0010
YHR050W-A	56	0.0181	0.0001	0.1559
YHR051W	148	0.0005	0.0000	0.0000
YHR052W	376	0.0008	0.0000	0.0000
YHR052W-A	64	0.0080	0.0002	0.1738
YHR052C-B	57	0.0013	0.0000	0.0000
YHR053C	61	0.1619	0.0001	0.9943
YHR054C	354	0.0007	0.0000	0.0000
YHR054W-A	64	0.0086	0.0002	0.1738
YHR054C-B	57	0.0015	0.0000	0.0000
YHR055C	61	0.1427	0.0001	0.9943
YHR056C	883	0.0015	0.0000	0.0002
YHR056W-A	144	0.0120	0.0001	0.0002
YHR057C	205	0.0236	0.0006	0.0010
YHR058C	295	0.0149	0.0001	0.0005
YHR059W	130	0.0004	0.0000	0.0000
YHR060W	181	0.0010	0.0000	0.0000
YHR061C	314	0.0020	0.0000	0.0001
YHR062C	293	0.0005	0.0000	0.0001
YHR063C	379	0.0028	0.0000	0.0001
YHR063W-A	111	0.0276	0.0002	0.0095
YHR064C	538	0.0007	0.0000	0.0001
YHR065C	501	0.0001	0.0000	0.0000
YHR066W	453	0.0005	0.0000	0.0000
YHR067W	280	0.0082	0.0002	0.0002
YHR068W	387	0.0005	0.0000	0.0000
YHR069C	359	0.0020	0.0000	0.0001
YHR069C-A	120	0.0094	0.0000	0.0016
YHR070W	499	0.0024	0.0000	0.0002
YHR070C-A	136	0.0046	0.0000	0.0000
YHR071W	229	0.0012	0.0000	0.0001
YHR071C-A	106	0.0008	0.0000	0.0000
YHR072W	731	0.0020	0.0000	0.0070
YHR072W-A	58	0.0025	0.0002	0.0001
YHR073W	996	0.0027	0.0001	0.0005
YHR073W-A	58	0.0013	0.0000	0.0001
YHR073C-B	26	0.0040	0.0003	0.0591
YHR074W	714	0.0017	0.0000	0.0003
YHR075C	400	0.0010	0.0000	0.0002
YHR076W	343	0.0002	0.0000	0.0015
YHR077C	1089	0.0005	0.0000	0.0000
YHR078W	552	0.0034	0.0000	0.0008
YHR079C	1115	0.0033	0.0000	0.0003
YHR079C-A	91	0.0001	0.0000	0.0000
YHR080C	1345	0.0044	0.0000	0.0014
YHR081W	184	0.0002	0.0000	0.0000
YHR082C	1029	0.0018	0.0000	0.0007
YHR083W	329	0.0012	0.0000	0.0002
YHR084W	688	0.0100	0.0006	0.0063
YHR085W	334	0.0005	0.0000	0.0001
YHR086W	523	0.0028	0.0000	0.0010
YHR086W-A	53	0.0178	0.0005	0.6840
YHR087W	111	0.0008	0.0000	0.0003
YHR088W	295	0.0007	0.0000	0.0000
YHR089C	205	0.0020	0.0000	0.0007
YHR090C	282	0.0008	0.0000	0.0000
YHR091C	643	0.0005	0.0000	0.0000
YHR092C	576	0.0041	0.0004	0.0064
YHR093W	182	0.0031	0.0000	0.0040
YHR094C	570	0.0044	0.0002	0.0127
YHR095W	164	0.0023	0.0000	0.0000
YHR096C	592	0.0029	0.0003	0.0134
YHR097C	366	0.0011	0.0000	0.0001
YHR098C	929	0.0090	0.0001	0.0070
YHR099W	3744	0.0009	0.0000	0.0078
YHR100C	185	0.0017	0.0000	0.0009
YHR101C	335	0.0039	0.0000	0.0014
YHR102W	1080	0.0100	0.0001	0.0085
YHR103W	852	0.0009	0.0000	0.0001
YHR104W	327	0.0002	0.0000	0.0003
YHR105W	214	0.0035	0.0001	0.0001
YHR106W	342	0.0007	0.0000	0.0001
YHR107C	407	0.0008	0.0000	0.0000
YHR108W	585	0.0010	0.0000	0.0000
YHR109W	585	0.0029	0.0000	0.0006
YHR110W	212	0.0012	0.0000	0.0000
YHR111W	440	0.0006	0.0000	0.0026
YHR112C	378	0.0007	0.0000	0.0003
YHR113W	490	0.0021	0.0000	0.0001
YHR114W	633	0.0077	0.0002	0.0003
YHR115C	416	0.0091	0.0016	0.0016
YHR116W	151	0.0224	0.0018	0.0599
YHR117W	639	0.0003	0.0000	0.0000
YHR118C	435	0.0010	0.0000	0.0000
YHR119W	1080	0.0023	0.0001	0.0002
YHR120W	959	0.0007	0.0000	0.0001
YHR121W	187	0.0007	0.0000	0.0001
YHR122W	231	0.0012	0.0000	0.0000
YHR123W	391	0.0020	0.0000	0.0077
YHR124W	627	0.0068	0.0001	0.0006
YHR125W	101	0.0257	0.0003	0.0062
YHR126C	159	0.0252	0.0003	0.0007
YHR127W	243	0.0005	0.0000	0.0000
YHR128W	216	0.0013	0.0000	0.0002
YHR129C	384	0.0004	0.0000	0.0002
YHR130C	111	0.0032	0.0001	0.0001
YHR131C	850	0.0111	0.0001	0.0005
YHR131W-A	81	0.0013	0.0000	0.0000
YHR132C	430	0.0045	0.0000	0.0007
YHR132W-A	131	0.0006	0.0000	0.0001
YHR133C	291	0.0023	0.0000	0.0005
YHR134W	269	0.0016	0.0000	0.0000
YHR135C	538	0.0011	0.0000	0.0000
YHR136C	148	0.0009	0.0000	0.0000
YHR137W	513	0.0013	0.0000	0.0001
YHR137C-A	216	0.0019	0.0000	0.0006
YHR138C	114	0.0077	0.0000	0.0001
YHR139C	326	0.7670	0.0677	0.6792
YHR139C-A	103	0.0015	0.0000	0.0000
YHR140W	239	0.0033	0.0001	0.0075
YHR141C	106	0.0058	0.0000	0.0001
YHR142W	316	0.0176	0.0004	0.0059
YHR143W	325	0.9992	1.0000	0.9953
YHR143W-A	70	0.0022	0.0001	0.0000
YHR144C	312	0.0027	0.0000	0.0002
YHR145C	118	0.0052	0.0000	0.0000
YHR146W	465	0.0224	0.0121	0.0006
YHR147C	214	0.0027	0.0000	0.0000
YHR148W	183	0.0004	0.0000	0.0000
YHR149C	734	0.0103	0.0000	0.0021
YHR150W	579	0.0025	0.0000	0.0007
YHR151C	526	0.1049	0.0081	0.0115
YHR152W	173	0.0004	0.0000	0.0000
YHR153C	198	0.0007	0.0000	0.0000
YHR154W	1070	0.0031	0.0001	0.0008
YHR155W	1228	0.0026	0.0002	0.0005
YHR156C	340	0.0010	0.0000	0.0000
YHR157W	182	0.0043	0.0000	0.0017
YHR158C	1164	0.0051	0.0005	0.0005
YHR159W	504	0.0011	0.0000	0.0000
YHR160C	283	0.0015	0.0000	0.0000
YHR161C	637	0.0074	0.0000	0.0005
YHR162W	129	0.0011	0.0000	0.0002
YHR163W	249	0.0017	0.0000	0.0005
YHR164C	1522	0.0017	0.0000	0.0005
YHR165C	2413	0.0050	0.0003	0.0015
YHR165W-A	103	0.0045	0.0000	0.6300
YHR166C	626	0.0003	0.0000	0.0000
YHR167W	261	0.0006	0.0000	0.0000
YHR168W	518	0.0004	0.0000	0.0000
YHR169W	431	0.0001	0.0000	0.0000
YHR170W	518	0.0049	0.0003	0.0001
YHR171W	630	0.0012	0.0000	0.0002
YHR172W	823	0.0010	0.0000	0.0000
YHR173C	112	0.0048	0.0001	0.0006
YHR174W	437	0.0005	0.0000	0.0000
YHR175W	189	0.0036	0.0000	0.0001
YHR175W-A	49	0.0174	0.0006	0.3032
YHR176W	432	0.0009	0.0000	0.0008
YHR177W	453	0.0229	0.0042	0.0082
YHR178W	743	0.0005	0.0000	0.0003
YHR179W	400	0.0009	0.0000	0.0001
YHR180W	163	0.1964	0.2593	0.0421
YHR180W-A	60	0.0128	0.0001	0.3663
YHR180C-B	34	0.0024	0.0000	0.0000
YHR181W	228	0.0037	0.0000	0.0145
YHR182W	785	0.0021	0.0000	0.0004
YHR182C-A	157	0.0299	0.0002	0.0017
YHR183W	489	0.0010	0.0000	0.0001
YHR184W	571	0.0010	0.0000	0.0000
YHR185C	237	0.0103	0.0011	0.0055
YHR186C	1557	0.0015	0.0000	0.0007
YHR187W	309	0.0028	0.0000	0.0017
YHR188C	610	0.0305	0.0013	0.0015
YHR189W	190	0.0017	0.0000	0.0002
YHR190W	444	0.0019	0.0000	0.0000
YHR191C	133	0.0009	0.0000	0.0000
YHR192W	278	0.0006	0.0000	0.0000
YHR193C	174	0.0002	0.0000	0.0000
YHR193C-A	124	0.0003	0.0000	0.0000
YHR194W	579	0.0029	0.0000	0.0002
YHR195W	321	0.0030	0.0000	0.0000
YHR196W	575	0.0030	0.0001	0.0001
YHR197W	763	0.0009	0.0000	0.0001
YHR198C	321	0.0017	0.0000	0.0001
YHR199C	310	0.0010	0.0000	0.0001
YHR199C-A	73	0.0003	0.0000	0.0000
YHR200W	268	0.0014	0.0000	0.0000
YHR201C	397	0.0002	0.0000	0.0000
YHR202W	602	0.0105	0.0000	0.0014
YHR203C	261	0.0021	0.0001	0.0000
YHR204W	796	0.0094	0.0000	0.0018
YHR205W	824	0.0026	0.0000	0.0007
YHR206W	622	0.0030	0.0000	0.0003
YHR207C	526	0.0021	0.0000	0.0001
YHR208W	393	0.0031	0.0000	0.0015
YHR209W	291	0.0007	0.0004	0.0004
YHR210C	341	0.0269	0.0031	0.0048
YHR211W	1075	0.9994	1.0000	0.9999
YHR212C	111	0.0013	0.0000	0.0000
YHR212W-A	67	0.1536	0.0240	0.7634
YHR213W	198	0.9947	1.0000	0.9978
YHR213W-A	77	0.0019	0.0000	0.0000
YHR213W-B	99	0.0044	0.0000	0.0211
YHR214W	203	0.1510	0.0004	0.0466
YHR214W-A	161	0.1598	0.3197	0.0024
YHR214C-B	1793	0.0180	0.0009	0.0246
YHR214C-C	478	0.0658	0.0130	0.0274
YHR214C-D	97	0.0046	0.0001	0.0006
YHR214C-E	99	0.0050	0.0000	0.0005
YHR215W	467	0.0529	0.0031	0.0175
YHR216W	523	0.0006	0.0000	0.0001
YHR217C	153	0.9673	0.9976	1.0000
YHR218W	603	0.0006	0.0000	0.0003
YHR218W-A	105	0.0008	0.0000	0.0000
YHR219W	624	0.0156	0.0004	0.0019
YHR219C-A	160	0.0057	0.0001	0.0003
YIL177C	1758	0.0008	0.0000	0.0087
YIL177W-A	160	0.0057	0.0001	0.0003
YIL176C	120	0.0232	0.0000	0.0035
YIL175W	105	0.0019	0.0000	0.0001
YIL174W	75	0.0041	0.0001	0.1953
YIL173W	1549	0.0504	0.0206	0.0326
YIL172C	589	0.0009	0.0000	0.0003
YIL171W-A	150	0.0081	0.0000	0.1025
YIL171W	109	0.0034	0.0000	0.0124
YIL170W	457	0.0040	0.0007	0.0064
YIL169C	995	0.9966	1.0000	0.9987
YIL167W	337	0.0006	0.0000	0.0009
YIL166C	542	0.0022	0.0002	0.0002
YIL165C	119	0.0038	0.0000	0.0001
YIL164C	199	0.0023	0.0003	0.0030
YIL163C	117	0.0014	0.0000	0.0000
YIL162W	532	0.0329	0.0022	0.0081
YIL161W	235	0.0005	0.0000	0.0000
YIL160C	417	0.0004	0.0000	0.0000
YIL159W	1375	0.0014	0.0000	0.0001
YIL158W	204	0.0046	0.0000	0.0002
YIL157C	197	0.0083	0.0001	0.0001
YIL156W-A	133	0.0009	0.0000	0.0000
YIL156W-B	73	0.0029	0.0000	0.0043
YIL156W	1071	0.0048	0.0002	0.0032
YIL155C	649	0.0017	0.0000	0.0004
YIL154C	346	0.0008	0.0000	0.0000
YIL153W	393	0.0030	0.0000	0.0004
YIL152W	235	0.0044	0.0000	0.0000
YIL151C	1118	0.0021	0.0000	0.0006
YIL150C	571	0.0004	0.0000	0.0000
YIL149C	1679	0.0002	0.0000	0.0000
YIL148W	128	0.0049	0.0004	0.0002
YIL147C	1220	0.0014	0.0000	0.0012
YIL146C	529	0.0046	0.0000	0.0013
YIL145C	309	0.0009	0.0000	0.0002
YIL144W	691	0.0004	0.0000	0.0000
YIL143C	843	0.0006	0.0000	0.0001
YIL142C-A	110	0.0164	0.0000	0.0034
YIL142W	527	0.0004	0.0000	0.0000
YIL141W	129	0.0168	0.0007	0.0292
YIL140W	823	0.1264	0.0033	0.0296
YIL139C	245	0.0025	0.0000	0.0002
YIL138C	161	0.0001	0.0000	0.0000
YIL137C	946	0.0012	0.0000	0.0004
YIL136W	393	0.0004	0.0000	0.0000
YIL135C	436	0.0035	0.0000	0.0004
YIL134C-A	67	0.0036	0.0000	0.0028
YIL134W	311	0.0003	0.0000	0.0001
YIL133C	199	0.0003	0.0000	0.0000
YIL132C	213	0.0012	0.0000	0.0000
YIL131C	484	0.0033	0.0002	0.0004
YIL130W	964	0.0011	0.0000	0.0009
YIL129C	2376	0.0006	0.0000	0.0011
YIL128W	1032	0.0008	0.0000	0.0003
YIL127C	206	0.0004	0.0000	0.0000
YIL126W	1359	0.0002	0.0000	0.0000
YIL125W	1014	0.0012	0.0000	0.0008
YIL124W	297	0.0003	0.0000	0.0001
YIL123W	476	0.9313	0.9537	0.8934
YIL122W	351	0.0054	0.0000	0.0000
YIL121W	542	0.0040	0.0002	0.0033
YIL120W	563	0.0032	0.0001	0.0011
YIL119C	407	0.0029	0.0000	0.0001
YIL118W	231	0.0013	0.0000	0.0009
YIL117C	318	0.0055	0.0002	0.0083
YIL116W	385	0.0006	0.0000	0.0012
YIL115W-A	123	0.0063	0.0000	0.0002
YIL115C	1460	0.0151	0.0000	0.0092
YIL114C	281	0.0053	0.0000	0.0007
YIL113W	209	0.0010	0.0000	0.0001
YIL112W	1083	0.0003	0.0000	0.0000
YIL111W	151	0.0009	0.0000	0.0000
YIL110W	377	0.0016	0.0000	0.0004
YIL109C	926	0.0062	0.0000	0.0002
YIL108W	696	0.0298	0.0043	0.0087
YIL107C	827	0.0010	0.0000	0.0003
YIL106W	314	0.0037	0.0000	0.0014
YIL105C	686	0.0026	0.0000	0.0001
YIL105W-A	46	0.0277	0.0121	0.9206
YIL104C	507	0.0013	0.0000	0.0000
YIL103W	425	0.0008	0.0000	0.0001
YIL102C-A	75	0.0014	0.0000	0.0014
YIL102C	101	0.0091	0.0008	0.0020
YIL101C	647	0.0119	0.0003	0.0117
YIL100C-A	112	0.0540	0.0000	0.9642
YIL100W	117	0.0010	0.0000	0.0001
YIL099W	549	0.0249	0.0002	0.0010
YIL098C	155	0.0002	0.0000	0.0000
YIL097W	516	0.0013	0.0000	0.0001
YIL096C	336	0.0006	0.0000	0.0000
YIL095W	810	0.0032	0.0000	0.0012
YIL094C	371	0.0010	0.0000	0.0002
YIL093C	264	0.0013	0.0000	0.0000
YIL092W	633	0.0030	0.0001	0.0003
YIL091C	721	0.0005	0.0000	0.0001
YIL090W	491	0.0055	0.0001	0.0162
YIL089W	205	0.0009	0.0000	0.0000
YIL088C	490	0.0037	0.0000	0.0019
YIL087C	157	0.0020	0.0000	0.0015
YIL086C	102	0.0015	0.0000	0.0031
YIL085C	517	0.0049	0.0001	0.0003
YIL084C	327	0.0009	0.0000	0.0000
YIL083C	365	0.0017	0.0000	0.0001
YIL082W	290	0.0014	0.0000	0.0000
YIL082W-A	1498	0.0040	0.0001	0.0018
YIL079C	360	0.0031	0.0000	0.0059
YIL078W	734	0.0015	0.0000	0.0000
YIL077C	320	0.0004	0.0000	0.0000
YIL076W	296	0.0005	0.0000	0.0002
YIL075C	945	0.0011	0.0000	0.0001
YIL074C	469	0.0008	0.0000	0.0002
YIL073C	975	0.0008	0.0000	0.0001
YIL072W	605	0.0028	0.0000	0.0003
YIL071W-A	158	0.0351	0.0003	0.0019
YIL071C	444	0.0009	0.0000	0.0000
YIL070C	266	0.0014	0.0000	0.0000
YIL069C	135	0.0002	0.0000	0.0000
YIL068W-A	127	0.0254	0.0000	0.0141
YIL068C	805	0.0007	0.0000	0.0000
YIL067C	678	0.0270	0.0009	0.0116
YIL066W-A	147	0.0127	0.0001	0.0712
YIL066C	869	0.0028	0.0000	0.0007
YIL065C	155	0.0005	0.0000	0.0000
YIL064W	229	0.0014	0.0003	0.0001
YIL063C	327	0.0012	0.0000	0.0000
YIL062C	154	0.0021	0.0000	0.0003
YIL061C	300	0.0028	0.0000	0.0005
YIL060W	144	0.0272	0.0005	0.0200
YIL059C	121	0.1603	0.0024	0.0801
YIL058W	94	0.0074	0.0001	0.0735
YIL057C	164	0.0006	0.0000	0.0000
YIL056W	640	0.0043	0.0001	0.0010
YIL055C	627	0.0057	0.0001	0.0020
YIL054W	105	0.0255	0.0002	0.0101
YIL053W	250	0.0004	0.0000	0.0002
YIL052C	121	0.0011	0.0000	0.0000
YIL051C	145	0.0043	0.0000	0.0001
YIL050W	285	0.0018	0.0000	0.0015
YIL049W	253	0.0031	0.0001	0.0594
YIL048W	1151	0.0011	0.0000	0.0014
YIL047C-A	122	0.0069	0.0001	0.0001
YIL047C	902	0.0026	0.0000	0.0008
YIL046W-A	54	0.0303	0.0000	0.7548
YIL046W	640	0.0048	0.0000	0.0026
YIL045W	538	0.0012	0.0000	0.0000
YIL044C	298	0.0037	0.0000	0.0032
YIL043C	284	0.0008	0.0000	0.0001
YIL042C	394	0.0012	0.0000	0.0001
YIL041W	326	0.0008	0.0000	0.0000
YIL040W	138	0.0027	0.0000	0.0003
YIL039W	473	0.0054	0.0000	0.0015
YIL038C	836	0.0018	0.0000	0.0001
YIL037C	656	0.0132	0.0001	0.0005
YIL036W	587	0.0015	0.0000	0.0001
YIL035C	372	0.0010	0.0000	0.0000
YIL034C	287	0.0019	0.0000	0.0001
YIL033C	416	0.0006	0.0001	0.0000
YIL032C	118	0.0008	0.0000	0.0000
YIL031W	1034	0.0029	0.0000	0.0005
YIL030W-A	112	0.0025	0.0000	0.0000
YIL030C	1319	0.0025	0.0000	0.0007
YIL029W-A	123	0.0074	0.0000	0.0002
YIL029C	142	0.0078	0.0001	0.0002
YIL028W	132	0.0029	0.0000	0.0001
YIL027C	141	0.0019	0.0000	0.0001
YIL026C	1150	0.0008	0.0000	0.0001
YIL025C	124	0.0034	0.0000	0.0011
YIL024C	189	0.0033	0.0002	0.0001
YIL023C	346	0.0036	0.0000	0.0002
YIL022W	431	0.0006	0.0000	0.0000
YIL021W	318	0.0049	0.0000	0.0001
YIL021C-A	89	0.0082	0.0000	0.0207
YIL020C-A	112	0.0080	0.0000	0.0068
YIL020C	261	0.0006	0.0000	0.0002
YIL019W	346	0.0001	0.0000	0.0000
YIL018W	254	0.0013	0.0000	0.0000
YIL017C	921	0.0009	0.0000	0.0003
YIL016W	159	0.0001	0.0000	0.0000
YIL015W	587	0.2953	0.1545	0.3328
YIL014C-A	104	0.1688	0.2516	0.0627
YIL014W	630	0.0015	0.0000	0.0002
YIL013C	1411	0.0031	0.0000	0.0134
YIL012W	113	0.0015	0.0000	0.0001
YIL011W	269	0.0889	0.0000	0.0002
YIL010W	215	0.0005	0.0000	0.0000
YIL009C-A	181	0.0197	0.0017	0.0157
YIL009W	694	0.0013	0.0001	0.0002
YIL008W	99	0.0006	0.0000	0.0000
YIL007C	220	0.0013	0.0000	0.0000
YIL006W	373	0.0017	0.0000	0.0021
YIL005W	701	0.0021	0.0000	0.0002
YIL004C	142	0.0002	0.0000	0.0000
YIL003W	293	0.0014	0.0000	0.0021
YIL002W-A	69	0.0001	0.0000	0.0000
YIL002C	946	0.0021	0.0000	0.0016
YIL001W	513	0.0005	0.0000	0.0000
YIR001C	250	0.0040	0.0003	0.0007
YIR002C	993	0.0005	0.0000	0.0001
YIR003W	679	0.0023	0.0000	0.0001
YIR004W	432	0.0003	0.0000	0.0000
YIR005W	148	0.0006	0.0000	0.0000
YIR006C	1480	0.0239	0.0002	0.0170
YIR007W	764	0.0107	0.0000	0.0148
YIR008C	409	0.0008	0.0000	0.0000
YIR009W	111	0.0007	0.0000	0.0000
YIR010W	576	0.0029	0.0000	0.0000
YIR011C	319	0.0014	0.0000	0.0000
YIR012W	431	0.0059	0.0000	0.0007
YIR013C	121	0.0019	0.0000	0.0003
YIR014W	242	0.0022	0.0000	0.0001
YIR015W	144	0.0025	0.0003	0.0002
YIR016W	265	0.0010	0.0000	0.0001
YIR017C	187	0.0001	0.0000	0.0000
YIR017W-A	199	0.0141	0.0000	0.0002
YIR018W	245	0.0020	0.0001	0.0000
YIR018C-A	45	0.0007	0.0000	0.0000
YIR019C	1367	0.9998	1.0000	1.0000
YIR020C	100	0.0065	0.0002	0.0003
YIR020W-A	80	0.0042	0.0001	0.0077
YIR020C-B	244	0.0051	0.0000	0.0003
YIR021W	363	0.0011	0.0000	0.0002
YIR021W-A	70	0.0055	0.0001	0.0057
YIR022W	167	0.0016	0.0000	0.0000
YIR023W	970	0.0015	0.0000	0.0005
YIR023C-A	107	0.0323	0.0002	0.0469
YIR024C	216	0.0005	0.0000	0.0000
YIR025W	368	0.0005	0.0000	0.0000
YIR026C	364	0.0018	0.0000	0.0001
YIR027C	460	0.0009	0.0000	0.0054
YIR028W	635	0.0076	0.0000	0.0067
YIR029W	343	0.0217	0.0052	0.0001
YIR030C	244	0.0006	0.0000	0.0004
YIR030W-A	127	0.0454	0.0001	0.0608
YIR031C	554	0.0016	0.0000	0.0001
YIR032C	195	0.0046	0.0000	0.0018
YIR033W	1113	0.0058	0.0000	0.0002
YIR034C	373	0.0012	0.0000	0.0004
YIR035C	254	0.0005	0.0000	0.0000
YIR036C	263	0.0008	0.0000	0.0001
YIR036W-A	133	0.0054	0.0000	0.0001
YIR037W	163	0.0010	0.0000	0.0005
YIR038C	234	0.0002	0.0000	0.0000
YIR039C	537	0.0547	0.0015	0.2327
YIR040C	110	0.0144	0.0007	0.0664
YIR041W	124	0.0360	0.0000	0.0152
YIR042C	236	0.0011	0.0000	0.0000
YIR043C	377	0.0006	0.0000	0.0000
YJL225C	1758	0.0008	0.0000	0.0081
YJL225W-A	160	0.0057	0.0001	0.0003
YJL223C	120	0.0232	0.0000	0.0035
YJL222W-B	45	0.0010	0.0000	0.0000
YJL222W-A	75	0.0041	0.0001	0.1953
YJL222W	1549	0.0504	0.0206	0.0333
YJL221C	589	0.0009	0.0000	0.0003
YJL220W	150	0.0081	0.0000	0.1025
YJL219W	567	0.0055	0.0012	0.0105
YJL218W	196	0.0006	0.0001	0.0062
YJL217W	198	0.0213	0.1195	0.0006
YJL216C	581	0.0008	0.0000	0.0002
YJL215C	119	0.0014	0.0000	0.0000
YJL214W	569	0.0053	0.0005	0.0129
YJL213W	331	0.0007	0.0000	0.0002
YJL212C	799	0.0121	0.0002	0.0107
YJL211C	147	0.0071	0.0000	0.0041
YJL210W	271	0.0025	0.0002	0.0148
YJL209W	654	0.0004	0.0000	0.0000
YJL208C	329	0.0070	0.0001	0.0020
YJL207C	2014	0.0012	0.0000	0.0019
YJL206C	758	0.0007	0.0000	0.0013
YJL205C	53	0.0005	0.0000	0.0000
YJL204C	840	0.0015	0.0000	0.0002
YJL203W	280	0.0004	0.0000	0.0000
YJL202C	115	0.0102	0.0001	0.0169
YJL201W	599	0.0026	0.0006	0.0005
YJL200C	789	0.0022	0.0000	0.0007
YJL199C	108	0.0036	0.0005	0.0006
YJL198W	881	0.0013	0.0000	0.0003
YJL197W	1254	0.0077	0.0000	0.0026
YJL197C-A	93	0.0177	0.0004	0.3231
YJL196C	310	0.0014	0.0000	0.0008
YJL195C	233	0.0119	0.0000	0.0162
YJL194W	513	0.0012	0.0001	0.0002
YJL193W	402	0.0017	0.0000	0.0065
YJL192C	234	0.0050	0.0021	0.0002
YJL191W	138	0.0014	0.0000	0.0000
YJL190C	130	0.0006	0.0000	0.0000
YJL189W	51	0.0003	0.0000	0.0000
YJL188C	102	0.0090	0.0002	0.0013
YJL187C	819	0.0015	0.0000	0.0003
YJL186W	586	0.0028	0.0001	0.0011
YJL185C	293	0.0021	0.0000	0.0002
YJL184W	123	0.0004	0.0000	0.0000
YJL183W	422	0.0036	0.0002	0.0003
YJL182C	105	0.0014	0.0000	0.0004
YJL181W	611	0.0060	0.0000	0.0007
YJL180C	325	0.0007	0.0000	0.0000
YJL179W	109	0.0002	0.0000	0.0000
YJL178C	271	0.0202	0.0000	0.0026
YJL177W	184	0.0007	0.0000	0.0000
YJL176C	825	0.0015	0.0000	0.0001
YJL175W	170	0.1305	0.0001	0.2170
YJL174W	276	0.6046	0.9777	0.8252
YJL173C	122	0.0016	0.0000	0.0001
YJL172W	576	0.0042	0.0000	0.0018
YJL171C	396	0.2403	0.0734	0.2916
YJL170C	209	0.0040	0.0000	0.0001
YJL169W	122	0.0010	0.0000	0.0000
YJL168C	733	0.0013	0.0000	0.0000
YJL167W	352	0.0001	0.0000	0.0000
YJL166W	94	0.0007	0.0000	0.0003
YJL165C	855	0.0006	0.0000	0.0001
YJL164C	397	0.0009	0.0000	0.0003
YJL163C	555	0.0033	0.0000	0.0004
YJL162C	583	0.0008	0.0000	0.0000
YJL161W	180	0.0006	0.0000	0.0002
YJL160C	287	0.6266	0.8626	0.2073
YJL159W	413	0.7557	0.6055	0.4435
YJL158C	227	0.5624	0.0276	0.2363
YJL157C	830	0.0028	0.0000	0.0009
YJL156W-A	73	0.0014	0.0000	0.0000
YJL156C	699	0.0045	0.0001	0.0006
YJL155C	452	0.0003	0.0000	0.0001
YJL154C	944	0.0009	0.0000	0.0001
YJL153C	533	0.0013	0.0000	0.0003
YJL152W	119	0.0027	0.0000	0.0002
YJL151C	133	0.0014	0.0000	0.0000
YJL150W	100	0.0042	0.0000	0.0035
YJL149W	663	0.0031	0.0000	0.0000
YJL148W	233	0.0010	0.0000	0.0000
YJL147C	382	0.0005	0.0000	0.0000
YJL146W	469	0.0017	0.0000	0.0001
YJL145W	294	0.0015	0.0001	0.0014
YJL144W	104	0.0019	0.0000	0.0004
YJL143W	158	0.0011	0.0000	0.0001
YJL142C	130	0.0062	0.0000	0.0000
YJL141C	807	0.0038	0.0000	0.0033
YJL140W	221	0.0003	0.0000	0.0000
YJL139C	428	0.0037	0.0001	0.0012
YJL138C	395	0.0002	0.0000	0.0000
YJL137C	380	0.0012	0.0001	0.0001
YJL136W-A	27	0.0019	0.0000	0.0000
YJL136C	87	0.0034	0.0000	0.0000
YJL135W	105	0.0023	0.0000	0.0000
YJL134W	409	0.0025	0.0000	0.0052
YJL133C-A	74	0.0010	0.0000	0.0000
YJL133W	314	0.0028	0.0000	0.0061
YJL132W	750	0.0109	0.0003	0.0011
YJL131C	356	0.0002	0.0000	0.0000
YJL130C	2214	0.0015	0.0000	0.0070
YJL129C	1235	0.0018	0.0000	0.0004
YJL128C	668	0.0016	0.0000	0.0008
YJL127W-A	38	0.0016	0.0000	0.0001
YJL127C-B	52	0.0004	0.0000	0.0003
YJL127C	640	0.0025	0.0000	0.0000
YJL126W	307	0.0013	0.0001	0.0000
YJL125C	383	0.0005	0.0000	0.0001
YJL124C	172	0.0004	0.0000	0.0000
YJL123C	478	0.0009	0.0000	0.0000
YJL122W	175	0.0004	0.0000	0.0000
YJL121C	238	0.0002	0.0000	0.0000
YJL120W	107	0.0043	0.0000	0.0068
YJL119C	107	0.0019	0.0000	0.0001
YJL118W	219	0.0188	0.0002	0.0000
YJL117W	311	0.0016	0.0000	0.0001
YJL116C	337	0.7163	0.1760	0.3943
YJL115W	279	0.0028	0.0001	0.0001
YJL114W	226	0.0009	0.0000	0.0000
YJL113W	1548	0.0040	0.0002	0.0009
YJL112W	714	0.0021	0.0000	0.0006
YJL111W	550	0.0006	0.0000	0.0000
YJL110C	551	0.0010	0.0000	0.0001
YJL109C	1769	0.0008	0.0000	0.0007
YJL108C	383	0.0061	0.0000	0.0058
YJL107C	387	0.0010	0.0000	0.0000
YJL106W	645	0.0022	0.0000	0.0002
YJL105W	560	0.0066	0.0002	0.0017
YJL104W	149	0.0009	0.0000	0.0000
YJL103C	618	0.0045	0.0001	0.0007
YJL102W	819	0.0033	0.0000	0.0011
YJL101C	678	0.0017	0.0000	0.0002
YJL100W	607	0.0060	0.0002	0.0014
YJL099W	746	0.0015	0.0000	0.0002
YJL098W	1058	0.0012	0.0000	0.0001
YJL097W	217	0.0008	0.0000	0.0002
YJL096W	161	0.0045	0.0002	0.0003
YJL095W	1478	0.0117	0.0007	0.0121
YJL094C	873	0.0012	0.0000	0.0023
YJL093C	691	0.0036	0.0000	0.0008
YJL092W	1174	0.0005	0.0000	0.0000
YJL091C	490	0.0034	0.0000	0.0075
YJL090C	764	0.0046	0.0001	0.0016
YJL089W	829	0.0015	0.0000	0.0005
YJL088W	338	0.0008	0.0000	0.0000
YJL087C	827	0.0015	0.0000	0.0002
YJL086C	122	0.0074	0.0003	0.0034
YJL085W	623	0.0003	0.0000	0.0000
YJL084C	1046	0.0084	0.0001	0.0017
YJL083W	604	0.0024	0.0000	0.0001
YJL082W	731	0.0003	0.0000	0.0000
YJL081C	489	0.0014	0.0000	0.0024
YJL080C	1222	0.0022	0.0000	0.0003
YJL079C	299	0.8234	0.2265	0.8012
YJL078C	881	0.9965	0.9999	0.9963
YJL077W-B	32	0.0007	0.0000	0.0000
YJL077C	131	0.0197	0.0001	0.0042
YJL077W-A	28	0.0039	0.0000	0.0017
YJL076W	1189	0.0027	0.0000	0.0018
YJL075C	138	0.0126	0.0001	0.0006
YJL074C	1230	0.0004	0.0000	0.0000
YJL073W	645	0.0006	0.0000	0.0001
YJL072C	213	0.0009	0.0000	0.0000
YJL071W	574	0.0008	0.0000	0.0001
YJL070C	888	0.0029	0.0001	0.0014
YJL069C	594	0.0028	0.0000	0.0006
YJL068C	299	0.0015	0.0000	0.0032
YJL067W	116	0.0028	0.0000	0.0009
YJL066C	252	0.0026	0.0000	0.0002
YJL065C	167	0.0032	0.0000	0.0008
YJL064W	131	0.1198	0.0008	0.9628
YJL063C	238	0.0006	0.0000	0.0000
YJL062W-A	85	0.0005	0.0000	0.0001
YJL062W	830	0.0036	0.0000	0.0005
YJL061W	713	0.0024	0.0001	0.0000
YJL060W	444	0.0007	0.0000	0.0013
YJL059W	408	0.0048	0.0000	0.0031
YJL058C	543	0.0029	0.0000	0.0010
YJL057C	667	0.0014	0.0000	0.0007
YJL056C	880	0.0130	0.0005	0.0164
YJL055W	245	0.0007	0.0000	0.0000
YJL054W	478	0.0042	0.0001	0.0004
YJL053W	379	0.0230	0.0027	0.0014
YJL052C-A	39	0.0033	0.0000	0.0001
YJL052W	332	0.0014	0.0000	0.0007
YJL051W	822	0.0044	0.0000	0.0037
YJL050W	1073	0.0005	0.0000	0.0000
YJL049W	450	0.0003	0.0000	0.0000
YJL048C	396	0.0034	0.0000	0.0005
YJL047C-A	44	0.0012	0.0000	0.0000
YJL047C	842	0.0009	0.0000	0.0001
YJL046W	409	0.0012	0.0000	0.0000
YJL045W	634	0.0019	0.0000	0.0004
YJL044C	458	0.0007	0.0000	0.0000
YJL043W	257	0.0022	0.0000	0.0006
YJL042W	1398	0.0009	0.0000	0.0002
YJL041W	823	0.0094	0.0000	0.0064
YJL039C	1683	0.0010	0.0000	0.0021
YJL038C	219	0.0014	0.0000	0.0000
YJL037W	224	0.0051	0.0000	0.0001
YJL036W	423	0.0005	0.0000	0.0000
YJL035C	250	0.0007	0.0000	0.0001
YJL034W	682	0.0005	0.0000	0.0001
YJL033W	770	0.0001	0.0000	0.0000
YJL032W	104	0.0110	0.0000	0.0003
YJL031C	327	0.0006	0.0000	0.0000
YJL030W	196	0.0081	0.0001	0.0034
YJL029C	822	0.0008	0.0000	0.0001
YJL028W	111	0.0035	0.0000	0.0000
YJL027C	138	0.0018	0.0000	0.0006
YJL026W	399	0.0002	0.0000	0.0000
YJL026C-A	73	0.0014	0.0000	0.0000
YJL025W	514	0.0013	0.0000	0.0000
YJL024C	194	0.0015	0.0000	0.0001
YJL023C	347	0.0006	0.0000	0.0001
YJL022W	102	0.0062	0.0000	0.0073
YJL020C	1157	0.0214	0.0027	0.0020
YJL020W-A	85	0.0293	0.0001	0.1794
YJL019W	682	0.0040	0.0000	0.0001
YJL016W	561	0.0037	0.0001	0.0004
YJL015C	94	0.0074	0.0001	0.0135
YJL014W	534	0.0005	0.0000	0.0000
YJL013C	515	0.0006	0.0000	0.0000
YJL012C	721	0.0020	0.0000	0.0002
YJL011C	161	0.0002	0.0000	0.0000
YJL010C	666	0.0002	0.0000	0.0000
YJL009W	108	0.0126	0.0001	0.0418
YJL008C	568	0.0005	0.0000	0.0000
YJL007C	104	0.0043	0.0001	0.0029
YJL006C	323	0.0025	0.0000	0.0003
YJL005W	2026	0.0047	0.0000	0.0016
YJL004C	203	0.0024	0.0000	0.0005
YJL003W	118	0.0004	0.0000	0.0000
YJL002C	476	0.0220	0.0022	0.0052
YJL001W	215	0.0020	0.0000	0.0056
YJR001W	602	0.0026	0.0000	0.0042
YJR002W	593	0.0004	0.0000	0.0000
YJR003C	519	0.0003	0.0000	0.0000
YJR004C	650	0.9592	0.9990	0.7421
YJR005W	700	0.0005	0.0000	0.0000
YJR005C-A	93	0.0000	0.0000	0.0000
YJR006W	487	0.0112	0.0003	0.0021
YJR007W	304	0.0007	0.0000	0.0000
YJR008W	338	0.0031	0.0000	0.0004
YJR009C	332	0.0011	0.0000	0.0003
YJR010W	511	0.0024	0.0000	0.0002
YJR010C-A	94	0.0012	0.0000	0.0001
YJR011C	261	0.0008	0.0000	0.0000
YJR012C	132	0.0024	0.0000	0.0001
YJR013W	403	0.0009	0.0000	0.0096
YJR014W	198	0.0003	0.0000	0.0000
YJR015W	510	0.0086	0.0004	0.0072
YJR016C	585	0.0013	0.0000	0.0004
YJR017C	170	0.0017	0.0000	0.0000
YJR018W	120	0.0074	0.0000	0.0080
YJR019C	349	0.0153	0.0012	0.0014
YJR020W	110	0.0165	0.0011	0.0156
YJR021C	314	0.0003	0.0000	0.0000
YJR022W	109	0.0008	0.0000	0.0000
YJR023C	133	0.0078	0.0000	0.0000
YJR024C	244	0.0033	0.0000	0.0008
YJR025C	177	0.0059	0.0403	0.0013
YJR026W	440	0.0255	0.0072	0.0189
YJR027W	1755	0.0120	0.0005	0.0220
YJR028W	440	0.0281	0.0082	0.0156
YJR029W	1755	0.0120	0.0006	0.0197
YJR030C	745	0.0062	0.0021	0.0006
YJR031C	1408	0.0009	0.0000	0.0003
YJR032W	393	0.0007	0.0000	0.0003
YJR033C	1357	0.0055	0.0001	0.0014
YJR034W	108	0.0015	0.0000	0.0000
YJR035W	1085	0.0002	0.0000	0.0000
YJR036C	892	0.0009	0.0000	0.0004
YJR037W	127	0.0019	0.0000	0.0001
YJR038C	120	0.0077	0.0001	0.0044
YJR039W	1121	0.0247	0.0029	0.0082
YJR040W	779	0.0046	0.0000	0.0024
YJR041C	1174	0.0005	0.0000	0.0003
YJR042W	744	0.0006	0.0000	0.0001
YJR043C	350	0.0009	0.0000	0.0001
YJR044C	140	0.0021	0.0000	0.0010
YJR045C	654	0.0006	0.0000	0.0001
YJR046W	604	0.0021	0.0000	0.0001
YJR047C	157	0.0010	0.0000	0.0000
YJR048W	109	0.0022	0.0000	0.0002
YJR049C	530	0.0006	0.0000	0.0001
YJR050W	235	0.0003	0.0000	0.0000
YJR051W	501	0.0010	0.0000	0.0001
YJR052W	565	0.0007	0.0000	0.0000
YJR053W	574	0.0008	0.0000	0.0000
YJR054W	497	0.0041	0.0000	0.0009
YJR055W	164	0.0006	0.0000	0.0002
YJR056C	236	0.0004	0.0000	0.0000
YJR057W	216	0.0004	0.0000	0.0000
YJR058C	147	0.0005	0.0000	0.0000
YJR059W	818	0.0017	0.0000	0.0011
YJR060W	351	0.0002	0.0000	0.0000
YJR061W	935	0.0006	0.0000	0.0001
YJR062C	457	0.0028	0.0001	0.0004
YJR063W	125	0.0057	0.0002	0.0684
YJR064W	562	0.0005	0.0000	0.0000
YJR065C	449	0.0013	0.0000	0.0025
YJR066W	2470	0.0012	0.0000	0.0010
YJR067C	141	0.0008	0.0000	0.0000
YJR068W	353	0.0003	0.0000	0.0001
YJR069C	197	0.0008	0.0000	0.0000
YJR070C	325	0.0003	0.0000	0.0000
YJR071W	122	0.0036	0.0000	0.0002
YJR072C	385	0.0005	0.0000	0.0000
YJR073C	206	0.0008	0.0000	0.0000
YJR074W	218	0.0027	0.0000	0.0003
YJR075W	396	0.0015	0.0001	0.0000
YJR076C	415	0.0007	0.0000	0.0000
YJR077C	311	0.0008	0.0000	0.0062
YJR078W	453	0.0015	0.0000	0.0001
YJR079W	109	0.0006	0.0000	0.0005
YJR080C	394	0.0025	0.0000	0.0001
YJR082C	113	0.0004	0.0000	0.0000
YJR083C	309	0.0009	0.0000	0.0000
YJR084W	423	0.0005	0.0000	0.0000
YJR085C	105	0.0010	0.0000	0.0147
YJR086W	110	0.0021	0.0000	0.0000
YJR087W	116	0.0021	0.0000	0.0000
YJR088C	292	0.0003	0.0000	0.0000
YJR089W	954	0.0031	0.0001	0.0002
YJR090C	1151	0.0022	0.0000	0.0001
YJR091C	1091	0.0017	0.0000	0.0009
YJR092W	1447	0.0037	0.0000	0.0005
YJR093C	327	0.0033	0.0000	0.0002
YJR094C	360	0.0292	0.0021	0.0196
YJR094W-A	92	0.0011	0.0000	0.0010
YJR095W	322	0.0006	0.0000	0.0002
YJR096W	282	0.0002	0.0000	0.0002
YJR097W	172	0.0007	0.0000	0.0000
YJR098C	656	0.0010	0.0000	0.0002
YJR099W	236	0.0022	0.0000	0.0004
YJR100C	327	0.0038	0.0000	0.0001
YJR101W	266	0.0014	0.0000	0.0001
YJR102C	202	0.0032	0.0001	0.0004
YJR103W	578	0.0009	0.0000	0.0002
YJR104C	154	0.0352	0.0001	0.0033
YJR105W	340	0.0006	0.0000	0.0004
YJR106W	725	0.0031	0.0000	0.0002
YJR107W	328	0.0027	0.0000	0.0007
YJR107C-A	78	0.0005	0.0000	0.0000
YJR108W	123	0.0209	0.0005	0.0105
YJR109C	1118	0.0012	0.0000	0.0011
YJR110W	688	0.0011	0.0000	0.0001
YJR111C	283	0.0009	0.0000	0.0000
YJR112W	201	0.0005	0.0000	0.0000
YJR112W-A	109	0.0004	0.0000	0.0001
YJR113C	247	0.0006	0.0000	0.0000
YJR114W	130	0.0144	0.0004	0.0484
YJR115W	169	0.0033	0.0000	0.0004
YJR116W	279	0.0036	0.0001	0.0002
YJR117W	453	0.0005	0.0000	0.0005
YJR118C	203	0.0015	0.0000	0.0000
YJR119C	728	0.0052	0.0003	0.0086
YJR120W	116	0.0055	0.0000	0.0095
YJR121W	511	0.0013	0.0000	0.0002
YJR122W	497	0.0087	0.0001	0.0023
YJR123W	225	0.0008	0.0000	0.0000
YJR124C	448	0.0023	0.0000	0.0002
YJR125C	408	0.0003	0.0000	0.0001
YJR126C	811	0.0019	0.0000	0.0002
YJR127C	1380	0.0028	0.0000	0.0022
YJR128W	119	0.0126	0.0004	0.0196
YJR129C	339	0.0008	0.0000	0.0002
YJR130C	639	0.0007	0.0000	0.0008
YJR131W	549	0.0014	0.0000	0.0004
YJR132W	1048	0.0011	0.0000	0.0008
YJR133W	209	0.0007	0.0000	0.0000
YJR134C	707	0.0002	0.0000	0.0000
YJR135C	239	0.0007	0.0000	0.0000
YJR135W-A	87	0.0008	0.0000	0.0001
YJR136C	421	0.0016	0.0000	0.0002
YJR137C	1442	0.0015	0.0000	0.0020
YJR138W	1584	0.0018	0.0000	0.0005
YJR139C	359	0.0016	0.0000	0.0018
YJR140C	1648	0.0007	0.0000	0.0004
YJR140W-A	49	0.0074	0.0000	0.0587
YJR141W	347	0.0031	0.0003	0.0006
YJR142W	342	0.0008	0.0001	0.0001
YJR143C	762	0.0052	0.0000	0.0060
YJR144W	269	0.0027	0.0000	0.0026
YJR145C	261	0.0024	0.0001	0.0000
YJR146W	117	0.0058	0.0001	0.0052
YJR147W	358	0.0020	0.0000	0.0001
YJR148W	376	0.0089	0.0002	0.0025
YJR149W	404	0.0003	0.0000	0.0000
YJR150C	298	0.7676	0.2959	0.2036
YJR151C	1161	0.9997	1.0000	1.0000
YJR151W-A	16	0.0023	0.0002	0.0001
YJR152W	543	0.0030	0.0003	0.0002
YJR153W	361	0.2117	0.2891	0.3661
YJR154W	346	0.0038	0.0021	0.0014
YJR155W	288	0.0004	0.0000	0.0000
YJR156C	340	0.0024	0.0001	0.0010
YJR157W	120	0.0268	0.0110	0.2957
YJR158W	567	0.0048	0.0008	0.0061
YJR159W	357	0.0008	0.0000	0.0060
YJR160C	602	0.0041	0.0004	0.0061
YJR161C	383	0.0005	0.0000	0.0000
YJR162C	116	0.0951	0.0070	0.7773
YKL225W	115	0.0936	0.0038	0.3156
YKL224C	123	0.0408	0.0000	0.0120
YKL223W	110	0.0132	0.0006	0.0554
YKL222C	705	0.0007	0.0000	0.0002
YKL221W	473	0.0039	0.0001	0.0007
YKL220C	711	0.0027	0.0000	0.0060
YKL219W	407	0.0013	0.0000	0.0000
YKL218C	326	0.0002	0.0000	0.0000
YKL217W	616	0.0044	0.0019	0.0008
YKL216W	314	0.0003	0.0000	0.0003
YKL215C	1286	0.0013	0.0000	0.0039
YKL214C	203	0.0003	0.0000	0.0000
YKL213C	715	0.0024	0.0000	0.0019
YKL212W	623	0.0025	0.0000	0.0003
YKL211C	484	0.0004	0.0000	0.0006
YKL210W	1024	0.0008	0.0000	0.0008
YKL209C	1290	0.0008	0.0000	0.0010
YKL208W	271	0.0019	0.0000	0.0001
YKL207W	253	0.0009	0.0000	0.0000
YKL206C	267	0.0011	0.0000	0.0001
YKL205W	1100	0.0013	0.0000	0.0001
YKL204W	632	0.0008	0.0000	0.0001
YKL203C	2474	0.0010	0.0000	0.0005
YKL202W	193	0.5821	0.5532	0.0151
YKL201C	1178	0.0023	0.0000	0.0001
YKL198C	662	0.0068	0.0001	0.0140
YKL197C	1043	0.0010	0.0000	0.0004
YKL196C	200	0.0006	0.0000	0.0000
YKL195W	403	0.0077	0.0000	0.0000
YKL194C	462	0.0017	0.0000	0.0000
YKL193C	338	0.0023	0.0001	0.0000
YKL192C	125	0.0009	0.0000	0.0000
YKL191W	534	0.0027	0.0000	0.0023
YKL190W	175	0.0005	0.0000	0.0000
YKL189W	399	0.0015	0.0000	0.0001
YKL188C	853	0.0007	0.0000	0.0000
YKL187C	750	0.0086	0.0000	0.0044
YKL186C	184	0.0069	0.0000	0.0001
YKL185W	588	0.0053	0.0001	0.0047
YKL184W	466	0.0015	0.0000	0.0015
YKL183C-A	70	0.0018	0.0000	0.0001
YKL183W	306	0.0036	0.0000	0.0002
YKL182W	2051	0.0028	0.0000	0.0094
YKL181W	427	0.0006	0.0000	0.0000
YKL180W	184	0.0006	0.0000	0.0000
YKL179C	679	0.0002	0.0000	0.0000
YKL178C	470	0.0071	0.0001	0.0033
YKL177W	112	0.0043	0.0001	0.0000
YKL176C	828	0.0030	0.0000	0.0013
YKL175W	503	0.0086	0.0000	0.0025
YKL174C	618	0.0032	0.0000	0.0009
YKL173W	1008	0.0025	0.0000	0.0006
YKL172W	427	0.0001	0.0000	0.0000
YKL171W	928	0.0016	0.0000	0.0006
YKL170W	138	0.0066	0.0000	0.0002
YKL169C	127	0.4756	0.7843	0.9925
YKL168C	724	0.0019	0.0000	0.0009
YKL167C	137	0.0014	0.0000	0.0000
YKL166C	398	0.0014	0.0000	0.0004
YKL165C-A	77	0.0012	0.0000	0.0000
YKL165C	919	0.0019	0.0000	0.0025
YKL164C	341	0.6910	0.3706	0.1836
YKL163W	325	0.3477	0.0210	0.0078
YKL162C-A	50	0.0017	0.0000	0.0000
YKL162C	402	0.0065	0.0004	0.0009
YKL161C	433	0.0030	0.0000	0.0007
YKL160W	145	0.0021	0.0000	0.0006
YKL159C	211	0.0023	0.0000	0.0000
YKL157W	952	0.0013	0.0000	0.0004
YKL156W	82	0.0053	0.0008	0.1655
YKL156C-A	38	0.0025	0.0000	0.0028
YKL155C	628	0.0009	0.0000	0.0000
YKL154W	244	0.0003	0.0000	0.0003
YKL153W	169	0.0110	0.0000	0.0001
YKL152C	247	0.0003	0.0000	0.0000
YKL151C	337	0.0002	0.0000	0.0001
YKL150W	302	0.0004	0.0000	0.0002
YKL149C	405	0.0007	0.0000	0.0000
YKL148C	640	0.0016	0.0000	0.0003
YKL147C	205	0.0675	0.0016	0.3091
YKL146W	692	0.0031	0.0000	0.0034
YKL145W	467	0.0002	0.0000	0.0000
YKL145W-A	30	0.0018	0.0000	0.0000
YKL144C	212	0.0024	0.0001	0.0003
YKL143W	463	0.0002	0.0000	0.0000
YKL142W	219	0.0002	0.0000	0.0000
YKL141W	198	0.0020	0.0000	0.0000
YKL140W	548	0.0009	0.0000	0.0001
YKL139W	528	0.0021	0.0000	0.0003
YKL138C-A	69	0.0002	0.0000	0.0000
YKL138C	131	0.0006	0.0000	0.0000
YKL137W	111	0.0020	0.0000	0.0000
YKL136W	132	0.1242	0.0004	0.6715
YKL135C	726	0.0004	0.0000	0.0000
YKL134C	772	0.0009	0.0000	0.0002
YKL133C	463	0.0003	0.0000	0.0000
YKL132C	430	0.0038	0.0000	0.0025
YKL131W	173	0.0054	0.0000	0.0018
YKL130C	246	0.0007	0.0000	0.0000
YKL129C	1272	0.0014	0.0000	0.0005
YKL128C	295	0.0013	0.0000	0.0001
YKL127W	570	0.0018	0.0000	0.0032
YKL126W	680	0.0019	0.0000	0.0009
YKL125W	627	0.0006	0.0000	0.0001
YKL124W	579	0.0087	0.0004	0.0006
YKL123W	126	0.0082	0.0000	0.0000
YKL122C	167	0.0008	0.0000	0.0001
YKL121W	852	0.0025	0.0000	0.0056
YKL120W	324	0.0008	0.0000	0.0002
YKL119C	215	0.0003	0.0000	0.0000
YKL118W	103	0.0191	0.0000	0.0014
YKL117W	216	0.0008	0.0000	0.0000
YKL116C	518	0.0031	0.0000	0.0006
YKL115C	130	0.0060	0.0001	0.0388
YKL114C	367	0.0004	0.0000	0.0000
YKL113C	382	0.0001	0.0000	0.0000
YKL112W	731	0.0011	0.0000	0.0000
YKL111C	111	0.0116	0.0007	0.0002
YKL110C	313	0.0013	0.0000	0.0029
YKL109W	554	0.0009	0.0000	0.0001
YKL108W	453	0.0016	0.0000	0.0000
YKL107W	309	0.0011	0.0000	0.0002
YKL106C-A	39	0.0012	0.0000	0.0000
YKL106W	451	0.0011	0.0000	0.0003
YKL105C	1132	0.0033	0.0000	0.0004
YKL104C	717	0.0008	0.0000	0.0003
YKL104W-A	84	0.0039	0.0000	0.0000
YKL103C	514	0.0010	0.0000	0.0004
YKL102C	101	0.0015	0.0000	0.0000
YKL101W	1518	0.0014	0.0000	0.0003
YKL100C	587	0.0022	0.0000	0.0002
YKL100W-A	29	0.0025	0.0000	0.0001
YKL099C	250	0.0001	0.0000	0.0000
YKL098W	357	0.0014	0.0000	0.0001
YKL097C	136	0.0172	0.0001	0.0753
YKL096C-B	49	0.0007	0.0000	0.0000
YKL096W-A	92	0.1423	0.0034	0.0011
YKL096W	239	0.2449	0.0055	0.0091
YKL095W	278	0.0003	0.0000	0.0000
YKL094W	313	0.0009	0.0000	0.0004
YKL093W	339	0.0050	0.0000	0.0074
YKL092C	1104	0.0017	0.0000	0.0000
YKL091C	310	0.0024	0.0001	0.0007
YKL090W	443	0.0011	0.0000	0.0000
YKL089W	549	0.0025	0.0000	0.0002
YKL088W	571	0.0013	0.0000	0.0000
YKL087C	224	0.0025	0.0001	0.0001
YKL086W	127	0.0026	0.0000	0.0001
YKL085W	334	0.0008	0.0000	0.0001
YKL084W	116	0.0116	0.0033	0.2269
YKL083W	204	0.1063	0.0001	0.7597
YKL082C	434	0.0000	0.0000	0.0000
YKL081W	412	0.0008	0.0000	0.0000
YKL080W	392	0.0014	0.0001	0.0001
YKL079W	656	0.0004	0.0000	0.0001
YKL078W	735	0.0006	0.0000	0.0001
YKL077W	392	0.0230	0.0080	0.0026
YKL076C	127	0.0010	0.0000	0.0000
YKL075C	450	0.0006	0.0000	0.0000
YKL074C	527	0.0016	0.0000	0.0001
YKL073W	881	0.0011	0.0000	0.0000
YKL072W	766	0.0009	0.0000	0.0002
YKL071W	256	0.0005	0.0000	0.0015
YKL070W	169	0.0009	0.0001	0.0000
YKL069W	180	0.0022	0.0000	0.0025
YKL068W-A	78	0.0007	0.0000	0.0000
YKL068W	959	0.0185	0.0000	0.1050
YKL067W	153	0.0007	0.0000	0.0000
YKL066W	147	0.0051	0.0010	0.0012
YKL065W-A	73	0.0009	0.0000	0.0000
YKL065C	206	0.0004	0.0000	0.0000
YKL064W	969	0.0010	0.0000	0.0001
YKL063C	167	0.0007	0.0000	0.0000
YKL062W	630	0.0018	0.0000	0.0003
YKL061W	113	0.0002	0.0000	0.0000
YKL060C	359	0.0009	0.0000	0.0003
YKL059C	441	0.0029	0.0000	0.0012
YKL058W	122	0.0025	0.0000	0.0010
YKL057C	1037	0.0029	0.0000	0.0015
YKL056C	167	0.0013	0.0000	0.0000
YKL055C	278	0.0012	0.0000	0.0002
YKL054C	738	0.0639	0.0036	0.0002
YKL053C-A	86	0.0027	0.0000	0.0005
YKL053W	124	0.0024	0.0000	0.0000
YKL052C	292	0.0017	0.0000	0.0001
YKL051W	353	0.0045	0.0001	0.0021
YKL050C	922	0.0003	0.0000	0.0000
YKL049C	229	0.0005	0.0000	0.0000
YKL048C	640	0.0020	0.0000	0.0012
YKL047W	516	0.0028	0.0000	0.0007
YKL046C	449	0.0195	0.0000	0.0032
YKL045W	528	0.0007	0.0000	0.0000
YKL044W	106	0.0064	0.0000	0.0000
YKL043W	366	0.0328	0.0165	0.0037
YKL042W	363	0.0012	0.0000	0.0000
YKL041W	224	0.0002	0.0000	0.0000
YKL040C	256	0.0009	0.0000	0.0000
YKL039W	523	0.0076	0.0001	0.0028
YKL038W	1170	0.0029	0.0000	0.0088
YKL037W	118	0.0299	0.0001	0.1050
YKL036C	130	0.0051	0.0000	0.0081
YKL035W	499	0.0016	0.0000	0.0001
YKL034W	758	0.0073	0.0003	0.0017
YKL033W-A	236	0.0010	0.0000	0.0002
YKL033W	1038	0.0007	0.0000	0.0002
YKL032C	597	0.0033	0.0000	0.0001
YKL031W	137	0.0127	0.0000	0.1316
YKL030W	201	0.0968	0.0017	0.9824
YKL029C	669	0.0024	0.0000	0.0003
YKL028W	482	0.0010	0.0000	0.0000
YKL027W	447	0.0010	0.0000	0.0002
YKL026C	167	0.0023	0.0000	0.0007
YKL025C	679	0.0096	0.0004	0.0104
YKL024C	204	0.0002	0.0000	0.0000
YKL023C-A	75	0.0018	0.0000	0.0003
YKL023W	277	0.0001	0.0000	0.0000
YKL022C	840	0.0004	0.0000	0.0002
YKL021C	468	0.0014	0.0000	0.0000
YKL020C	1082	0.0038	0.0000	0.0003
YKL019W	316	0.0012	0.0000	0.0000
YKL018C-A	99	0.0003	0.0000	0.0000
YKL018W	329	0.0147	0.0003	0.0088
YKL017C	683	0.0006	0.0000	0.0000
YKL016C	174	0.0005	0.0000	0.0000
YKL015W	979	0.0008	0.0000	0.0005
YKL014C	1764	0.0007	0.0000	0.0008
YKL013C	171	0.0011	0.0000	0.0000
YKL012W	583	0.0009	0.0000	0.0000
YKL011C	353	0.0012	0.0000	0.0000
YKL010C	1483	0.0006	0.0000	0.0005
YKL009W	236	0.0024	0.0001	0.0001
YKL008C	418	0.0039	0.0001	0.0005
YKL007W	268	0.0015	0.0000	0.0003
YKL006C-A	97	0.0002	0.0000	0.0000
YKL006W	138	0.0005	0.0000	0.0000
YKL005C	594	0.0018	0.0000	0.0001
YKL004W	401	0.0077	0.0000	0.0575
YKL003C	131	0.0002	0.0000	0.0000
YKL002W	232	0.0001	0.0000	0.0000
YKL001C	202	0.0003	0.0000	0.0000
YKR001C	704	0.0005	0.0000	0.0001
YKR002W	568	0.0004	0.0000	0.0001
YKR003W	448	0.0018	0.0001	0.0001
YKR004C	377	0.0037	0.0001	0.0006
YKR005C	525	0.1601	0.0118	0.0094
YKR006C	264	0.0005	0.0000	0.0000
YKR007W	184	0.0010	0.0000	0.0000
YKR008W	625	0.0021	0.0000	0.0000
YKR009C	900	0.0061	0.0000	0.0010
YKR010C	771	0.0017	0.0000	0.0001
YKR011C	353	0.0023	0.0003	0.0001
YKR012C	125	0.0115	0.0001	0.0145
YKR013W	329	0.9294	0.9805	0.9729
YKR014C	234	0.0011	0.0000	0.0001
YKR015C	568	0.0016	0.0000	0.0000
YKR016W	540	0.0010	0.0000	0.0000
YKR017C	551	0.0032	0.0001	0.0018
YKR018C	725	0.0003	0.0000	0.0000
YKR019C	615	0.0015	0.0000	0.0001
YKR020W	164	0.0006	0.0000	0.0000
YKR021W	915	0.0070	0.0001	0.0016
YKR022C	322	0.0002	0.0000	0.0000
YKR023W	530	0.0004	0.0000	0.0000
YKR024C	742	0.0004	0.0000	0.0000
YKR025W	282	0.0008	0.0000	0.0000
YKR026C	305	0.0007	0.0000	0.0001
YKR027W	765	0.0012	0.0000	0.0003
YKR028W	1033	0.0019	0.0000	0.0003
YKR029C	751	0.0016	0.0001	0.0002
YKR030W	273	0.0040	0.0000	0.0002
YKR031C	1683	0.0008	0.0000	0.0000
YKR032W	104	0.0095	0.0000	0.0234
YKR033C	141	0.0048	0.0000	0.0017
YKR034W	269	0.0028	0.0002	0.0024
YKR035C	213	0.2086	0.0001	0.1107
YKR035W-A	204	0.0001	0.0000	0.0000
YKR036C	643	0.0023	0.0000	0.0001
YKR037C	295	0.0004	0.0000	0.0000
YKR038C	386	0.0005	0.0000	0.0001
YKR039W	602	0.0015	0.0000	0.0008
YKR040C	167	0.0016	0.0000	0.0004
YKR041W	250	0.0005	0.0000	0.0000
YKR042W	365	0.8411	0.5405	0.6167
YKR043C	271	0.0010	0.0000	0.0001
YKR044W	443	0.0173	0.0007	0.0000
YKR045C	183	0.0064	0.0000	0.0037
YKR046C	283	0.0021	0.0000	0.0010
YKR047W	101	0.0361	0.0002	0.0002
YKR048C	417	0.0019	0.0000	0.0000
YKR049C	133	0.0015	0.0000	0.0000
YKR050W	889	0.0015	0.0000	0.0005
YKR051W	418	0.0062	0.0001	0.0115
YKR052C	304	0.0010	0.0000	0.0001
YKR053C	404	0.0043	0.0000	0.0091
YKR054C	4092	0.0007	0.0000	0.0126
YKR055W	291	0.0022	0.0000	0.0097
YKR056W	639	0.0012	0.0000	0.0007
YKR057W	87	0.0037	0.0000	0.0000
YKR058W	616	0.0075	0.0002	0.0012
YKR059W	395	0.0002	0.0000	0.0000
YKR060W	274	0.0008	0.0000	0.0000
YKR061W	425	0.0024	0.0000	0.0002
YKR062W	328	0.0004	0.0000	0.0000
YKR063C	502	0.0005	0.0000	0.0000
YKR064W	863	0.0010	0.0000	0.0002
YKR065C	197	0.0014	0.0000	0.0001
YKR066C	361	0.0016	0.0000	0.0002
YKR067W	743	0.0012	0.0000	0.0008
YKR068C	193	0.0009	0.0000	0.0001
YKR069W	593	0.0009	0.0000	0.0004
YKR070W	352	0.0008	0.0000	0.0005
YKR071C	348	0.0065	0.0001	0.0037
YKR072C	562	0.0046	0.0001	0.0002
YKR073C	106	0.0070	0.0000	0.0001
YKR074W	155	0.0011	0.0000	0.0000
YKR075C	307	0.0048	0.0002	0.0000
YKR075W-A	89	0.0077	0.0000	0.0027
YKR076W	370	0.0024	0.0000	0.0007
YKR077W	363	0.0035	0.0000	0.0007
YKR078W	585	0.0011	0.0000	0.0000
YKR079C	838	0.0018	0.0000	0.0001
YKR080W	320	0.0004	0.0000	0.0001
YKR081C	344	0.0005	0.0000	0.0000
YKR082W	1157	0.0032	0.0000	0.0011
YKR083C	133	0.0004	0.0000	0.0000
YKR084C	611	0.0012	0.0000	0.0000
YKR085C	195	0.0010	0.0000	0.0000
YKR086W	1071	0.0014	0.0000	0.0004
YKR087C	345	0.0004	0.0000	0.0001
YKR088C	337	0.0005	0.0000	0.0000
YKR089C	910	0.0015	0.0000	0.0001
YKR090W	706	0.0043	0.0000	0.0017
YKR091W	246	0.0019	0.0000	0.0008
YKR092C	406	0.0746	0.0007	0.0285
YKR093W	601	0.0041	0.0002	0.0051
YKR094C	128	0.0049	0.0004	0.0002
YKR095W	1875	0.0003	0.0000	0.0000
YKR095W-A	88	0.0012	0.0000	0.0000
YKR096W	1195	0.0021	0.0000	0.0005
YKR097W	549	0.0033	0.0000	0.0024
YKR098C	717	0.0033	0.0003	0.0009
YKR099W	811	0.0020	0.0000	0.0006
YKR100C	355	0.0010	0.0000	0.0001
YKR101W	654	0.0023	0.0001	0.0000
YKR102W	1169	0.9986	1.0000	0.9997
YKR103W	1218	0.0010	0.0000	0.0009
YKR104W	306	0.0006	0.0000	0.0001
YKR105C	582	0.0024	0.0001	0.0009
YKR106W	615	0.0053	0.0005	0.0036
YLL067C	1205	0.0111	0.0002	0.0028
YLL067W-A	160	0.0060	0.0001	0.0003
YLL066W-B	56	0.1683	0.0477	0.9956
YLL066C	1205	0.0068	0.0001	0.0013
YLL066W-A	160	0.0071	0.0001	0.0003
YLL065W	116	0.2392	0.0273	0.9227
YLL064C	120	0.0162	0.0000	0.0026
YLL063C	474	0.0018	0.0001	0.0005
YLL062C	324	0.0005	0.0000	0.0002
YLL061W	583	0.0027	0.0000	0.0060
YLL060C	233	0.0003	0.0000	0.0000
YLL059C	168	0.0037	0.0000	0.0001
YLL058W	575	0.0004	0.0000	0.0012
YLL057C	412	0.0031	0.0024	0.0005
YLL056C	298	0.0007	0.0000	0.0001
YLL055W	531	0.0044	0.0002	0.0002
YLL054C	843	0.0008	0.0000	0.0001
YLL053C	152	0.0030	0.0000	0.0000
YLL052C	149	0.0094	0.0000	0.0033
YLL051C	712	0.0021	0.0000	0.0020
YLL050C	143	0.0080	0.0001	0.0006
YLL049W	179	0.0004	0.0000	0.0000
YLL048C	1661	0.0011	0.0000	0.0006
YLL047W	127	0.0131	0.0013	0.0949
YLL046C	249	0.0004	0.0000	0.0000
YLL045C	256	0.0004	0.0000	0.0000
YLL044W	148	0.0097	0.0000	0.0001
YLL043W	669	0.0066	0.0000	0.0007
YLL042C	167	0.0021	0.0001	0.0001
YLL041C	266	0.0006	0.0000	0.0012
YLL040C	3144	0.0017	0.0000	0.0027
YLL039C	381	0.4409	0.1218	0.0000
YLL038C	247	0.0003	0.0000	0.0000
YLL037W	126	0.0918	0.0201	0.0321
YLL036C	503	0.0102	0.0003	0.0016
YLL035W	632	0.0052	0.0000	0.0013
YLL034C	837	0.0001	0.0000	0.0000
YLL033W	230	0.0027	0.0001	0.0003
YLL032C	825	0.0050	0.0000	0.0003
YLL031C	1017	0.0062	0.0000	0.0014
YLL030C	113	0.0016	0.0000	0.0000
YLL029W	749	0.0019	0.0000	0.0003
YLL028W	586	0.0042	0.0003	0.0026
YLL027W	250	0.0021	0.0000	0.0001
YLL026W	908	0.0002	0.0000	0.0000
YLL025W	124	0.0904	0.0000	0.0164
YLL024C	639	0.0007	0.0000	0.0002
YLL023C	279	0.0008	0.0000	0.0000
YLL022C	385	0.0002	0.0000	0.0000
YLL021W	1466	0.0022	0.0001	0.0002
YLL020C	101	0.0127	0.0001	0.0012
YLL019C	737	0.0018	0.0000	0.0006
YLL019W-A	30	0.0109	0.0006	0.0017
YLL018C-A	98	0.0029	0.0000	0.0000
YLL018C	557	0.0014	0.0000	0.0000
YLL017W	103	0.0107	0.0364	0.0326
YLL016W	1048	0.0014	0.0000	0.0006
YLL015W	1559	0.0012	0.0000	0.0008
YLL014W	108	0.0010	0.0000	0.0001
YLL013C	879	0.0010	0.0000	0.0002
YLL012W	573	0.0020	0.0000	0.0002
YLL011W	489	0.0011	0.0000	0.0000
YLL010C	427	0.0036	0.0000	0.0012
YLL009C	69	0.0157	0.0002	0.0059
YLL008W	752	0.0001	0.0000	0.0000
YLL007C	665	0.0022	0.0000	0.0003
YLL006W-A	58	0.0202	0.0009	0.3316
YLL006W	426	0.0016	0.0000	0.0001
YLL005C	868	0.0029	0.0000	0.0004
YLL004W	616	0.0006	0.0000	0.0000
YLL003W	946	0.0002	0.0000	0.0000
YLL002W	436	0.0020	0.0000	0.0002
YLL001W	757	0.0006	0.0000	0.0002
YLR001C	862	0.0263	0.0003	0.0020
YLR002C	663	0.0004	0.0000	0.0000
YLR003C	291	0.0004	0.0000	0.0000
YLR004C	523	0.0026	0.0001	0.0031
YLR005W	461	0.0041	0.0002	0.0003
YLR006C	712	0.0034	0.0000	0.0010
YLR007W	336	0.0031	0.0000	0.0001
YLR008C	168	0.0007	0.0000	0.0001
YLR009W	199	0.0003	0.0000	0.0000
YLR010C	160	0.0010	0.0000	0.0000
YLR011W	191	0.0005	0.0000	0.0001
YLR012C	99	0.0004	0.0000	0.0000
YLR013W	141	0.0071	0.0008	0.0149
YLR014C	904	0.0006	0.0000	0.0018
YLR015W	505	0.0019	0.0000	0.0002
YLR016C	204	0.0078	0.0023	0.0000
YLR017W	337	0.0012	0.0000	0.0002
YLR018C	299	0.0020	0.0000	0.0000
YLR019W	397	0.0027	0.0000	0.0006
YLR020C	538	0.0006	0.0000	0.0000
YLR021W	179	0.0026	0.0000	0.0000
YLR022C	250	0.0020	0.0000	0.0000
YLR023C	543	0.0110	0.0010	0.0071
YLR024C	1872	0.0017	0.0000	0.0068
YLR025W	240	0.0001	0.0000	0.0000
YLR026C	340	0.0003	0.0000	0.0000
YLR027C	418	0.0008	0.0000	0.0002
YLR028C	591	0.0008	0.0000	0.0001
YLR029C	204	0.0012	0.0000	0.0000
YLR030W	263	0.0009	0.0000	0.0000
YLR031W	186	0.0002	0.0000	0.0000
YLR032W	1169	0.0005	0.0000	0.0001
YLR033W	502	0.0018	0.0000	0.0002
YLR034C	473	0.0021	0.0000	0.0045
YLR035C	695	0.0033	0.0001	0.0002
YLR035C-A	1155	0.0034	0.0002	0.0033
YLR036C	203	0.0031	0.0000	0.0006
YLR037C	124	0.0662	0.0000	0.0199
YLR038C	83	0.0024	0.0000	0.0003
YLR039C	1056	0.0046	0.0004	0.0003
YLR040C	224	0.0475	0.0003	0.0008
YLR041W	106	0.0004	0.0000	0.0000
YLR042C	161	0.2122	0.6356	0.3021
YLR043C	103	0.0014	0.0000	0.0000
YLR044C	563	0.0013	0.0000	0.0005
YLR045C	888	0.0003	0.0000	0.0000
YLR046C	270	0.0017	0.0000	0.0000
YLR047C	686	0.0030	0.0000	0.0023
YLR048W	252	0.0022	0.0000	0.0001
YLR049C	428	0.0022	0.0000	0.0002
YLR050C	161	0.0017	0.0000	0.0006
YLR051C	217	0.0001	0.0000	0.0000
YLR052W	250	0.0014	0.0000	0.0000
YLR053C	108	0.0005	0.0000	0.0000
YLR054C	724	0.0027	0.0000	0.0013
YLR055C	602	0.0012	0.0000	0.0001
YLR056W	365	0.0021	0.0000	0.0003
YLR057W	849	0.0014	0.0000	0.0002
YLR058C	469	0.0012	0.0000	0.0003
YLR059C	269	0.0006	0.0000	0.0000
YLR060W	595	0.0017	0.0000	0.0001
YLR061W	121	0.0036	0.0002	0.0060
YLR062C	125	0.0098	0.0000	0.0007
YLR063W	365	0.0021	0.0000	0.0005
YLR064W	273	0.0036	0.0000	0.0001
YLR065C	181	0.0002	0.0000	0.0000
YLR066W	184	0.0043	0.0002	0.0001
YLR067C	965	0.0005	0.0000	0.0000
YLR068W	151	0.0002	0.0000	0.0000
YLR069C	761	0.0011	0.0000	0.0001
YLR070C	356	0.0005	0.0000	0.0043
YLR071C	1082	0.0056	0.0003	0.0001
YLR072W	693	0.0046	0.0002	0.0009
YLR073C	200	0.0025	0.0000	0.0003
YLR074C	166	0.0044	0.0000	0.0001
YLR075W	221	0.0005	0.0000	0.0000
YLR076C	140	0.0085	0.0000	0.0001
YLR077W	583	0.0027	0.0000	0.0002
YLR078C	244	0.0002	0.0000	0.0000
YLR079W	284	0.0006	0.0000	0.0000
YLR080W	444	0.0011	0.0001	0.0000
YLR081W	574	0.0037	0.0004	0.0029
YLR082C	392	0.0005	0.0000	0.0000
YLR083C	667	0.0107	0.0008	0.0109
YLR084C	1220	0.2943	0.0205	0.0690
YLR085C	438	0.0039	0.0000	0.0031
YLR086W	1418	0.0006	0.0000	0.0000
YLR087C	2958	0.0064	0.0001	0.0283
YLR088W	614	0.0022	0.0000	0.0001
YLR089C	592	0.0011	0.0000	0.0004
YLR090W	459	0.0076	0.0000	0.0018
YLR091W	293	0.0030	0.0000	0.0002
YLR092W	893	0.0041	0.0000	0.0215
YLR093C	253	0.0008	0.0000	0.0001
YLR094C	502	0.0025	0.0000	0.0002
YLR095C	812	0.0065	0.0002	0.0002
YLR096W	1147	0.0019	0.0000	0.0005
YLR097C	344	0.0014	0.0001	0.0000
YLR098C	648	0.0006	0.0000	0.0007
YLR099C	394	0.0024	0.0001	0.0008
YLR099W-A	87	0.0004	0.0000	0.0000
YLR100W	347	0.0019	0.0001	0.0008
YLR101C	131	0.0263	0.0010	0.0399
YLR102C	265	0.0007	0.0000	0.0000
YLR103C	650	0.0009	0.0000	0.0001
YLR104W	131	0.0480	0.0096	0.0265
YLR105C	377	0.0012	0.0000	0.0000
YLR106C	4910	0.0005	0.0000	0.0498
YLR107W	404	0.0002	0.0000	0.0001
YLR108C	485	0.0048	0.0001	0.0013
YLR109W	176	0.0092	0.0000	0.0091
YLR110C	133	0.8400	0.9985	0.8928
YLR111W	110	0.0024	0.0000	0.0007
YLR112W	139	0.0016	0.0000	0.0000
YLR113W	435	0.0031	0.0000	0.0003
YLR114C	764	0.0018	0.0000	0.0001
YLR115W	859	0.0015	0.0000	0.0007
YLR116W	476	0.0070	0.0001	0.0078
YLR117C	687	0.0004	0.0000	0.0000
YLR118C	227	0.0007	0.0000	0.0001
YLR119W	213	0.0004	0.0000	0.0000
YLR120C	569	0.1413	0.0072	0.3848
YLR120W-A	33	0.0003	0.0000	0.0000
YLR121C	508	0.0436	0.0026	0.1073
YLR122C	125	0.0114	0.0000	0.0106
YLR123C	109	0.0032	0.0000	0.0000
YLR124W	114	0.0065	0.0003	0.0124
YLR125W	136	0.0010	0.0000	0.0000
YLR126C	251	0.0004	0.0000	0.0000
YLR127C	853	0.0012	0.0000	0.0001
YLR128W	269	0.0012	0.0000	0.0003
YLR129W	943	0.0019	0.0000	0.0002
YLR130C	422	0.0059	0.0000	0.0008
YLR131C	770	0.0029	0.0000	0.0007
YLR132C	290	0.0070	0.0004	0.0003
YLR133W	582	0.0027	0.0000	0.0002
YLR134W	563	0.0011	0.0000	0.0003
YLR135W	748	0.0045	0.0000	0.0003
YLR136C	285	0.0055	0.0026	0.0080
YLR137W	367	0.0021	0.0000	0.0004
YLR138W	985	0.0005	0.0000	0.0001
YLR139C	643	0.0092	0.0002	0.0012
YLR140W	108	0.0040	0.0000	0.0008
YLR141W	363	0.0007	0.0000	0.0000
YLR142W	476	0.0015	0.0000	0.0004
YLR143W	685	0.0021	0.0000	0.0002
YLR144C	779	0.0058	0.0000	0.0025
YLR145W	201	0.0005	0.0000	0.0000
YLR146C	300	0.0024	0.0005	0.0003
YLR146W-A	62	0.0004	0.0000	0.0000
YLR147C	101	0.0044	0.0004	0.0000
YLR148W	918	0.0007	0.0000	0.0000
YLR149C	730	0.0070	0.0000	0.0022
YLR149C-A	28	0.0017	0.0000	0.0000
YLR150W	273	0.0011	0.0000	0.0000
YLR151C	340	0.0008	0.0000	0.0000
YLR152C	576	0.0020	0.0000	0.0023
YLR153C	683	0.0024	0.0000	0.0025
YLR154C	110	0.0102	0.0001	0.0029
YLR154W-A	61	0.0154	0.0005	0.0208
YLR154W-B	54	0.0024	0.0000	0.0000
YLR154W-C	124	0.0305	0.0000	0.0100
YLR154W-E	67	0.0018	0.0000	0.0000
YLR154W-F	46	0.0033	0.0000	0.0011
YLR154C-G	49	0.0009	0.0000	0.0000
YLR154C-H	43	0.0069	0.0001	0.1205
YLR155C	362	0.0079	0.0000	0.0081
YLR156W	114	0.0093	0.0001	0.0033
YLR156C-A	43	0.0069	0.0001	0.1205
YLR157C	362	0.0079	0.0000	0.0081
YLR157W-D	70	0.0020	0.0000	0.0000
YLR157C-B	1755	0.0120	0.0006	0.0238
YLR157C-A	440	0.0251	0.0075	0.0218
YLR157W-E	54	0.0092	0.0001	0.5718
YLR157C-C	43	0.0057	0.0001	0.1205
YLR158C	362	0.0079	0.0000	0.0081
YLR159W	114	0.0093	0.0001	0.0033
YLR159C-A	43	0.0069	0.0001	0.1205
YLR160C	362	0.0079	0.0000	0.0081
YLR161W	114	0.0069	0.0001	0.0033
YLR162W	118	0.0101	0.0000	0.0007
YLR162W-A	62	0.0106	0.0003	0.0206
YLR163C	462	0.0005	0.0000	0.0003
YLR163W-A	37	0.0029	0.0000	0.0000
YLR164W	168	0.0024	0.0000	0.0057
YLR165C	254	0.0025	0.0070	0.0004
YLR166C	871	0.0008	0.0000	0.0000
YLR167W	152	0.0057	0.0005	0.0003
YLR168C	230	0.0013	0.0000	0.0000
YLR169W	117	0.0697	0.0024	0.4156
YLR170C	156	0.0010	0.0000	0.0000
YLR171W	129	0.0136	0.0005	0.0939
YLR172C	300	0.0005	0.0000	0.0001
YLR173W	608	0.0145	0.0000	0.0001
YLR174W	412	0.0011	0.0000	0.0001
YLR175W	483	0.0011	0.0000	0.0000
YLR176C	811	0.0071	0.0004	0.0035
YLR177W	628	0.0018	0.0000	0.0002
YLR178C	219	0.0045	0.0001	0.0015
YLR179C	201	0.0121	0.0003	0.0060
YLR180W	382	0.0026	0.0000	0.0006
YLR181C	330	0.0008	0.0000	0.0000
YLR182W	803	0.0005	0.0000	0.0000
YLR183C	489	0.0040	0.0001	0.0003
YLR184W	115	0.0009	0.0000	0.0000
YLR185W	88	0.0025	0.0000	0.0005
YLR186W	252	0.0012	0.0000	0.0000
YLR187W	1026	0.0038	0.0000	0.0023
YLR188W	695	0.0003	0.0000	0.0000
YLR189C	1198	0.0012	0.0000	0.0003
YLR190W	491	0.0015	0.0000	0.0001
YLR191W	386	0.0069	0.0000	0.0004
YLR192C	265	0.0001	0.0000	0.0000
YLR193C	175	0.0038	0.0006	0.0002
YLR194C	254	0.9745	0.9999	0.9825
YLR195C	455	0.0013	0.0000	0.0002
YLR196W	576	0.0009	0.0000	0.0000
YLR197W	504	0.0004	0.0000	0.0000
YLR198C	119	0.0494	0.1971	0.1997
YLR199C	276	0.0149	0.0006	0.0066
YLR200W	114	0.0003	0.0000	0.0000
YLR201C	260	0.0009	0.0000	0.0000
YLR202C	108	0.0097	0.0001	0.0055
YLR203C	436	0.0029	0.0000	0.0006
YLR204W	111	0.0004	0.0000	0.0000
YLR205C	317	0.0009	0.0000	0.0000
YLR206W	613	0.0047	0.0000	0.0000
YLR207W	833	0.0011	0.0000	0.0001
YLR208W	297	0.0071	0.0001	0.0004
YLR209C	311	0.0013	0.0000	0.0003
YLR210W	460	0.0012	0.0000	0.0000
YLR211C	226	0.0002	0.0000	0.0000
YLR212C	473	0.0018	0.0000	0.0002
YLR213C	422	0.1008	0.0741	0.0158
YLR214W	686	0.0025	0.0000	0.0010
YLR215C	360	0.0042	0.0001	0.0001
YLR216C	371	0.0010	0.0000	0.0001
YLR217W	107	0.0034	0.0000	0.0007
YLR218C	150	0.0019	0.0000	0.0001
YLR219W	728	0.0135	0.0002	0.0055
YLR220W	322	0.0004	0.0000	0.0003
YLR221C	220	0.0003	0.0000	0.0000
YLR222C	817	0.0038	0.0000	0.0002
YLR222C-A	76	0.0069	0.0001	0.0582
YLR223C	1085	0.0010	0.0000	0.0000
YLR224W	369	0.0081	0.0006	0.0026
YLR225C	407	0.0075	0.0025	0.0004
YLR226W	395	0.0010	0.0001	0.0004
YLR227C	493	0.0009	0.0000	0.0001
YLR227W-A	440	0.0255	0.0072	0.0189
YLR227W-B	1755	0.0124	0.0006	0.0212
YLR228C	814	0.0012	0.0000	0.0002
YLR229C	191	0.0005	0.0000	0.0243
YLR230W	101	0.0015	0.0000	0.0000
YLR231C	453	0.0013	0.0000	0.0009
YLR232W	115	0.0045	0.0000	0.0160
YLR233C	699	0.0006	0.0000	0.0000
YLR234W	656	0.0009	0.0000	0.0001
YLR235C	132	0.0004	0.0000	0.0000
YLR236C	107	0.0020	0.0000	0.0000
YLR237W	598	0.0057	0.0000	0.0154
YLR238W	478	0.0024	0.0005	0.0002
YLR239C	328	0.0029	0.0000	0.0001
YLR240W	875	0.0022	0.0000	0.0002
YLR241W	782	0.0033	0.0000	0.0070
YLR242C	321	0.0036	0.0001	0.0012
YLR243W	272	0.0008	0.0000	0.0000
YLR244C	387	0.0050	0.0000	0.0353
YLR245C	142	0.0008	0.0000	0.0001
YLR246W	359	0.0046	0.0002	0.0020
YLR247C	1556	0.0008	0.0000	0.0001
YLR248W	610	0.0010	0.0000	0.0003
YLR249W	1044	0.0008	0.0000	0.0001
YLR250W	234	0.0030	0.0000	0.0000
YLR251W	197	0.0010	0.0000	0.0000
YLR252W	101	0.0062	0.0001	0.0005
YLR253W	569	0.0003	0.0000	0.0001
YLR254C	189	0.0018	0.0000	0.0000
YLR255C	117	0.0009	0.0000	0.0000
YLR256W	1502	0.0023	0.0000	0.0013
YLR256W-A	440	0.0253	0.0071	0.0202
YLR257W	321	0.0005	0.0000	0.0000
YLR258W	705	0.0007	0.0000	0.0001
YLR259C	572	0.0006	0.0000	0.0001
YLR260W	687	0.0048	0.0000	0.0008
YLR261C	108	0.0006	0.0000	0.0000
YLR262C	215	0.0006	0.0000	0.0001
YLR262C-A	64	0.0000	0.0000	0.0000
YLR263W	827	0.0012	0.0000	0.0000
YLR264W	67	0.0014	0.0000	0.0000
YLR264C-A	38	0.0009	0.0000	0.0000
YLR265C	342	0.0010	0.0000	0.0000
YLR266C	701	0.0007	0.0000	0.0002
YLR267W	570	0.0041	0.0001	0.0007
YLR268W	214	0.0007	0.0000	0.0001
YLR269C	116	0.0030	0.0000	0.0000
YLR270W	350	0.0013	0.0000	0.0001
YLR271W	274	0.0004	0.0000	0.0000
YLR272C	1176	0.0004	0.0000	0.0000
YLR273C	648	0.0156	0.0012	0.0052
YLR274W	775	0.0015	0.0000	0.0002
YLR275W	110	0.0009	0.0000	0.0000
YLR276C	594	0.0002	0.0000	0.0000
YLR277C	779	0.0015	0.0000	0.0000
YLR278C	1341	0.0011	0.0000	0.0013
YLR279W	129	0.0055	0.0000	0.0005
YLR280C	116	0.0023	0.0000	0.0000
YLR281C	155	0.0001	0.0000	0.0000
YLR282C	113	0.0060	0.0000	0.0004
YLR283W	314	0.0016	0.0000	0.0000
YLR284C	280	0.0001	0.0000	0.0001
YLR285W	261	0.0011	0.0001	0.0000
YLR285C-A	56	0.0069	0.0000	0.0111
YLR286C	562	0.5982	0.1191	0.8207
YLR286W-A	44	0.0253	0.0003	0.9100
YLR287C	355	0.0006	0.0000	0.0001
YLR287C-A	63	0.0012	0.0000	0.0000
YLR288C	474	0.0061	0.0001	0.0002
YLR289W	645	0.0010	0.0000	0.0000
YLR290C	277	0.0012	0.0000	0.0000
YLR291C	381	0.0014	0.0000	0.0002
YLR292C	193	0.0003	0.0000	0.0000
YLR293C	219	0.0004	0.0000	0.0003
YLR294C	109	0.0062	0.0000	0.0000
YLR295C	124	0.0036	0.0000	0.0000
YLR296W	108	0.0043	0.0000	0.0000
YLR297W	129	0.0016	0.0000	0.0000
YLR298C	231	0.0014	0.0000	0.0000
YLR299W	660	0.0012	0.0000	0.0001
YLR299C-A	30	0.0013	0.0001	0.0007
YLR300W	448	0.0111	0.0000	0.0020
YLR301W	244	0.0182	0.0047	0.0013
YLR302C	120	0.0019	0.0000	0.0004
YLR303W	444	0.0007	0.0000	0.0027
YLR304C	778	0.0012	0.0000	0.0003
YLR305C	1900	0.0017	0.0000	0.0047
YLR306W	188	0.0033	0.0001	0.0001
YLR307W	301	0.0134	0.0005	0.0028
YLR307C-A	87	0.0738	0.0747	0.6545
YLR308W	312	0.0089	0.0001	0.0021
YLR309C	911	0.0003	0.0000	0.0000
YLR310C	1589	0.0040	0.0001	0.0023
YLR311C	115	0.0093	0.0000	0.0131
YLR312C	398	0.0008	0.0000	0.0000
YLR312W-A	253	0.0007	0.0000	0.0000
YLR313C	530	0.0017	0.0000	0.0001
YLR314C	520	0.0006	0.0000	0.0000
YLR315W	153	0.0005	0.0000	0.0000
YLR316C	322	0.0043	0.0000	0.0000
YLR317W	144	0.0191	0.0002	0.1490
YLR318W	884	0.0024	0.0001	0.0005
YLR319C	788	0.0004	0.0000	0.0000
YLR320W	1454	0.0018	0.0000	0.0002
YLR321C	426	0.0015	0.0000	0.0000
YLR322W	104	0.0108	0.0001	0.0004
YLR323C	259	0.0002	0.0000	0.0000
YLR324W	523	0.0027	0.0000	0.0002
YLR325C	78	0.0007	0.0000	0.0000
YLR326W	240	0.0028	0.0000	0.0001
YLR327C	86	0.0011	0.0000	0.0001
YLR328W	401	0.0016	0.0000	0.0001
YLR329W	264	0.0060	0.0003	0.0005
YLR330W	671	0.0466	0.0351	0.0004
YLR331C	125	0.0020	0.0000	0.0000
YLR332W	376	0.5815	0.0448	0.3263
YLR333C	108	0.0004	0.0000	0.0000
YLR334C	126	0.0022	0.0000	0.0000
YLR335W	720	0.0030	0.0000	0.0024
YLR336C	899	0.0002	0.0000	0.0000
YLR337C	817	0.0347	0.0080	0.8516
YLR338W	285	0.0587	0.0001	0.0692
YLR339C	183	0.0081	0.0000	0.0029
YLR340W	312	0.0011	0.0000	0.0001
YLR341W	477	0.0011	0.0000	0.0001
YLR342W	1876	0.0042	0.0000	0.0043
YLR342W-A	57	0.0025	0.0000	0.0002
YLR343W	555	0.0056	0.0000	0.0055
YLR344W	127	0.0002	0.0001	0.0000
YLR345W	509	0.0008	0.0000	0.0000
YLR346C	101	0.0008	0.0000	0.0000
YLR347C	861	0.0011	0.0000	0.0000
YLR347W-A	46	0.0034	0.0000	0.0000
YLR348C	298	0.0004	0.0000	0.0000
YLR349W	168	0.0234	0.0048	0.1607
YLR350W	216	0.0028	0.0000	0.0004
YLR351C	291	0.0017	0.0005	0.0002
YLR352W	807	0.0036	0.0000	0.0025
YLR353W	603	0.0087	0.0000	0.0018
YLR354C	335	0.0004	0.0000	0.0001
YLR355C	395	0.0009	0.0000	0.0001
YLR356W	197	0.0045	0.0000	0.0587
YLR357W	889	0.0051	0.0002	0.0005
YLR358C	187	0.0106	0.0001	0.0415
YLR359W	482	0.0004	0.0000	0.0000
YLR360W	439	0.0014	0.0001	0.0001
YLR361C	578	0.0042	0.0000	0.0063
YLR361C-A	98	0.0005	0.0000	0.0000
YLR362W	717	0.0008	0.0000	0.0000
YLR363C	218	0.0004	0.0000	0.0000
YLR363W-A	85	0.0001	0.0000	0.0000
YLR364W	109	0.0005	0.0000	0.0000
YLR365W	110	0.0018	0.0000	0.0000
YLR364C-A	40	0.0044	0.0000	0.0000
YLR366W	101	0.0034	0.0001	0.0001
YLR367W	130	0.0006	0.0000	0.0000
YLR368W	598	0.0018	0.0000	0.0001
YLR369W	657	0.0005	0.0000	0.0000
YLR370C	178	0.0035	0.0001	0.0003
YLR371W	1356	0.0013	0.0000	0.0007
YLR372W	345	0.0025	0.0000	0.0143
YLR373C	901	0.0036	0.0000	0.0003
YLR374C	129	0.0032	0.0000	0.0007
YLR375W	343	0.0047	0.0001	0.0032
YLR376C	242	0.0010	0.0000	0.0000
YLR377C	348	0.0017	0.0000	0.0005
YLR378C	480	0.0019	0.0000	0.0004
YLR379W	124	0.0014	0.0000	0.0002
YLR379W-A	90	0.0009	0.0000	0.0000
YLR380W	408	0.0016	0.0000	0.0000
YLR381W	733	0.0012	0.0000	0.0008
YLR382C	894	0.0021	0.0001	0.0003
YLR383W	1114	0.0006	0.0000	0.0000
YLR384C	1349	0.0030	0.0000	0.0003
YLR385C	132	0.0015	0.0000	0.0000
YLR386W	880	0.0008	0.0000	0.0001
YLR387C	432	0.0031	0.0000	0.0001
YLR388W	56	0.0017	0.0000	0.0000
YLR389C	1027	0.0008	0.0000	0.0004
YLR390W	112	0.0745	0.0001	0.0403
YLR390W-A	238	0.6280	0.0802	0.2440
YLR392C	518	0.0063	0.0002	0.0001
YLR393W	279	0.0019	0.0000	0.0000
YLR394W	482	0.0013	0.0000	0.0006
YLR395C	78	0.0011	0.0000	0.0001
YLR396C	691	0.0009	0.0000	0.0001
YLR397C	780	0.0002	0.0000	0.0002
YLR398C	1287	0.0006	0.0000	0.0000
YLR399C	686	0.0013	0.0000	0.0000
YLR399W-A	34	0.0056	0.0000	0.0000
YLR400W	157	0.0160	0.0001	0.0358
YLR401C	668	0.0006	0.0000	0.0001
YLR402W	63	0.0175	0.0006	0.1202
YLR403W	683	0.0060	0.0000	0.0007
YLR404W	285	0.0033	0.0000	0.0002
YLR405W	367	0.0002	0.0000	0.0002
YLR406C	113	0.0003	0.0000	0.0000
YLR406C-A	49	0.0078	0.0003	0.0028
YLR407W	228	0.0011	0.0001	0.0001
YLR408C	122	0.0003	0.0000	0.0000
YLR409C	939	0.0018	0.0000	0.0004
YLR410W	1146	0.0009	0.0000	0.0001
YLR410W-A	438	0.0103	0.0012	0.0018
YLR410W-B	1770	0.0065	0.0001	0.0109
YLR411W	241	0.0033	0.0000	0.0071
YLR412W	274	0.0012	0.0000	0.0002
YLR412C-A	68	0.0002	0.0000	0.0000
YLR413W	675	0.0471	0.0000	0.0028
YLR414C	263	0.0162	0.0009	0.0033
YLR415C	112	0.0034	0.0000	0.0001
YLR416C	132	0.0127	0.0001	0.0668
YLR417W	566	0.0021	0.0000	0.0002
YLR418C	393	0.0021	0.0000	0.0001
YLR419W	1435	0.0006	0.0000	0.0003
YLR420W	364	0.0008	0.0000	0.0003
YLR421C	156	0.0010	0.0001	0.0000
YLR422W	1932	0.0057	0.0006	0.0034
YLR423C	417	0.0008	0.0000	0.0000
YLR424W	708	0.0013	0.0000	0.0001
YLR425W	1307	0.0033	0.0001	0.0027
YLR426W	326	0.0012	0.0000	0.0003
YLR427W	670	0.0017	0.0000	0.0005
YLR428C	114	0.0066	0.0002	0.0029
YLR429W	651	0.0027	0.0003	0.0002
YLR430W	2231	0.0011	0.0000	0.0016
YLR431C	453	0.0003	0.0000	0.0000
YLR432W	523	0.0006	0.0000	0.0001
YLR433C	553	0.0005	0.0000	0.0000
YLR434C	127	0.0018	0.0000	0.0001
YLR435W	205	0.0008	0.0000	0.0000
YLR436C	1274	0.0046	0.0001	0.0024
YLR437C	133	0.0005	0.0000	0.0000
YLR437C-A	75	0.0009	0.0000	0.0003
YLR438W	424	0.0003	0.0000	0.0003
YLR438C-A	89	0.0025	0.0001	0.0000
YLR439W	319	0.0017	0.0000	0.0000
YLR440C	709	0.0004	0.0000	0.0000
YLR441C	255	0.0003	0.0000	0.0000
YLR442C	978	0.0014	0.0000	0.0000
YLR443W	448	0.0078	0.0000	0.0017
YLR444C	100	0.0036	0.0000	0.0011
YLR445W	188	0.0006	0.0000	0.0000
YLR446W	433	0.0008	0.0000	0.0016
YLR447C	345	0.0020	0.0000	0.0004
YLR448W	176	0.0009	0.0000	0.0000
YLR449W	392	0.0040	0.0000	0.0001
YLR450W	1045	0.0040	0.0000	0.0024
YLR451W	886	0.0010	0.0000	0.0004
YLR452C	698	0.0027	0.0001	0.0003
YLR453C	395	0.0014	0.0000	0.0000
YLR454W	2628	0.0032	0.0001	0.0009
YLR455W	304	0.0008	0.0001	0.0000
YLR456W	204	0.0049	0.0001	0.0005
YLR457C	319	0.0010	0.0000	0.0000
YLR458W	126	0.0179	0.0002	0.0022
YLR459W	394	0.0014	0.0000	0.0030
YLR460C	376	0.0008	0.0000	0.0007
YLR461W	120	0.0125	0.0000	0.0021
YLR462W	202	0.0010	0.0000	0.0001
YLR463C	183	0.0071	0.0001	0.0009
YLR464W	216	0.0047	0.0000	0.0003
YLR465C	102	0.0035	0.0000	0.0000
YLR466W	1382	0.0076	0.0001	0.0017
YLR466C-A	160	0.0058	0.0001	0.0003
YLR466C-B	38	0.0441	0.0131	0.9902
YLR467W	1796	0.0011	0.0000	0.0036
YLR467C-A	160	0.0058	0.0001	0.0003
YML133C	1374	0.0059	0.0001	0.0015
YML133W-B	160	0.0057	0.0001	0.0003
YML133W-A	191	0.5664	0.1480	0.7390
YML132W	379	0.0007	0.0000	0.0000
YML131W	365	0.0006	0.0000	0.0004
YML130C	563	0.0106	0.0000	0.0004
YML129C	70	0.0025	0.0000	0.0050
YML128C	513	0.0017	0.0000	0.0001
YML127W	581	0.0010	0.0000	0.0001
YML126C	491	0.0011	0.0000	0.0023
YML125C	312	0.0008	0.0000	0.0010
YML124C	445	0.0012	0.0000	0.0011
YML123C	587	0.0032	0.0000	0.0011
YML122C	126	0.0047	0.0000	0.0007
YML121W	310	0.0005	0.0000	0.0000
YML120C	513	0.0005	0.0000	0.0001
YML119W	357	0.0035	0.0001	0.0014
YML118W	505	0.0004	0.0000	0.0001
YML117W	1134	0.0032	0.0000	0.0012
YML116W-A	100	0.0022	0.0000	0.0000
YML116W	542	0.0099	0.0008	0.0008
YML115C	535	0.0015	0.0000	0.0001
YML114C	510	0.0026	0.0000	0.0000
YML113W	248	0.0044	0.0000	0.0001
YML112W	296	0.0030	0.0000	0.0006
YML111W	920	0.0062	0.0001	0.0005
YML110C	307	0.0008	0.0001	0.0000
YML109W	942	0.0041	0.0000	0.0001
YML108W	105	0.0003	0.0000	0.0000
YML107C	334	0.0008	0.0000	0.0000
YML106W	226	0.0005	0.0000	0.0001
YML105C	273	0.0007	0.0000	0.0000
YML104C	1127	0.0005	0.0000	0.0000
YML103C	1655	0.0021	0.0000	0.0015
YML102W	468	0.0026	0.0000	0.0012
YML101C-A	105	0.0066	0.0000	0.0019
YML101C	117	0.0012	0.0000	0.0000
YML100W-A	57	0.0023	0.0000	0.0223
YML100W	1098	0.0017	0.0000	0.0005
YML099W-A	109	0.0051	0.0001	0.0002
YML099C	880	0.0012	0.0000	0.0003
YML098W	167	0.0003	0.0000	0.0000
YML097C	451	0.0003	0.0000	0.0000
YML096W	525	0.0014	0.0002	0.0020
YML095C	210	0.0017	0.0000	0.0001
YML094C-A	133	0.0287	0.0000	0.1911
YML094W	163	0.0004	0.0000	0.0000
YML093W	899	0.0001	0.0000	0.0000
YML092C	250	0.0012	0.0000	0.0014
YML091C	1202	0.0011	0.0000	0.0004
YML090W	128	0.0048	0.0000	0.0006
YML089C	122	0.0025	0.0000	0.0003
YML088W	668	0.0014	0.0000	0.0000
YML087C	312	0.0013	0.0000	0.0040
YML086C	526	0.0059	0.0001	0.0029
YML085C	447	0.0018	0.0000	0.0021
YML084W	102	0.0245	0.0001	0.2427
YML083C	418	0.0126	0.0003	0.0025
YML082W	649	0.0009	0.0000	0.0003
YML081C-A	59	0.0005	0.0000	0.0001
YML081W	1251	0.0025	0.0000	0.0019
YML080W	423	0.0003	0.0000	0.0000
YML079W	201	0.0037	0.0003	0.0002
YML078W	182	0.0019	0.0000	0.0003
YML077W	159	0.0025	0.0001	0.0005
YML076C	944	0.0027	0.0001	0.0034
YML075C	1054	0.0031	0.0000	0.0010
YML074C	411	0.0036	0.0000	0.0000
YML073C	176	0.0005	0.0000	0.0000
YML072C	1545	0.0040	0.0000	0.0026
YML071C	607	0.0016	0.0000	0.0000
YML070W	584	0.0008	0.0000	0.0004
YML069W	552	0.0014	0.0000	0.0000
YML068W	464	0.0019	0.0000	0.0007
YML067C	352	0.0024	0.0000	0.0021
YML066C	369	0.0089	0.0004	0.0011
YML065W	914	0.0007	0.0000	0.0000
YML064C	245	0.0014	0.0000	0.0002
YML063W	255	0.0003	0.0000	0.0000
YML062C	392	0.0010	0.0000	0.0000
YML061C	859	0.0003	0.0000	0.0000
YML060W	376	0.0003	0.0000	0.0000
YML059C	1679	0.0035	0.0001	0.0059
YML058W-A	68	0.0014	0.0000	0.0000
YML058W	104	0.0002	0.0000	0.0000
YML057C-A	129	0.0056	0.0000	0.0026
YML057W	604	0.0013	0.0000	0.0002
YML056C	524	0.0005	0.0000	0.0002
YML055W	178	0.0002	0.0000	0.0000
YML054C	591	0.0008	0.0000	0.0002
YML054C-A	52	0.0029	0.0001	0.0000
YML053C	212	0.0091	0.0000	0.0003
YML052W	302	0.0075	0.0000	0.0003
YML051W	435	0.0035	0.0000	0.0006
YML050W	311	0.0018	0.0000	0.0000
YML049C	1361	0.0068	0.0001	0.0006
YML048W	403	0.0007	0.0000	0.0000
YML047W-A	121	0.0216	0.0000	0.0049
YML047C	352	0.0079	0.0004	0.0035
YML046W	629	0.0030	0.0001	0.0005
YML045W-A	440	0.0245	0.0070	0.0197
YML045W	1755	0.0111	0.0006	0.0218
YML043C	507	0.0012	0.0000	0.0001
YML042W	670	0.0010	0.0000	0.0002
YML041C	280	0.0015	0.0000	0.0008
YML040W	440	0.0255	0.0072	0.0189
YML039W	1755	0.0117	0.0005	0.0222
YML038C	442	0.0006	0.0000	0.0008
YML037C	340	0.0025	0.0000	0.0001
YML036W	181	0.0006	0.0000	0.0000
YML035C	810	0.0010	0.0000	0.0005
YML034C-A	132	0.0044	0.0000	0.0577
YML034W	834	0.0023	0.0000	0.0001
YML032C	471	0.0022	0.0000	0.0002
YML031C-A	111	0.0043	0.0000	0.0001
YML031W	655	0.0016	0.0000	0.0002
YML030W	159	0.0002	0.0000	0.0000
YML029W	838	0.0055	0.0000	0.0007
YML028W	196	0.0022	0.0000	0.0009
YML027W	385	0.0036	0.0000	0.0003
YML026C	146	0.0005	0.0000	0.0000
YML025C	286	0.0013	0.0000	0.0000
YML024W	136	0.0004	0.0000	0.0000
YML023C	556	0.0010	0.0000	0.0003
YML022W	187	0.0006	0.0000	0.0000
YML021C	359	0.0016	0.0000	0.0001
YML020W	664	0.0019	0.0000	0.0004
YML019W	332	0.0052	0.0000	0.0036
YML018C	393	0.0007	0.0000	0.0009
YML017W	593	0.0018	0.0000	0.0006
YML016C	692	0.0025	0.0000	0.0023
YML015C	346	0.0021	0.0000	0.0001
YML014W	279	0.0008	0.0007	0.0000
YML013W	584	0.0032	0.0000	0.0001
YML012C-A	125	0.0114	0.0000	0.0126
YML012W	211	0.0017	0.0000	0.0000
YML011C	177	0.0012	0.0000	0.0000
YML010W	1063	0.0064	0.0000	0.0004
YML009W-B	158	0.0207	0.0199	0.0000
YML009C-A	108	0.0126	0.0011	0.0006
YML009C	70	0.0004	0.0000	0.0000
YML008C	383	0.0008	0.0000	0.0001
YML007C-A	36	0.0014	0.0000	0.0000
YML007W	650	0.0007	0.0000	0.0001
YML006C	774	0.0113	0.0001	0.0027
YML005W	462	0.0007	0.0000	0.0001
YML004C	326	0.0440	0.0114	0.0014
YML003W	290	0.0016	0.0000	0.0002
YML002W	737	0.0008	0.0000	0.0001
YML001W	208	0.0005	0.0000	0.0001
YMR001C	705	0.0013	0.0000	0.0001
YMR001C-A	76	0.0117	0.0001	0.4034
YMR002W	156	0.0113	0.0000	0.0003
YMR003W	198	0.0026	0.0000	0.0001
YMR004W	511	0.0012	0.0000	0.0000
YMR005W	388	0.0005	0.0000	0.0000
YMR006C	706	0.1780	0.0016	0.0324
YMR007W	126	0.0010	0.0000	0.0000
YMR008C	664	0.0775	0.0002	0.0051
YMR008C-A	155	0.0014	0.0000	0.0000
YMR009W	179	0.0020	0.0046	0.0001
YMR010W	405	0.0031	0.0000	0.0010
YMR011W	541	0.0047	0.0005	0.0051
YMR012W	1277	0.0016	0.0000	0.0003
YMR013C	519	0.0018	0.0000	0.0006
YMR013C-A	49	0.0016	0.0000	0.0000
YMR013W-A	26	0.0011	0.0000	0.0000
YMR014W	519	0.0003	0.0000	0.0000
YMR015C	538	0.0025	0.0000	0.0003
YMR016C	785	0.0790	0.0391	0.0465
YMR017W	397	0.0002	0.0000	0.0000
YMR018W	514	0.0005	0.0000	0.0000
YMR019W	949	0.0007	0.0000	0.0003
YMR020W	508	0.0005	0.0000	0.0000
YMR021C	417	0.0164	0.0005	0.0104
YMR022W	165	0.0022	0.0002	0.0003
YMR023C	526	0.0003	0.0000	0.0002
YMR024W	390	0.0020	0.0000	0.0002
YMR025W	295	0.0009	0.0000	0.0000
YMR026C	399	0.0018	0.0000	0.0014
YMR027W	470	0.0012	0.0000	0.0000
YMR028W	366	0.0003	0.0000	0.0000
YMR029C	523	0.0023	0.0000	0.0000
YMR030W	376	0.0017	0.0000	0.0000
YMR031C	843	0.0005	0.0000	0.0000
YMR031W-A	108	0.0059	0.0002	0.0284
YMR032W	669	0.0013	0.0000	0.0000
YMR030W-A	96	0.0019	0.0000	0.0002
YMR033W	467	0.0008	0.0000	0.0002
YMR034C	434	0.0013	0.0000	0.0064
YMR035W	177	0.0092	0.0000	0.0028
YMR036C	554	0.0008	0.0000	0.0003
YMR037C	704	0.0064	0.0000	0.0008
YMR038C	249	0.0047	0.0000	0.0018
YMR039C	292	0.0002	0.0000	0.0000
YMR040W	160	0.0003	0.0000	0.0000
YMR041C	335	0.0003	0.0000	0.0002
YMR042W	177	0.0354	0.0004	0.0388
YMR043W	286	0.0077	0.0000	0.0000
YMR044W	475	0.0013	0.0001	0.0000
YMR045C	1755	0.0084	0.0002	0.0143
YMR046C	440	0.0124	0.0015	0.0052
YMR046W-A	42	0.0176	0.0009	0.8132
YMR047C	1113	0.0142	0.0000	0.0138
YMR048W	317	0.0003	0.0000	0.0000
YMR049C	807	0.0018	0.0000	0.0001
YMR050C	1755	0.0117	0.0006	0.0229
YMR051C	440	0.0338	0.0082	0.0225
YMR052W	204	0.0002	0.0000	0.0000
YMR052C-A	121	0.0066	0.0001	0.0002
YMR053C	850	0.0019	0.0000	0.0006
YMR054W	890	0.0015	0.0000	0.0000
YMR055C	306	0.0016	0.0000	0.0004
YMR056C	309	0.0005	0.0000	0.0001
YMR057C	123	0.0064	0.0000	0.0182
YMR058W	636	0.0948	0.0024	0.0030
YMR059W	128	0.0041	0.0003	0.0002
YMR060C	327	0.0005	0.0000	0.0000
YMR061W	677	0.0007	0.0000	0.0001
YMR062C	441	0.0018	0.0000	0.0002
YMR063W	239	0.0089	0.0001	0.0012
YMR064W	518	0.0008	0.0000	0.0000
YMR065W	504	0.0028	0.0000	0.0000
YMR066W	898	0.0004	0.0000	0.0000
YMR067C	416	0.0036	0.0000	0.0001
YMR068W	426	0.0008	0.0000	0.0003
YMR069W	285	0.0060	0.0003	0.0004
YMR070W	490	0.0145	0.0000	0.0001
YMR071C	167	0.0022	0.0000	0.0001
YMR072W	183	0.0002	0.0000	0.0000
YMR073C	201	0.0025	0.0002	0.0001
YMR074C	145	0.0001	0.0000	0.0000
YMR075W	684	0.0024	0.0002	0.0006
YMR075C-A	121	0.0084	0.0000	0.0002
YMR076C	1277	0.0005	0.0000	0.0004
YMR077C	221	0.0003	0.0000	0.0000
YMR078C	741	0.0006	0.0000	0.0000
YMR079W	304	0.0014	0.0000	0.0002
YMR080C	971	0.0008	0.0000	0.0004
YMR081C	338	0.0059	0.0000	0.0036
YMR082C	118	0.0010	0.0000	0.0000
YMR083W	375	0.0009	0.0000	0.0015
YMR084W	262	0.0040	0.0000	0.0041
YMR085W	432	0.0005	0.0000	0.0002
YMR086W	960	0.0018	0.0000	0.0002
YMR086C-A	112	0.0062	0.0002	0.0020
YMR087W	284	0.0010	0.0000	0.0005
YMR088C	562	0.0040	0.0005	0.0047
YMR089C	825	0.0003	0.0000	0.0000
YMR090W	227	0.0006	0.0000	0.0000
YMR091C	435	0.0019	0.0000	0.0001
YMR092C	615	0.0073	0.0001	0.0040
YMR093W	513	0.0018	0.0000	0.0002
YMR094W	478	0.0010	0.0000	0.0000
YMR095C	224	0.0013	0.0000	0.0004
YMR096W	297	0.0002	0.0000	0.0000
YMR097C	367	0.0002	0.0000	0.0000
YMR098C	612	0.0004	0.0000	0.0000
YMR099C	297	0.0103	0.0048	0.0004
YMR100W	620	0.0039	0.0000	0.0005
YMR101C	343	0.0011	0.0000	0.0000
YMR102C	834	0.0015	0.0000	0.0004
YMR103C	120	0.0017	0.0000	0.0000
YMR104C	677	0.0014	0.0000	0.0004
YMR105C	569	0.0016	0.0000	0.0036
YMR105W-A	64	0.0040	0.0000	0.0014
YMR106C	629	0.0033	0.0000	0.0004
YMR106W-A	87	0.0010	0.0000	0.0000
YMR107W	115	0.0003	0.0000	0.0000
YMR108W	687	0.0008	0.0000	0.0001
YMR109W	1219	0.0014	0.0000	0.0005
YMR110C	532	0.0006	0.0000	0.0016
YMR111C	462	0.0015	0.0000	0.0000
YMR112C	131	0.0001	0.0000	0.0000
YMR113W	427	0.0024	0.0000	0.0004
YMR114C	368	0.0007	0.0000	0.0000
YMR115W	501	0.0003	0.0000	0.0000
YMR116C	319	0.0073	0.0001	0.0001
YMR117C	213	0.0002	0.0000	0.0000
YMR118C	196	0.0015	0.0000	0.0001
YMR119W	624	0.0040	0.0000	0.0026
YMR119W-A	124	0.0008	0.0000	0.0000
YMR120C	592	0.0010	0.0000	0.0003
YMR121C	204	0.0018	0.0000	0.0000
YMR122C	124	0.0024	0.0000	0.0001
YMR122W-A	84	0.1055	0.0012	0.0051
YMR123W	122	0.0003	0.0000	0.0000
YMR124W	943	0.0005	0.0000	0.0000
YMR125W	861	0.0009	0.0000	0.0002
YMR126C	342	0.0024	0.0000	0.0002
YMR127C	338	0.0032	0.0003	0.0048
YMR128W	1267	0.0003	0.0000	0.0001
YMR129W	1337	0.0590	0.0158	0.0278
YMR130W	302	0.0012	0.0001	0.0002
YMR131C	511	0.0019	0.0000	0.0004
YMR132C	208	0.0005	0.0000	0.0000
YMR133W	428	0.0158	0.0047	0.0002
YMR134W	237	0.0017	0.0000	0.0000
YMR135C	455	0.0014	0.0000	0.0000
YMR135W-A	177	0.0022	0.0000	0.0001
YMR136W	560	0.0116	0.0001	0.0029
YMR137C	661	0.0033	0.0000	0.0006
YMR138W	191	0.0003	0.0000	0.0000
YMR139W	370	0.0015	0.0000	0.0003
YMR140W	489	0.0024	0.0000	0.0006
YMR141C	102	0.0015	0.0000	0.0001
YMR142C	199	0.0002	0.0000	0.0000
YMR141W-A	74	0.0040	0.0000	0.0000
YMR143W	143	0.0005	0.0000	0.0000
YMR144W	342	0.0007	0.0000	0.0000
YMR145C	560	0.0005	0.0000	0.0002
YMR146C	347	0.0066	0.0007	0.0080
YMR147W	412	0.0038	0.0000	0.0003
YMR148W	148	0.0021	0.0000	0.0005
YMR149W	286	0.0092	0.0000	0.0008
YMR150C	190	0.0052	0.0000	0.0007
YMR151W	145	0.0067	0.0000	0.0005
YMR152W	365	0.0009	0.0002	0.0051
YMR153W	475	0.0007	0.0000	0.0001
YMR153C-A	111	0.0020	0.0000	0.0000
YMR154C	727	0.0331	0.0027	0.0043
YMR155W	547	0.0042	0.0001	0.0203
YMR156C	238	0.0013	0.0000	0.0005
YMR157C	255	0.0030	0.0000	0.0011
YMR158W	155	0.0035	0.0001	0.0000
YMR158C-A	45	0.0011	0.0000	0.0000
YMR158W-B	106	0.0911	0.0000	0.0012
YMR159C	150	0.0001	0.0000	0.0000
YMR160W	816	0.0031	0.0000	0.0007
YMR161W	224	0.0007	0.0000	0.0000
YMR162C	1656	0.0017	0.0000	0.0008
YMR163C	705	0.0011	0.0000	0.0001
YMR164C	758	0.0059	0.0000	0.0000
YMR165C	862	0.0024	0.0000	0.0009
YMR166C	368	0.0011	0.0000	0.0010
YMR167W	769	0.0008	0.0000	0.0001
YMR168C	608	0.0007	0.0000	0.0002
YMR169C	506	0.0005	0.0000	0.0019
YMR170C	506	0.0006	0.0000	0.0033
YMR171C	550	0.0080	0.0001	0.0028
YMR172W	719	0.0025	0.0000	0.0001
YMR172C-A	127	0.0318	0.0010	0.1132
YMR173W	430	0.1025	0.0048	0.0725
YMR173W-A	394	0.9453	0.6650	0.0002
YMR174C	68	0.0003	0.0000	0.0000
YMR175W	79	0.0002	0.0000	0.0000
YMR175W-A	64	0.0120	0.0002	0.0018
YMR176W	1411	0.0017	0.0000	0.0013
YMR177W	510	0.0012	0.0000	0.0000
YMR178W	274	0.0007	0.0000	0.0005
YMR179W	758	0.0048	0.0000	0.0006
YMR180C	320	0.0035	0.0000	0.0001
YMR181C	154	0.0098	0.0015	0.0154
YMR182C	211	0.0104	0.0014	0.0030
YMR182W-A	28	0.0042	0.0000	0.0000
YMR183C	295	0.0007	0.0000	0.0000
YMR184W	198	0.0033	0.0001	0.0016
YMR185W	981	0.0007	0.0000	0.0001
YMR186W	705	0.0013	0.0000	0.0000
YMR187C	431	0.0036	0.0004	0.0126
YMR188C	237	0.0003	0.0000	0.0000
YMR189W	1034	0.0021	0.0000	0.0008
YMR190C	1447	0.0007	0.0000	0.0004
YMR191W	373	0.0080	0.0001	0.0003
YMR192W	720	0.0008	0.0000	0.0000
YMR193W	258	0.0004	0.0000	0.0000
YMR193C-A	128	0.0226	0.0004	0.0699
YMR194W	100	0.0002	0.0000	0.0000
YMR194C-B	73	0.0054	0.0000	0.0361
YMR194C-A	74	0.0069	0.0000	0.0009
YMR195W	127	0.0061	0.0000	0.0010
YMR196W	1088	0.0028	0.0000	0.0002
YMR197C	217	0.0003	0.0000	0.0000
YMR198W	594	0.0006	0.0000	0.0000
YMR199W	546	0.0040	0.0000	0.0009
YMR200W	256	0.1914	0.2302	0.0694
YMR201C	371	0.0012	0.0000	0.0000
YMR202W	222	0.0032	0.0000	0.0007
YMR203W	387	0.0152	0.0000	0.0017
YMR204C	420	0.0052	0.0001	0.0014
YMR205C	959	0.0031	0.0000	0.0005
YMR206W	313	0.0048	0.0000	0.0010
YMR207C	2123	0.0014	0.0001	0.0009
YMR208W	443	0.0010	0.0000	0.0005
YMR209C	457	0.0008	0.0000	0.0001
YMR210W	449	0.0027	0.0001	0.0018
YMR211W	475	0.0020	0.0000	0.0003
YMR212C	782	0.0004	0.0000	0.0001
YMR213W	590	0.0003	0.0000	0.0000
YMR214W	377	0.0028	0.0000	0.0001
YMR215W	524	0.0289	0.0000	0.0810
YMR216C	742	0.0014	0.0000	0.0001
YMR217W	525	0.0010	0.0000	0.0002
YMR218C	1102	0.0028	0.0001	0.0001
YMR219W	1658	0.0082	0.0001	0.0004
YMR220W	451	0.0009	0.0000	0.0003
YMR221C	504	0.0127	0.0002	0.0140
YMR222C	223	0.0026	0.0000	0.0057
YMR223W	471	0.0065	0.0001	0.0024
YMR224C	692	0.0010	0.0000	0.0002
YMR225C	98	0.0005	0.0000	0.0000
YMR226C	267	0.0004	0.0000	0.0000
YMR227C	590	0.0004	0.0000	0.0000
YMR228W	341	0.0018	0.0002	0.0002
YMR229C	1729	0.0018	0.0000	0.0007
YMR230W	105	0.0015	0.0003	0.0002
YMR230W-A	62	0.0088	0.0000	0.0035
YMR231W	1029	0.0016	0.0000	0.0007
YMR232W	677	0.0017	0.0001	0.0000
YMR233W	226	0.0006	0.0000	0.0000
YMR234W	348	0.0012	0.0000	0.0003
YMR235C	407	0.0003	0.0000	0.0000
YMR236W	157	0.0005	0.0000	0.0000
YMR237W	724	0.0011	0.0000	0.0001
YMR238W	458	0.0197	0.0000	0.0041
YMR239C	471	0.0004	0.0000	0.0000
YMR240C	436	0.0005	0.0000	0.0000
YMR241W	314	0.0005	0.0000	0.0002
YMR242C	172	0.0015	0.0001	0.0000
YMR242W-A	29	0.0007	0.0000	0.0000
YMR243C	442	0.0012	0.0000	0.0001
YMR244W	355	0.6865	0.4917	0.5351
YMR244C-A	104	0.0002	0.0000	0.0000
YMR245W	206	0.0092	0.0000	0.0017
YMR246W	694	0.0015	0.0001	0.0010
YMR247C	1562	0.0004	0.0000	0.0007
YMR247W-A	47	0.0028	0.0000	0.0000
YMR250W	585	0.0013	0.0000	0.0001
YMR251W	366	0.0037	0.0002	0.0017
YMR251W-A	59	0.0027	0.0000	0.0000
YMR252C	134	0.0010	0.0000	0.0001
YMR253C	414	0.0012	0.0000	0.0003
YMR254C	102	0.0093	0.0004	0.0013
YMR255W	188	0.0004	0.0000	0.0000
YMR256C	60	0.0006	0.0000	0.0000
YMR257C	800	0.0004	0.0000	0.0001
YMR258C	553	0.0024	0.0000	0.0003
YMR259C	1420	0.0006	0.0000	0.0004
YMR260C	153	0.0002	0.0000	0.0000
YMR261C	1054	0.0015	0.0000	0.0006
YMR262W	313	0.0002	0.0000	0.0012
YMR263W	201	0.0020	0.0000	0.0000
YMR264W	203	0.0006	0.0000	0.0000
YMR265C	461	0.0030	0.0001	0.0001
YMR266W	953	0.0031	0.0000	0.0017
YMR267W	310	0.0030	0.0001	0.0003
YMR268C	444	0.0007	0.0000	0.0000
YMR269W	211	0.0005	0.0000	0.0000
YMR270C	365	0.0007	0.0000	0.0000
YMR271C	227	0.0004	0.0000	0.0002
YMR272C	384	0.0032	0.0000	0.0011
YMR272W-A	37	0.0024	0.0000	0.0000
YMR272W-B	35	0.0011	0.0000	0.0000
YMR273C	915	0.0018	0.0000	0.0000
YMR274C	315	0.0060	0.0000	0.0109
YMR275C	976	0.0054	0.0001	0.0010
YMR276W	373	0.0007	0.0000	0.0000
YMR277W	732	0.0012	0.0000	0.0003
YMR278W	622	0.0014	0.0000	0.0003
YMR279C	540	0.0033	0.0003	0.0003
YMR280C	1433	0.0006	0.0000	0.0004
YMR281W	304	0.0044	0.0000	0.0001
YMR282C	580	0.0002	0.0000	0.0000
YMR283C	513	0.0020	0.0001	0.0001
YMR284W	602	0.0008	0.0000	0.0001
YMR285C	515	0.0004	0.0000	0.0000
YMR286W	86	0.0007	0.0000	0.0001
YMR287C	969	0.0049	0.0002	0.0005
YMR288W	971	0.0012	0.0000	0.0001
YMR289W	374	0.0053	0.0001	0.0001
YMR290C	505	0.0003	0.0000	0.0001
YMR290W-A	115	0.0028	0.0000	0.0008
YMR291W	586	0.0022	0.0000	0.0017
YMR292W	138	0.0007	0.0000	0.0001
YMR293C	464	0.0004	0.0000	0.0033
YMR294W	373	0.0001	0.0000	0.0000
YMR294W-A	119	0.0019	0.0000	0.0000
YMR295C	197	0.0011	0.0000	0.0000
YMR296C	558	0.0023	0.0000	0.0068
YMR297W	532	0.0186	0.0004	0.0074
YMR298W	150	0.0365	0.0012	0.1127
YMR299C	312	0.0022	0.0000	0.0001
YMR300C	510	0.0021	0.0000	0.0009
YMR301C	690	0.0004	0.0000	0.0000
YMR302C	850	0.0007	0.0000	0.0001
YMR303C	348	0.0005	0.0000	0.0024
YMR304W	1230	0.0035	0.0000	0.0005
YMR304C-A	116	0.0102	0.0004	0.1236
YMR305C	389	0.0893	0.0001	0.3527
YMR306W	1785	0.0017	0.0000	0.0030
YMR306C-A	129	0.0040	0.0000	0.0128
YMR307W	559	0.0299	0.0000	0.2273
YMR307C-A	64	0.0077	0.0022	0.1738
YMR308C	1089	0.0013	0.0000	0.0002
YMR309C	812	0.0006	0.0000	0.0000
YMR310C	317	0.0113	0.0003	0.0159
YMR311C	229	0.0006	0.0000	0.0000
YMR312W	273	0.0043	0.0000	0.0005
YMR313C	642	0.0025	0.0000	0.0005
YMR314W	234	0.0009	0.0000	0.0006
YMR315W	349	0.0016	0.0000	0.0003
YMR315W-A	35	0.0021	0.0000	0.0000
YMR316W	336	0.0026	0.0001	0.0000
YMR316C-A	103	0.0033	0.0000	0.0001
YMR316C-B	102	0.0088	0.0004	0.0019
YMR317W	1140	0.9971	1.0000	0.9959
YMR318C	360	0.0004	0.0000	0.0017
YMR319C	552	0.0029	0.0000	0.0006
YMR320W	101	0.0046	0.0000	0.0001
YMR321C	105	0.0009	0.0000	0.0005
YMR322C	237	0.0005	0.0000	0.0009
YMR323W	437	0.0009	0.0000	0.0001
YMR324C	80	0.0066	0.0000	0.0408
YMR325W	124	0.0342	0.0001	0.0207
YMR326C	102	0.1639	0.0020	0.5366
YNL339C	1859	0.0015	0.0000	0.0044
YNL339W-B	160	0.0057	0.0001	0.0003
YNL339W-A	191	0.5664	0.1480	0.7390
YNL338W	52	0.4500	0.1427	0.9996
YNL337W	84	0.0441	0.0022	0.9233
YNL336W	381	0.0005	0.0000	0.0000
YNL335W	225	0.0005	0.0000	0.0035
YNL334C	222	0.0012	0.0000	0.0000
YNL333W	298	0.0003	0.0000	0.0000
YNL332W	340	0.0023	0.0001	0.0008
YNL331C	376	0.0002	0.0000	0.0000
YNL330C	433	0.0008	0.0000	0.0019
YNL329C	1030	0.0019	0.0000	0.0022
YNL328C	146	0.0003	0.0000	0.0000
YNL327W	1041	0.9941	0.9999	0.9914
YNL326C	336	0.0043	0.0000	0.0025
YNL325C	879	0.0030	0.0000	0.0011
YNL324W	131	0.0344	0.0004	0.0231
YNL323W	414	0.0156	0.0009	0.0015
YNL322C	313	0.9915	1.0000	0.9888
YNL321W	908	0.0053	0.0000	0.0023
YNL320W	284	0.0013	0.0000	0.0023
YNL319W	146	0.0133	0.0001	0.0010
YNL318C	540	0.0030	0.0005	0.0026
YNL317W	465	0.0061	0.0002	0.0002
YNL316C	334	0.0035	0.0000	0.0010
YNL315C	318	0.0011	0.0000	0.0000
YNL314W	255	0.0005	0.0000	0.0000
YNL313C	904	0.0006	0.0000	0.0002
YNL312W	273	0.0049	0.0000	0.0067
YNL311C	763	0.0028	0.0000	0.0008
YNL310C	174	0.0029	0.0000	0.0000
YNL309W	420	0.0022	0.0000	0.0005
YNL308C	591	0.0002	0.0000	0.0000
YNL307C	375	0.0010	0.0000	0.0001
YNL306W	217	0.0006	0.0000	0.0000
YNL305C	297	0.0048	0.0001	0.0034
YNL304W	417	0.0009	0.0000	0.0000
YNL303W	115	0.0070	0.0004	0.0213
YNL302C	144	0.0003	0.0000	0.0000
YNL301C	186	0.0006	0.0000	0.0000
YNL300W	102	0.2015	0.6514	0.7441
YNL299W	642	0.0003	0.0000	0.0000
YNL298W	842	0.0031	0.0000	0.0018
YNL297C	1636	0.0008	0.0000	0.0022
YNL296W	104	0.0012	0.0000	0.0000
YNL295W	524	0.0009	0.0000	0.0000
YNL294C	533	0.0052	0.0000	0.0003
YNL293W	633	0.0004	0.0000	0.0000
YNL292W	403	0.0010	0.0000	0.0000
YNL291C	548	0.5676	0.5110	0.2726
YNL290W	340	0.0002	0.0000	0.0000
YNL289W	279	0.0015	0.0000	0.0000
YNL288W	373	0.0012	0.0000	0.0001
YNL287W	935	0.0016	0.0000	0.0003
YNL286W	285	0.0005	0.0000	0.0000
YNL285W	123	0.0189	0.0011	0.0186
YNL284C-B	1755	0.0099	0.0004	0.0177
YNL284C-A	440	0.0174	0.0027	0.0085
YNL284C	322	0.0005	0.0000	0.0000
YNL283C	503	0.8744	0.6077	0.9673
YNL282W	195	0.0021	0.0002	0.0000
YNL281W	153	0.0018	0.0000	0.0001
YNL280C	438	0.0020	0.0000	0.0003
YNL279W	661	0.0110	0.0000	0.0012
YNL278W	1060	0.0051	0.0001	0.0048
YNL277W-A	62	0.0017	0.0000	0.0000
YNL277W	486	0.0014	0.0000	0.0010
YNL276C	131	0.0176	0.0000	0.0056
YNL275W	576	0.0040	0.0000	0.0027
YNL274C	350	0.0003	0.0000	0.0000
YNL273W	1238	0.0006	0.0000	0.0001
YNL272C	759	0.0013	0.0000	0.0001
YNL271C	1953	0.0003	0.0000	0.0001
YNL270C	573	0.0018	0.0000	0.0009
YNL269W	131	0.0048	0.0001	0.0002
YNL268W	611	0.0020	0.0000	0.0014
YNL267W	1066	0.0005	0.0000	0.0000
YNL266W	139	0.0101	0.0000	0.0079
YNL265C	298	0.0004	0.0000	0.0000
YNL264C	350	0.0013	0.0000	0.0000
YNL263C	314	0.0018	0.0000	0.0003
YNL262W	2222	0.0010	0.0000	0.0014
YNL261W	479	0.0013	0.0000	0.0008
YNL260C	162	0.0003	0.0000	0.0000
YNL259C	73	0.0013	0.0000	0.0007
YNL258C	754	0.0007	0.0000	0.0000
YNL257C	1229	0.0031	0.0009	0.0003
YNL256W	824	0.0005	0.0000	0.0002
YNL255C	153	0.1037	0.0021	0.7539
YNL254C	401	0.0006	0.0000	0.0000
YNL253W	422	0.0035	0.0001	0.0018
YNL252C	281	0.0016	0.0000	0.0000
YNL251C	575	0.0036	0.0000	0.0010
YNL250W	1312	0.0006	0.0000	0.0000
YNL249C	542	0.0004	0.0000	0.0003
YNL248C	415	0.0008	0.0000	0.0001
YNL247W	767	0.0008	0.0000	0.0001
YNL246W	264	0.0004	0.0000	0.0000
YNL245C	179	0.0002	0.0000	0.0000
YNL244C	108	0.0011	0.0000	0.0000
YNL243W	968	0.0014	0.0000	0.0000
YNL242W	1592	0.0038	0.0000	0.0011
YNL241C	505	0.0017	0.0000	0.0001
YNL240C	491	0.0013	0.0000	0.0002
YNL239W	454	0.0015	0.0001	0.0001
YNL238W	814	0.0118	0.0000	0.0062
YNL237W	459	0.0029	0.0000	0.0010
YNL236W	974	0.0088	0.0014	0.0013
YNL235C	143	0.0066	0.0001	0.0004
YNL234W	426	0.0042	0.0003	0.0002
YNL233W	892	0.0025	0.0000	0.0004
YNL232W	292	0.0431	0.0010	0.0024
YNL231C	351	0.0013	0.0001	0.0000
YNL230C	379	0.0029	0.0002	0.0001
YNL229C	354	0.0004	0.0000	0.0000
YNL228W	258	0.0259	0.0000	0.0150
YNL227C	590	0.0006	0.0000	0.0000
YNL226W	136	0.0043	0.0001	0.0034
YNL225C	581	0.0006	0.0000	0.0000
YNL224C	767	0.0009	0.0000	0.0000
YNL223W	494	0.0043	0.0000	0.0008
YNL222W	206	0.0019	0.0000	0.0001
YNL221C	875	0.0016	0.0000	0.0001
YNL220W	433	0.0010	0.0000	0.0006
YNL219C	555	0.0047	0.0001	0.0051
YNL218W	587	0.0003	0.0000	0.0000
YNL217W	326	0.0015	0.0000	0.0001
YNL216W	827	0.0026	0.0000	0.0004
YNL215W	320	0.0003	0.0000	0.0000
YNL214W	199	0.0006	0.0000	0.0000
YNL213C	214	0.0004	0.0000	0.0000
YNL212W	782	0.0042	0.0001	0.0003
YNL211C	86	0.0002	0.0000	0.0000
YNL210W	270	0.0017	0.0000	0.0001
YNL209W	613	0.0005	0.0000	0.0001
YNL208W	199	0.0051	0.0000	0.0023
YNL207W	425	0.0005	0.0000	0.0000
YNL206C	455	0.0014	0.0000	0.0001
YNL205C	140	0.0060	0.0000	0.0006
YNL204C	300	0.0011	0.0000	0.0001
YNL203C	203	0.0341	0.0000	0.0041
YNL202W	292	0.0003	0.0000	0.0002
YNL201C	858	0.0009	0.0000	0.0002
YNL200C	246	0.0006	0.0000	0.0021
YNL199C	534	0.0027	0.0000	0.0002
YNL198C	100	0.0019	0.0000	0.0002
YNL197C	661	0.0045	0.0000	0.0018
YNL196C	298	0.0009	0.0000	0.0000
YNL195C	261	0.0070	0.0000	0.0006
YNL194C	301	0.0183	0.0015	0.0084
YNL193W	558	0.0012	0.0000	0.0001
YNL192W	1131	0.0057	0.0001	0.0028
YNL191W	357	0.0030	0.0000	0.0005
YNL190W	204	0.6193	0.7138	0.6085
YNL189W	542	0.0009	0.0000	0.0000
YNL188W	433	0.0012	0.0000	0.0000
YNL187W	357	0.0047	0.0000	0.0018
YNL186W	792	0.0024	0.0000	0.0002
YNL185C	158	0.0010	0.0000	0.0000
YNL184C	108	0.0018	0.0000	0.0001
YNL183C	790	0.0030	0.0000	0.0080
YNL182C	555	0.0022	0.0000	0.0009
YNL181W	407	0.0008	0.0000	0.0000
YNL180C	331	0.0017	0.0000	0.0056
YNL179C	145	0.0171	0.0001	0.0143
YNL178W	240	0.0013	0.0000	0.0000
YNL177C	309	0.0010	0.0000	0.0000
YNL176C	636	0.9737	0.9966	0.9610
YNL175C	403	0.0002	0.0000	0.0000
YNL174W	190	0.0305	0.0000	0.0135
YNL173C	366	0.0083	0.0013	0.0005
YNL172W	1748	0.0026	0.0000	0.0027
YNL171C	122	0.0179	0.0010	0.0109
YNL170W	131	0.0200	0.0006	0.0103
YNL169C	500	0.0021	0.0000	0.0001
YNL168C	259	0.0022	0.0000	0.0004
YNL167C	647	0.0083	0.0001	0.0164
YNL166C	448	0.0006	0.0000	0.0000
YNL165W	406	0.0040	0.0000	0.0002
YNL164C	351	0.0033	0.0000	0.0000
YNL163C	1110	0.0013	0.0000	0.0001
YNL162W-A	72	0.0034	0.0001	0.0061
YNL162W	106	0.0033	0.0000	0.0001
YNL161W	756	0.0015	0.0000	0.0001
YNL160W	354	0.1807	0.0040	0.1353
YNL159C	289	0.0015	0.0000	0.0001
YNL158W	198	0.0428	0.0109	0.0022
YNL157W	168	0.0070	0.0001	0.0100
YNL156C	299	0.0024	0.0000	0.0007
YNL155C-A	74	0.0005	0.0000	0.0000
YNL155W	274	0.0016	0.0000	0.0000
YNL154C	546	0.0010	0.0000	0.0000
YNL153C	129	0.0001	0.0000	0.0000
YNL152W	409	0.0054	0.0000	0.0008
YNL151C	251	0.0005	0.0000	0.0001
YNL150W	135	0.0042	0.0000	0.0002
YNL149C	129	0.0001	0.0000	0.0000
YNL148C	254	0.0025	0.0000	0.0000
YNL147W	115	0.0011	0.0000	0.0000
YNL146C-A	64	0.0024	0.0000	0.0021
YNL146W	100	0.0017	0.0000	0.0000
YNL145W	38	0.0019	0.0000	0.0024
YNL144C	740	0.0096	0.0003	0.0019
YNL144W-A	27	0.0014	0.0000	0.0000
YNL143C	130	0.0007	0.0000	0.0000
YNL142W	499	0.0131	0.0000	0.0080
YNL141W	347	0.0002	0.0000	0.0004
YNL140C	189	0.0011	0.0000	0.0000
YNL139C	1597	0.0007	0.0000	0.0004
YNL138W-A	85	0.0004	0.0000	0.0000
YNL138W	526	0.0084	0.0001	0.0015
YNL137C	486	0.0006	0.0000	0.0000
YNL136W	425	0.0012	0.0001	0.0000
YNL135C	114	0.0245	0.0399	0.0781
YNL134C	376	0.0007	0.0000	0.0003
YNL133C	173	0.0004	0.0000	0.0000
YNL132W	1056	0.0005	0.0000	0.0000
YNL131W	152	0.0009	0.0000	0.0000
YNL130C	393	0.0031	0.0000	0.0205
YNL130C-A	48	0.0023	0.0000	0.0000
YNL129W	240	0.0004	0.0000	0.0002
YNL128W	434	0.0013	0.0000	0.0000
YNL127W	953	0.0005	0.0000	0.0001
YNL126W	846	0.0016	0.0000	0.0002
YNL125C	673	0.0037	0.0001	0.0006
YNL124W	492	0.0039	0.0000	0.0002
YNL123W	997	0.0290	0.0004	0.0046
YNL122C	115	0.0007	0.0000	0.0000
YNL121C	617	0.0003	0.0000	0.0000
YNL120C	161	0.0248	0.0002	0.0365
YNL119W	493	0.0025	0.0000	0.0001
YNL118C	970	0.0008	0.0000	0.0000
YNL117W	554	0.0015	0.0000	0.0001
YNL116W	522	0.0064	0.0002	0.0013
YNL115C	644	0.0023	0.0000	0.0006
YNL114C	123	0.0110	0.0001	0.0172
YNL113W	142	0.0019	0.0000	0.0000
YNL112W	546	0.0005	0.0000	0.0002
YNL111C	120	0.0011	0.0000	0.0001
YNL110C	220	0.0003	0.0000	0.0000
YNL109W	181	0.0031	0.0000	0.0001
YNL108C	270	0.0006	0.0000	0.0001
YNL107W	226	0.0027	0.0001	0.0002
YNL106C	1183	0.0016	0.0000	0.0052
YNL105W	142	0.0047	0.0000	0.0008
YNL104C	619	0.0011	0.0000	0.0003
YNL103W-A	29	0.0024	0.0000	0.0005
YNL103W	672	0.0005	0.0000	0.0001
YNL102W	1468	0.0013	0.0000	0.0005
YNL101W	713	0.0021	0.0000	0.0004
YNL100W	234	0.0007	0.0000	0.0000
YNL099C	238	0.0026	0.0000	0.0003
YNL098C	322	0.0019	0.0000	0.0001
YNL097C-B	40	0.0055	0.0000	0.0015
YNL097C	330	0.0017	0.0000	0.0000
YNL097W-A	51	0.0090	0.0002	0.0203
YNL096C	190	0.0008	0.0000	0.0000
YNL095C	642	0.0033	0.0000	0.0013
YNL094W	587	0.0046	0.0001	0.0048
YNL093W	220	0.0012	0.0000	0.0001
YNL092W	400	0.0012	0.0001	0.0006
YNL091W	1240	0.0008	0.0000	0.0001
YNL090W	192	0.0003	0.0000	0.0002
YNL089C	158	0.0246	0.0000	0.0133
YNL088W	1428	0.0011	0.0000	0.0002
YNL087W	1178	0.0091	0.0005	0.0041
YNL086W	102	0.0004	0.0000	0.0000
YNL085W	830	0.0029	0.0001	0.0012
YNL084C	349	0.0007	0.0000	0.0000
YNL083W	494	0.0026	0.0000	0.0007
YNL082W	873	0.0029	0.0000	0.0003
YNL081C	143	0.0007	0.0000	0.0000
YNL080C	366	0.0052	0.0000	0.0003
YNL079C	199	0.0001	0.0001	0.0000
YNL078W	407	0.0156	0.0007	0.0012
YNL077W	528	0.0037	0.0000	0.0027
YNL076W	584	0.0012	0.0000	0.0001
YNL075W	290	0.0008	0.0000	0.0000
YNL074C	452	0.0103	0.0000	0.0082
YNL073W	576	0.0019	0.0000	0.0001
YNL072W	307	0.0012	0.0000	0.0003
YNL071W	482	0.0014	0.0000	0.0002
YNL070W	60	0.0024	0.0001	0.0007
YNL069C	198	0.0003	0.0000	0.0000
YNL068C	862	0.0055	0.0001	0.0005
YNL067W-A	48	0.0008	0.0000	0.0000
YNL067W-B	46	0.0019	0.0000	0.0008
YNL067W	191	0.0012	0.0000	0.0000
YNL066W	420	0.9348	0.9932	0.9673
YNL065W	586	0.0050	0.0002	0.0041
YNL064C	409	0.0016	0.0000	0.0004
YNL063W	314	0.0003	0.0000	0.0003
YNL062C	478	0.0011	0.0000	0.0000
YNL061W	618	0.0002	0.0000	0.0000
YNL059C	755	0.0005	0.0000	0.0000
YNL058C	316	0.0159	0.0000	0.0010
YNL057W	110	0.0126	0.0001	0.0010
YNL056W	197	0.0011	0.0000	0.0001
YNL055C	283	0.0103	0.0000	0.0032
YNL054W-A	440	0.0244	0.0058	0.0122
YNL054W-B	1749	0.0108	0.0005	0.0186
YNL054W	1165	0.0033	0.0000	0.0010
YNL053W	489	0.0033	0.0001	0.0016
YNL052W	153	0.0006	0.0000	0.0000
YNL051W	403	0.0004	0.0000	0.0000
YNL050C	270	0.0008	0.0000	0.0000
YNL049C	876	0.0056	0.0000	0.0010
YNL048W	548	0.0005	0.0000	0.0004
YNL047C	656	0.0023	0.0001	0.0002
YNL046W	172	0.0029	0.0000	0.0010
YNL045W	671	0.0031	0.0000	0.0006
YNL044W	176	0.0013	0.0000	0.0007
YNL043C	106	0.1434	0.0060	0.7492
YNL042W-B	85	0.0012	0.0000	0.0001
YNL042W	396	0.0019	0.0000	0.0001
YNL041C	839	0.0007	0.0000	0.0000
YNL040C-A	26	0.0047	0.0000	0.0000
YNL040W	456	0.0019	0.0000	0.0002
YNL039W	594	0.0005	0.0000	0.0000
YNL038W	229	0.0008	0.0001	0.0000
YNL037C	360	0.0006	0.0000	0.0001
YNL036W	221	0.0044	0.0000	0.0052
YNL035C	389	0.0031	0.0000	0.0003
YNL034W	612	0.0178	0.0017	0.0074
YNL033W	284	0.0181	0.0000	0.0017
YNL032W	281	0.0006	0.0000	0.0000
YNL031C	136	0.0002	0.0000	0.0000
YNL030W	103	0.0002	0.0000	0.0000
YNL029C	522	0.0030	0.0000	0.0002
YNL028W	105	0.0043	0.0000	0.0000
YNL027W	678	0.0017	0.0000	0.0002
YNL026W	484	0.0042	0.0000	0.0007
YNL025C	323	0.0020	0.0000	0.0004
YNL024C-A	72	0.0016	0.0000	0.0000
YNL024C	246	0.0007	0.0000	0.0001
YNL023C	965	0.0973	0.1060	0.4204
YNL022C	490	0.0002	0.0000	0.0002
YNL021W	706	0.0011	0.0000	0.0006
YNL020C	638	0.0022	0.0000	0.0004
YNL019C	284	0.0211	0.0000	0.0017
YNL018C	612	0.0209	0.0025	0.0081
YNL017C	112	0.0084	0.0001	0.0328
YNL016W	453	0.0027	0.0000	0.0000
YNL015W	75	0.0005	0.0000	0.0000
YNL014W	1044	0.0009	0.0000	0.0002
YNL013C	125	0.0047	0.0000	0.0001
YNL012W	631	0.0041	0.0000	0.0008
YNL011C	444	0.0006	0.0000	0.0000
YNL010W	241	0.0006	0.0000	0.0001
YNL009W	420	0.0006	0.0000	0.0000
YNL008C	676	0.0024	0.0000	0.0004
YNL007C	352	0.0066	0.0000	0.0037
YNL006W	303	0.0115	0.0001	0.0008
YNL005C	371	0.0004	0.0000	0.0000
YNL004W	454	0.0015	0.0000	0.0000
YNL003C	284	0.0010	0.0000	0.0019
YNL002C	322	0.0004	0.0000	0.0000
YNL001W	386	0.0006	0.0000	0.0001
YNR001C	479	0.0006	0.0000	0.0001
YNR001W-A	72	0.0018	0.0000	0.0000
YNR002C	282	0.0054	0.0000	0.0011
YNR003C	317	0.0006	0.0000	0.0000
YNR003W-A	32	0.0063	0.0000	0.0002
YNR004W	146	0.0006	0.0000	0.0000
YNR005C	134	0.0016	0.0000	0.0000
YNR006W	622	0.0048	0.0001	0.0002
YNR007C	310	0.0016	0.0000	0.0002
YNR008W	661	0.0030	0.0000	0.0000
YNR009W	249	0.0036	0.0001	0.0018
YNR010W	149	0.0009	0.0000	0.0000
YNR011C	876	0.0010	0.0000	0.0001
YNR012W	501	0.0010	0.0000	0.0001
YNR013C	894	0.0016	0.0000	0.0003
YNR014W	212	0.0093	0.0001	0.0187
YNR015W	384	0.0004	0.0000	0.0003
YNR016C	2233	0.0013	0.0000	0.0009
YNR017W	222	0.0007	0.0000	0.0002
YNR018W	224	0.0005	0.0000	0.0000
YNR019W	642	0.0038	0.0001	0.0002
YNR020C	270	0.0012	0.0000	0.0000
YNR021W	404	0.0007	0.0000	0.0000
YNR022C	139	0.0005	0.0000	0.0000
YNR023W	566	0.0013	0.0000	0.0000
YNR024W	186	0.0001	0.0000	0.0000
YNR025C	119	0.0333	0.0015	0.0071
YNR026C	471	0.0128	0.0002	0.0021
YNR027W	317	0.0008	0.0000	0.0007
YNR028W	308	0.0020	0.0000	0.0001
YNR029C	429	0.0006	0.0000	0.0000
YNR030W	551	0.0027	0.0000	0.0013
YNR031C	1579	0.0030	0.0000	0.0002
YNR032W	368	0.0007	0.0000	0.0005
YNR032C-A	73	0.0011	0.0000	0.0000
YNR033W	787	0.0026	0.0000	0.0017
YNR034W	321	0.0008	0.0000	0.0001
YNR034W-A	98	0.0020	0.0000	0.0015
YNR035C	342	0.0070	0.0001	0.0001
YNR036C	153	0.0026	0.0000	0.0001
YNR037C	91	0.0019	0.0000	0.0000
YNR038W	629	0.0008	0.0000	0.0002
YNR039C	605	0.0045	0.0000	0.0030
YNR040W	256	0.0042	0.0000	0.0004
YNR041C	372	0.0008	0.0000	0.0001
YNR042W	142	0.0219	0.0012	0.0066
YNR043W	396	0.0019	0.0000	0.0002
YNR044W	725	0.9999	1.0000	0.9999
YNR045W	489	0.0018	0.0000	0.0001
YNR046W	135	0.0070	0.0001	0.0019
YNR047W	893	0.0015	0.0000	0.0006
YNR048W	393	0.0250	0.0035	0.0021
YNR049C	210	0.0005	0.0000	0.0002
YNR050C	446	0.0014	0.0000	0.0009
YNR051C	515	0.0060	0.0019	0.0006
YNR052C	433	0.0019	0.0000	0.0000
YNR053C	486	0.0003	0.0000	0.0000
YNR054C	316	0.0001	0.0000	0.0000
YNR055C	586	0.0097	0.0007	0.0131
YNR056C	561	0.0064	0.0000	0.0361
YNR057C	237	0.0016	0.0000	0.0009
YNR058W	480	0.0010	0.0000	0.0007
YNR059W	580	0.0024	0.0001	0.0003
YNR060W	719	0.0036	0.0001	0.0019
YNR061C	219	0.0043	0.0000	0.0007
YNR062C	327	0.0017	0.0000	0.0001
YNR063W	607	0.0007	0.0000	0.0004
YNR064C	290	0.0008	0.0000	0.0013
YNR065C	1116	0.0790	0.0130	0.0221
YNR066C	436	0.0251	0.0018	0.0093
YNR067C	1117	0.3986	0.2633	0.3594
YNR068C	272	0.0031	0.0000	0.0000
YNR069C	489	0.0071	0.0002	0.0016
YNR070W	1333	0.0019	0.0000	0.0037
YNR071C	342	0.0563	0.0089	0.0086
YNR072W	564	0.0027	0.0007	0.0047
YNR073C	502	0.0012	0.0000	0.0003
YNR074C	378	0.0005	0.0000	0.0022
YNR075W	374	0.0028	0.0000	0.0001
YNR075C-A	30	0.0029	0.0000	0.0014
YNR076W	120	0.0134	0.0000	0.0026
YNR077C	84	0.1270	0.0071	0.9772
YOL166W-A	51	0.0302	0.0004	0.9937
YOL166C	112	0.0272	0.0002	0.0031
YOL165C	143	0.0004	0.0000	0.0000
YOL164W-A	60	0.0394	0.0012	0.3748
YOL164W	646	0.0014	0.0001	0.0001
YOL163W	169	0.0014	0.0002	0.0000
YOL162W	215	0.0025	0.0000	0.0009
YOL161C	120	0.0130	0.0000	0.0025
YOL160W	113	0.0028	0.0000	0.0001
YOL159C-A	90	0.0025	0.0001	0.0011
YOL159C	171	0.5067	0.0819	0.3801
YOL158C	606	0.0071	0.0014	0.0011
YOL157C	589	0.0010	0.0000	0.0003
YOL156W	567	0.0044	0.0010	0.0071
YOL155W-A	44	0.0052	0.0001	0.2744
YOL155C	967	0.9988	1.0000	0.9994
YOL154W	249	0.0619	0.0008	0.0227
YOL153C	579	0.0055	0.0000	0.0036
YOL152W	620	0.0018	0.0000	0.0046
YOL151W	342	0.0006	0.0000	0.0000
YOL150C	103	0.0102	0.0001	0.0014
YOL149W	231	0.0030	0.0000	0.0001
YOL148C	604	0.0016	0.0000	0.0000
YOL147C	236	0.0005	0.0000	0.0000
YOL146W	194	0.0011	0.0000	0.0000
YOL145C	1077	0.0002	0.0000	0.0000
YOL144W	484	0.0005	0.0000	0.0000
YOL143C	169	0.0004	0.0000	0.0000
YOL142W	240	0.0064	0.0015	0.0070
YOL141W	695	0.0044	0.0003	0.0004
YOL140W	423	0.0004	0.0000	0.0001
YOL139C	213	0.0029	0.0001	0.0001
YOL138C	1341	0.0035	0.0000	0.0091
YOL137W	497	0.0037	0.0001	0.0049
YOL136C	397	0.0025	0.0000	0.0033
YOL135C	222	0.0013	0.0000	0.0001
YOL134C	129	0.0028	0.0000	0.0001
YOL133W	121	0.0021	0.0000	0.0000
YOL132W	471	0.0040	0.0000	0.0013
YOL131W	108	0.0011	0.0000	0.0000
YOL130W	859	0.0024	0.0000	0.0006
YOL129W	184	0.0026	0.0000	0.0024
YOL128C	375	0.0010	0.0000	0.0001
YOL127W	142	0.0026	0.0000	0.0000
YOL126C	377	0.0016	0.0000	0.0003
YOL125W	476	0.0016	0.0000	0.0002
YOL124C	433	0.0006	0.0001	0.0000
YOL123W	534	0.0014	0.0000	0.0000
YOL122C	575	0.0024	0.0000	0.0007
YOL121C	144	0.0004	0.0000	0.0000
YOL120C	186	0.0005	0.0000	0.0000
YOL119C	501	0.0071	0.0008	0.0067
YOL118C	102	0.0014	0.0000	0.0000
YOL117W	645	0.0005	0.0000	0.0000
YOL116W	382	0.0019	0.0000	0.0001
YOL115W	584	0.0006	0.0000	0.0002
YOL114C	202	0.0010	0.0000	0.0000
YOL113W	655	0.0012	0.0000	0.0000
YOL112W	492	0.0004	0.0000	0.0000
YOL111C	212	0.0025	0.0000	0.0000
YOL110W	237	0.0059	0.0000	0.0005
YOL109W	113	0.0005	0.0000	0.0000
YOL108C	151	0.0001	0.0000	0.0000
YOL107W	342	0.0029	0.0000	0.0003
YOL106W	117	0.0360	0.0023	0.0746
YOL105C	556	0.7952	0.8418	0.8861
YOL104C	352	0.0023	0.0000	0.0004
YOL103W-A	440	0.0262	0.0083	0.0237
YOL103W-B	1755	0.0119	0.0006	0.0238
YOL103W	609	0.0019	0.0002	0.0017
YOL102C	230	0.0010	0.0000	0.0000
YOL101C	312	0.0082	0.0002	0.0022
YOL100W	1081	0.0040	0.0001	0.0014
YOL099C	163	0.0048	0.0000	0.0004
YOL098C	1037	0.0009	0.0000	0.0009
YOL097W-A	61	0.0022	0.0000	0.0001
YOL097C	432	0.0009	0.0000	0.0004
YOL096C	312	0.0012	0.0001	0.0000
YOL095C	706	0.0004	0.0000	0.0001
YOL094C	323	0.0002	0.0000	0.0000
YOL093W	293	0.0009	0.0000	0.0000
YOL092W	308	0.0035	0.0000	0.0004
YOL091W	609	0.0011	0.0000	0.0001
YOL090W	964	0.0005	0.0000	0.0001
YOL089C	1030	0.0008	0.0000	0.0002
YOL088C	277	0.0016	0.0000	0.0002
YOL087C	1116	0.0026	0.0000	0.0013
YOL086W-A	90	0.0002	0.0000	0.0000
YOL086C	348	0.0007	0.0000	0.0017
YOL085W-A	70	0.0053	0.0000	0.0000
YOL085C	113	0.0029	0.0000	0.0000
YOL084W	991	0.0035	0.0000	0.0031
YOL083W	412	0.0060	0.0002	0.0007
YOL083C-A	46	0.0022	0.0000	0.0001
YOL082W	415	0.0068	0.0004	0.0007
YOL081W	3079	0.0039	0.0000	0.0169
YOL080C	289	0.0002	0.0000	0.0000
YOL079W	132	0.0052	0.0000	0.0015
YOL078W	1176	0.0013	0.0000	0.0005
YOL077W-A	68	0.0003	0.0000	0.0000
YOL077C	291	0.0006	0.0000	0.0000
YOL076W	796	0.0003	0.0000	0.0001
YOL075C	1294	0.0019	0.0000	0.0030
YOL073C	322	0.0040	0.0000	0.0017
YOL072W	455	0.0015	0.0000	0.0000
YOL071W	162	0.0006	0.0000	0.0000
YOL070C	501	0.0021	0.0000	0.0002
YOL069W	451	0.0006	0.0000	0.0000
YOL068C	503	0.0018	0.0000	0.0001
YOL067C	177	0.0006	0.0000	0.0007
YOL066C	591	0.0026	0.0001	0.0018
YOL065C	384	0.0014	0.0000	0.0063
YOL064C	357	0.0011	0.0000	0.0003
YOL063C	957	0.0065	0.0001	0.0079
YOL062C	491	0.0078	0.0004	0.0002
YOL061W	496	0.0019	0.0000	0.0033
YOL060C	706	0.0020	0.0000	0.0035
YOL059W	440	0.0022	0.0000	0.0001
YOL058W	420	0.0016	0.0000	0.0013
YOL057W	711	0.0010	0.0000	0.0003
YOL056W	303	0.0006	0.0000	0.0000
YOL055C	551	0.0006	0.0000	0.0058
YOL054W	406	0.0005	0.0000	0.0000
YOL053W	395	0.0040	0.0000	0.0001
YOL052C-A	61	0.0030	0.0000	0.0000
YOL052C	396	0.0030	0.0000	0.0011
YOL051W	1081	0.0011	0.0000	0.0000
YOL050C	106	0.0045	0.0000	0.0063
YOL049W	491	0.0019	0.0000	0.0005
YOL048C	342	0.0014	0.0000	0.0001
YOL047C	356	0.0072	0.0001	0.0072
YOL046C	224	0.0058	0.0000	0.0006
YOL045W	1101	0.0023	0.0000	0.0004
YOL044W	383	0.0007	0.0000	0.0000
YOL043C	380	0.0002	0.0000	0.0000
YOL042W	363	0.0007	0.0000	0.0006
YOL041C	459	0.0004	0.0000	0.0000
YOL040C	142	0.0010	0.0000	0.0000
YOL039W	106	0.0003	0.0000	0.0000
YOL038C-A	31	0.0003	0.0000	0.0000
YOL038W	254	0.0019	0.0000	0.0012
YOL037C	117	0.0014	0.0000	0.0054
YOL036W	761	0.0067	0.0000	0.0010
YOL035C	100	0.0121	0.0001	0.0061
YOL034W	1093	0.0005	0.0000	0.0000
YOL033W	536	0.0004	0.0000	0.0000
YOL032W	246	0.0021	0.0000	0.0001
YOL031C	421	0.0011	0.0000	0.0000
YOL030W	484	0.0345	0.0000	0.0448
YOL029C	201	0.0059	0.0001	0.0007
YOL028C	245	0.0005	0.0000	0.0000
YOL027C	573	0.0013	0.0000	0.0000
YOL026C	113	0.0007	0.0000	0.0000
YOL025W	660	0.0008	0.0000	0.0001
YOL024W	172	0.0013	0.0000	0.0000
YOL023W	676	0.0011	0.0000	0.0001
YOL022C	408	0.0019	0.0000	0.0001
YOL021C	1001	0.0020	0.0000	0.0002
YOL020W	592	0.0018	0.0000	0.0011
YOL019W-A	50	0.0027	0.0000	0.0001
YOL019W	551	0.0097	0.0000	0.0077
YOL018C	397	0.0006	0.0000	0.0000
YOL017W	714	0.0016	0.0000	0.0001
YOL016C	447	0.0002	0.0000	0.0000
YOL015W	586	0.0086	0.0007	0.0004
YOL014W	124	0.0524	0.0007	0.0188
YOL013W-B	96	0.0165	0.0002	0.0107
YOL013W-A	63	0.0013	0.0000	0.0000
YOL013C	551	0.0061	0.0000	0.0006
YOL012C	134	0.0001	0.0000	0.0000
YOL011W	686	0.0717	0.0008	0.0039
YOL010W	367	0.0011	0.0000	0.0002
YOL009C	271	0.0026	0.0000	0.0001
YOL008W	207	0.0021	0.0001	0.0001
YOL007C	341	0.0373	0.0005	0.0064
YOL006C	769	0.0007	0.0000	0.0000
YOL005C	120	0.0008	0.0000	0.0000
YOL004W	1536	0.0053	0.0001	0.0011
YOL003C	378	0.0031	0.0001	0.0020
YOL002C	317	0.0018	0.0000	0.0012
YOL001W	293	0.0026	0.0001	0.0026
YOR001W	733	0.0004	0.0000	0.0000
YOR002W	544	0.0015	0.0000	0.0056
YOR003W	478	0.0024	0.0000	0.0012
YOR004W	254	0.0016	0.0000	0.0000
YOR005C	944	0.0009	0.0000	0.0005
YOR006C	313	0.0007	0.0000	0.0000
YOR007C	346	0.0001	0.0000	0.0000
YOR008C	378	0.7783	0.1138	0.7912
YOR008C-A	74	0.0037	0.0000	0.0001
YOR008W-B	33	0.0018	0.0000	0.0006
YOR009W	487	0.9974	1.0000	0.7759
YOR010C	251	0.3112	0.0303	0.0009
YOR011W	1394	0.0026	0.0000	0.0146
YOR011W-A	68	0.0012	0.0000	0.0057
YOR012W	137	0.0013	0.0000	0.0000
YOR013W	156	0.0015	0.0001	0.0001
YOR014W	757	0.0042	0.0000	0.0008
YOR015W	119	0.0033	0.0001	0.0002
YOR016C	207	0.0045	0.0006	0.0004
YOR017W	800	0.0011	0.0000	0.0001
YOR018W	837	0.0078	0.0000	0.0010
YOR019W	730	0.0013	0.0000	0.0004
YOR020C	106	0.0010	0.0000	0.0000
YOR020W-A	90	0.0003	0.0000	0.0001
YOR021C	213	0.0005	0.0000	0.0000
YOR022C	715	0.0014	0.0000	0.0004
YOR023C	566	0.0039	0.0000	0.0005
YOR024W	107	0.0170	0.0006	0.0675
YOR025W	447	0.0012	0.0000	0.0002
YOR026W	341	0.0044	0.0000	0.0010
YOR027W	589	0.0004	0.0000	0.0000
YOR028C	295	0.0011	0.0000	0.0002
YOR029W	111	0.0113	0.0008	0.1747
YOR030W	619	0.0144	0.0010	0.0027
YOR031W	68	0.9181	0.9811	1.0000
YOR032C	434	0.0040	0.0000	0.0014
YOR032W-A	66	0.0037	0.0000	0.0000
YOR033C	702	0.0005	0.0000	0.0002
YOR034C	749	0.0036	0.0000	0.0011
YOR034C-A	80	0.0021	0.0000	0.0113
YOR035C	789	0.0006	0.0000	0.0000
YOR036W	288	0.0001	0.0000	0.0000
YOR037W	366	0.0017	0.0000	0.0002
YOR038C	875	0.0075	0.0002	0.0022
YOR039W	258	0.0016	0.0001	0.0003
YOR040W	285	0.0007	0.0000	0.0003
YOR041C	143	0.0185	0.0000	0.0231
YOR042W	411	0.0013	0.0000	0.0000
YOR043W	486	0.0031	0.0000	0.0001
YOR044W	157	0.0028	0.0000	0.0004
YOR045W	61	0.0004	0.0000	0.0000
YOR046C	482	0.0002	0.0000	0.0000
YOR047C	444	0.0029	0.0001	0.0002
YOR048C	1006	0.0021	0.0000	0.0000
YOR049C	354	0.0037	0.0000	0.0004
YOR050C	115	0.0086	0.0000	0.0069
YOR051C	412	0.0002	0.0000	0.0000
YOR052C	150	0.0021	0.0004	0.0004
YOR053W	113	0.0092	0.0009	0.0000
YOR054C	674	0.0019	0.0000	0.0002
YOR055W	144	0.0424	0.0001	0.0950
YOR056C	459	0.0012	0.0000	0.0000
YOR057W	395	0.0008	0.0000	0.0001
YOR058C	885	0.0011	0.0000	0.0000
YOR059C	450	0.0019	0.0000	0.0001
YOR060C	257	0.0011	0.0000	0.0000
YOR061W	339	0.0012	0.0000	0.0003
YOR062C	268	0.0047	0.0002	0.0001
YOR063W	387	0.0017	0.0000	0.0000
YOR064C	219	0.0007	0.0000	0.0000
YOR065W	309	0.0035	0.0000	0.0010
YOR066W	629	0.0050	0.0000	0.0021
YOR067C	577	0.0012	0.0000	0.0021
YOR069W	675	0.0007	0.0000	0.0000
YOR068C	114	0.0055	0.0000	0.0053
YOR070C	637	0.0024	0.0000	0.0003
YOR071C	598	0.0047	0.0000	0.0189
YOR072W	104	0.0087	0.0000	0.0073
YOR072W-A	82	0.0055	0.0001	0.0003
YOR072W-B	53	0.0018	0.0000	0.0015
YOR073W	590	0.0042	0.0001	0.0001
YOR074C	304	0.0010	0.0000	0.0001
YOR073W-A	77	0.0027	0.0000	0.0001
YOR075W	346	0.0003	0.0000	0.0000
YOR076C	747	0.0023	0.0000	0.0002
YOR077W	232	0.0004	0.0000	0.0000
YOR078W	214	0.0003	0.0000	0.0000
YOR079C	313	0.0032	0.0000	0.0006
YOR080W	732	0.0008	0.0000	0.0000
YOR081C	749	0.0022	0.0000	0.0002
YOR082C	113	0.0101	0.0000	0.0036
YOR083W	295	0.0079	0.0000	0.0019
YOR084W	387	0.0014	0.0000	0.0001
YOR085W	350	0.0052	0.0000	0.0011
YOR086C	1186	0.0057	0.0002	0.0008
YOR087W	675	0.0006	0.0000	0.0002
YOR089C	210	0.0004	0.0000	0.0000
YOR090C	572	0.0008	0.0000	0.0013
YOR091W	345	0.0003	0.0000	0.0000
YOR092W	613	0.0032	0.0000	0.0022
YOR093C	1648	0.0035	0.0000	0.0029
YOR094W	183	0.0002	0.0000	0.0000
YOR095C	258	0.0006	0.0000	0.0001
YOR096W	190	0.0009	0.0000	0.0000
YOR097C	175	0.0078	0.0000	0.0051
YOR098C	1076	0.0106	0.0000	0.0956
YOR099W	393	0.0044	0.0004	0.0020
YOR100C	327	0.0005	0.0000	0.0014
YOR101W	309	0.0017	0.0000	0.0002
YOR102W	116	0.0023	0.0000	0.0000
YOR103C	130	0.0014	0.0000	0.0010
YOR104W	282	0.0137	0.0000	0.0232
YOR105W	108	0.0212	0.0000	0.0000
YOR106W	283	0.0010	0.0000	0.0000
YOR107W	309	0.0029	0.0000	0.0002
YOR108W	604	0.0008	0.0000	0.0002
YOR108C-A	69	0.0032	0.0001	0.0004
YOR109W	1107	0.0016	0.0000	0.0029
YOR110W	435	0.0032	0.0001	0.0008
YOR111W	232	0.0011	0.0000	0.0019
YOR112W	761	0.0015	0.0000	0.0015
YOR113W	914	0.0034	0.0000	0.0012
YOR114W	294	0.0010	0.0000	0.0000
YOR115C	268	0.0013	0.0000	0.0000
YOR116C	1460	0.0013	0.0000	0.0003
YOR117W	434	0.0001	0.0000	0.0000
YOR118W	567	0.0016	0.0000	0.0000
YOR119C	484	0.0005	0.0000	0.0000
YOR120W	312	0.0002	0.0000	0.0002
YOR121C	101	0.0018	0.0000	0.0000
YOR122C	126	0.0040	0.0000	0.0004
YOR123C	464	0.0005	0.0000	0.0000
YOR124C	1272	0.0024	0.0000	0.0017
YOR125C	233	0.0008	0.0000	0.0000
YOR126C	238	0.0007	0.0000	0.0000
YOR127W	1007	0.0027	0.0001	0.0011
YOR128C	571	0.0007	0.0000	0.0002
YOR129C	893	0.0022	0.0000	0.0009
YOR130C	292	0.0009	0.0000	0.0012
YOR131C	218	0.0006	0.0000	0.0000
YOR132W	551	0.0007	0.0000	0.0000
YOR133W	842	0.0011	0.0000	0.0001
YOR134W	409	0.0009	0.0000	0.0000
YOR135C	113	0.0158	0.0007	0.0662
YOR136W	369	0.0024	0.0000	0.0031
YOR137C	622	0.0041	0.0000	0.0009
YOR138C	671	0.0023	0.0000	0.0006
YOR139C	130	0.0418	0.0032	0.0317
YOR140W	766	0.0051	0.0001	0.0021
YOR141C	881	0.0015	0.0000	0.0002
YOR142W	329	0.0011	0.0000	0.0004
YOR142W-A	440	0.0281	0.0091	0.0259
YOR142W-B	1755	0.0121	0.0007	0.0219
YOR143C	319	0.0029	0.0001	0.0028
YOR144C	791	0.0009	0.0000	0.0001
YOR145C	274	0.0010	0.0000	0.0001
YOR146W	101	0.0469	0.0005	0.1075
YOR147W	622	0.0030	0.0000	0.0001
YOR148C	185	0.0003	0.0000	0.0000
YOR149C	516	0.0017	0.0000	0.0006
YOR150W	163	0.0006	0.0000	0.0000
YOR151C	1224	0.0027	0.0000	0.0001
YOR152C	256	0.0043	0.0000	0.0045
YOR153W	1511	0.0015	0.0000	0.0035
YOR154W	587	0.0034	0.0002	0.0000
YOR155C	450	0.0010	0.0000	0.0001
YOR156C	726	0.0077	0.0000	0.0054
YOR157C	261	0.0027	0.0000	0.0005
YOR158W	318	0.0006	0.0000	0.0000
YOR159C	94	0.0020	0.0000	0.0000
YOR160W	972	0.0010	0.0000	0.0004
YOR161C	539	0.0082	0.0000	0.0050
YOR161W-A	26	0.0017	0.0000	0.0000
YOR161W-B	86	0.0051	0.0000	0.0000
YOR161C-C	48	0.0022	0.0000	0.0001
YOR162C	810	0.0009	0.0000	0.0010
YOR163W	188	0.0007	0.0001	0.0000
YOR164C	312	0.0003	0.0000	0.0000
YOR165W	776	0.0007	0.0000	0.0000
YOR166C	458	0.0015	0.0000	0.0003
YOR167C	67	0.0014	0.0000	0.0000
YOR168W	809	0.0032	0.0001	0.0006
YOR169C	154	0.0070	0.0001	0.0000
YOR170W	101	0.0052	0.0001	0.0026
YOR171C	624	0.0050	0.0001	0.0009
YOR172W	786	0.0012	0.0000	0.0008
YOR173W	353	0.0009	0.0000	0.0001
YOR174W	284	0.0004	0.0000	0.0000
YOR175C	619	0.0013	0.0000	0.0002
YOR176W	393	0.0011	0.0000	0.0003
YOR177C	464	0.0008	0.0000	0.0000
YOR178C	793	0.0172	0.0007	0.0189
YOR179C	188	0.0035	0.0000	0.0001
YOR180C	271	0.0001	0.0000	0.0002
YOR181W	633	0.0111	0.0000	0.0924
YOR182C	63	0.0012	0.0000	0.0000
YOR183W	129	0.0039	0.0001	0.0007
YOR184W	395	0.0007	0.0000	0.0001
YOR185C	220	0.0004	0.0000	0.0002
YOR186W	144	0.0021	0.0000	0.0001
YOR186C-A	69	0.0031	0.0000	0.0008
YOR187W	437	0.0023	0.0000	0.0000
YOR188W	1137	0.0029	0.0000	0.0003
YOR189W	116	0.0004	0.0000	0.0000
YOR190W	445	0.0032	0.0000	0.0005
YOR191W	1619	0.0008	0.0000	0.0001
YOR192C	599	0.0061	0.0000	0.0253
YOR192C-C	78	0.0039	0.0001	0.0001
YOR192C-B	1770	0.0072	0.0002	0.0129
YOR192C-A	438	0.0118	0.0019	0.0027
YOR193W	376	0.0011	0.0000	0.0000
YOR194C	286	0.0059	0.0001	0.0001
YOR195W	821	0.0004	0.0000	0.0000
YOR196C	414	0.0008	0.0000	0.0002
YOR197W	432	0.0071	0.0000	0.0008
YOR198C	470	0.0003	0.0000	0.0000
YOR199W	109	0.0017	0.0000	0.0000
YOR200W	132	0.0169	0.0004	0.0483
YOR201C	412	0.0003	0.0000	0.0002
YOR202W	220	0.0005	0.0000	0.0000
YOR203W	117	0.0028	0.0000	0.0002
YOR204W	604	0.0004	0.0000	0.0003
YOR205C	556	0.0020	0.0000	0.0028
YOR206W	710	0.0002	0.0000	0.0000
YOR207C	1149	0.0031	0.0000	0.0001
YOR208W	750	0.0069	0.0001	0.0012
YOR209C	429	0.0011	0.0000	0.0002
YOR210W	70	0.0007	0.0000	0.0000
YOR211C	881	0.0004	0.0000	0.0000
YOR212W	423	0.0055	0.0001	0.0006
YOR213C	248	0.0010	0.0000	0.0000
YOR214C	236	0.1544	0.0373	0.0036
YOR215C	185	0.0003	0.0000	0.0000
YOR216C	484	0.0003	0.0000	0.0000
YOR217W	861	0.0005	0.0000	0.0002
YOR218C	139	0.0660	0.0015	0.4233
YOR219C	931	0.0083	0.0006	0.0041
YOR220W	265	0.0041	0.0000	0.0012
YOR221C	360	0.0008	0.0000	0.0016
YOR222W	307	0.0005	0.0000	0.0001
YOR223W	292	0.0007	0.0000	0.0000
YOR224C	146	0.0180	0.0006	0.0003
YOR225W	109	0.0038	0.0000	0.0000
YOR226C	156	0.0013	0.0000	0.0000
YOR227W	1246	0.0020	0.0000	0.0006
YOR228C	302	0.0012	0.0000	0.0001
YOR229W	467	0.0031	0.0000	0.0025
YOR230W	437	0.0082	0.0001	0.0131
YOR231W	508	0.0023	0.0000	0.0005
YOR231C-A	66	0.0119	0.0000	0.0000
YOR232W	228	0.0001	0.0000	0.0000
YOR233W	800	0.0024	0.0000	0.0006
YOR234C	107	0.0026	0.0011	0.0000
YOR235W	104	0.0124	0.0005	0.2170
YOR236W	211	0.0008	0.0000	0.0000
YOR237W	434	0.0017	0.0001	0.0001
YOR238W	303	0.0013	0.0000	0.0002
YOR239W	628	0.0035	0.0001	0.0000
YOR241W	548	0.0011	0.0000	0.0001
YOR242C	371	0.0018	0.0000	0.0002
YOR243C	676	0.0009	0.0000	0.0000
YOR244W	445	0.0020	0.0001	0.0002
YOR245C	418	0.0013	0.0000	0.0064
YOR246C	330	0.0010	0.0000	0.0003
YOR247W	210	0.9984	1.0000	0.9997
YOR248W	100	0.0445	0.0034	0.0003
YOR249C	685	0.0006	0.0000	0.0001
YOR250C	445	0.0046	0.0001	0.0013
YOR251C	304	0.0010	0.0000	0.0037
YOR252W	178	0.0002	0.0000	0.0000
YOR253W	176	0.0017	0.0000	0.0000
YOR254C	663	0.0072	0.0001	0.0010
YOR255W	278	0.0012	0.0000	0.0000
YOR256C	809	0.0017	0.0000	0.0009
YOR257W	161	0.0006	0.0000	0.0000
YOR258W	217	0.0005	0.0000	0.0001
YOR259C	437	0.0002	0.0000	0.0000
YOR260W	578	0.0022	0.0000	0.0005
YOR261C	338	0.0006	0.0000	0.0000
YOR262W	347	0.0005	0.0000	0.0000
YOR263C	135	0.0089	0.0000	0.0134
YOR264W	430	0.0099	0.0007	0.0019
YOR265W	106	0.0003	0.0000	0.0000
YOR266W	423	0.0022	0.0001	0.0002
YOR267C	759	0.0054	0.0000	0.0006
YOR268C	132	0.0144	0.0000	0.2518
YOR269W	494	0.0035	0.0000	0.0006
YOR270C	840	0.0019	0.0000	0.0000
YOR271C	327	0.0011	0.0000	0.0001
YOR272W	460	0.0019	0.0000	0.0008
YOR273C	659	0.0040	0.0002	0.0010
YOR274W	428	0.0002	0.0000	0.0000
YOR275C	661	0.0008	0.0000	0.0001
YOR276W	161	0.0020	0.0000	0.0000
YOR277C	102	0.0109	0.0000	0.0069
YOR278W	275	0.0005	0.0000	0.0011
YOR279C	310	0.0022	0.0000	0.0000
YOR280C	266	0.0004	0.0000	0.0000
YOR281C	286	0.0001	0.0000	0.0000
YOR282W	106	0.0078	0.0000	0.0001
YOR283W	230	0.0003	0.0000	0.0000
YOR284W	243	0.0014	0.0000	0.0000
YOR285W	139	0.0014	0.0000	0.0001
YOR286W	149	0.0014	0.0000	0.0008
YOR287C	300	0.0001	0.0000	0.0000
YOR288C	318	0.0011	0.0000	0.0002
YOR289W	251	0.0008	0.0000	0.0002
YOR290C	1703	0.0012	0.0000	0.0000
YOR291W	1472	0.0061	0.0000	0.0102
YOR292C	309	0.0033	0.0000	0.0010
YOR293W	105	0.0018	0.0004	0.0004
YOR293C-A	49	0.0140	0.0010	0.1626
YOR294W	203	0.0005	0.0000	0.0000
YOR295W	228	0.0006	0.0000	0.0000
YOR296W	1289	0.0010	0.0000	0.0001
YOR297C	192	0.0011	0.0000	0.0026
YOR298W	479	0.0010	0.0000	0.0000
YOR298C-A	151	0.0002	0.0000	0.0000
YOR299W	746	0.0018	0.0000	0.0002
YOR300W	102	0.0007	0.0000	0.0000
YOR301W	435	0.0012	0.0000	0.0002
YOR302W	25	0.0132	0.0010	0.1176
YOR303W	411	0.0013	0.0000	0.0084
YOR304W	1120	0.0003	0.0000	0.0000
YOR304C-A	76	0.0001	0.0000	0.0000
YOR305W	242	0.0007	0.0000	0.0000
YOR306C	521	0.0114	0.0003	0.0861
YOR307C	453	0.0010	0.0000	0.0016
YOR308C	587	0.0007	0.0000	0.0000
YOR309C	126	0.0007	0.0000	0.0000
YOR310C	511	0.0006	0.0000	0.0000
YOR311C	290	0.0019	0.0001	0.0010
YOR312C	172	0.0015	0.0001	0.0000
YOR313C	338	0.0023	0.0000	0.0001
YOR314W	109	0.0019	0.0000	0.0000
YOR314W-A	36	0.0017	0.0000	0.0000
YOR315W	346	0.0023	0.0002	0.0004
YOR316C	439	0.0021	0.0000	0.0008
YOR316C-A	69	0.0030	0.0001	0.0000
YOR317W	700	0.0020	0.0000	0.0011
YOR318C	101	0.0014	0.0000	0.0000
YOR319W	213	0.0016	0.0002	0.0000
YOR320C	491	0.0016	0.0001	0.0001
YOR321W	753	0.0043	0.0001	0.0011
YOR322C	818	0.0213	0.0003	0.0028
YOR323C	456	0.0003	0.0000	0.0000
YOR324C	602	0.0011	0.0000	0.0001
YOR325W	157	0.0259	0.0000	0.4598
YOR326W	1574	0.0006	0.0000	0.0001
YOR327C	115	0.0005	0.0000	0.0000
YOR328W	1564	0.0029	0.0000	0.0081
YOR329C	872	0.0154	0.0001	0.0018
YOR329W-A	69	0.0006	0.0000	0.0000
YOR330C	1254	0.0016	0.0000	0.0010
YOR331C	185	0.0081	0.0000	0.0001
YOR332W	233	0.0002	0.0000	0.0000
YOR333C	138	0.0012	0.0000	0.0000
YOR334W	470	0.0012	0.0000	0.0000
YOR335C	958	0.0010	0.0000	0.0004
YOR335W-A	26	0.0011	0.0000	0.0000
YOR336W	1365	0.0021	0.0000	0.0008
YOR337W	759	0.0012	0.0000	0.0035
YOR338W	363	0.0016	0.0001	0.0000
YOR339C	156	0.0021	0.0007	0.0008
YOR340C	326	0.0026	0.0001	0.0002
YOR341W	1664	0.0023	0.0000	0.0009
YOR342C	319	0.0034	0.0000	0.0001
YOR343C	108	0.0020	0.0000	0.0000
YOR343W-A	438	0.0117	0.0018	0.0025
YOR343W-B	1770	0.0080	0.0002	0.0133
YOR344C	291	0.0003	0.0000	0.0000
YOR345C	116	0.0039	0.0000	0.0056
YOR346W	985	0.0003	0.0000	0.0002
YOR347C	506	0.0005	0.0000	0.0001
YOR348C	627	0.0023	0.0000	0.0142
YOR349W	1014	0.0008	0.0000	0.0002
YOR350C	663	0.0003	0.0000	0.0000
YOR351C	497	0.0015	0.0000	0.0002
YOR352W	343	0.0014	0.0000	0.0003
YOR353C	791	0.0029	0.0001	0.0004
YOR354C	692	0.0006	0.0000	0.0002
YOR355W	522	0.0014	0.0000	0.0001
YOR356W	631	0.0012	0.0000	0.0011
YOR357C	162	0.0007	0.0000	0.0000
YOR358W	242	0.0007	0.0000	0.0000
YOR359W	523	0.0051	0.0000	0.0011
YOR360C	526	0.0003	0.0000	0.0000
YOR361C	763	0.0039	0.0003	0.0001
YOR362C	288	0.0014	0.0000	0.0002
YOR363C	996	0.0012	0.0000	0.0002
YOR364W	122	0.0026	0.0000	0.0000
YOR365C	703	0.0274	0.0019	0.0007
YOR366W	117	0.0006	0.0000	0.0000
YOR367W	200	0.0010	0.0000	0.0001
YOR368W	401	0.0029	0.0000	0.0001
YOR369C	143	0.0011	0.0000	0.0000
YOR370C	603	0.0024	0.0000	0.0016
YOR371C	897	0.0113	0.0009	0.0303
YOR372C	554	0.0053	0.0000	0.0066
YOR373W	851	0.0019	0.0000	0.0005
YOR374W	519	0.0004	0.0000	0.0008
YOR375C	454	0.0012	0.0000	0.0008
YOR376W	122	0.0027	0.0000	0.0000
YOR376W-A	51	0.0081	0.0000	0.0037
YOR377W	525	0.0024	0.0001	0.0005
YOR378W	515	0.0114	0.0006	0.0015
YOR379C	112	0.0126	0.0002	0.0065
YOR380W	546	0.0012	0.0000	0.0010
YOR381W	711	0.0032	0.0000	0.0097
YOR381W-A	55	0.0005	0.0000	0.0000
YOR382W	153	0.8457	0.9994	0.9498
YOR383C	204	0.8893	0.9007	0.6515
YOR384W	694	0.0011	0.0000	0.0002
YOR385W	290	0.0066	0.0003	0.0029
YOR386W	565	0.0014	0.0000	0.0001
YOR387C	206	0.6490	0.6534	0.3883
YOR388C	376	0.0004	0.0000	0.0001
YOR389W	624	0.0110	0.0000	0.0002
YOR390W	375	0.0083	0.0000	0.0171
YOR391C	237	0.0005	0.0000	0.0013
YOR392W	147	0.0116	0.0002	0.0135
YOR393W	437	0.0009	0.0000	0.0001
YOR394W	164	0.0569	0.0001	0.0231
YOR394C-A	55	0.0210	0.0013	0.0702
YOR396W	1796	0.0011	0.0000	0.0036
YOR396C-A	160	0.0058	0.0001	0.0003
YPL283C	1859	0.0015	0.0000	0.0045
YPL283W-B	160	0.0056	0.0001	0.0003
YPL283W-A	191	0.5664	0.1480	0.7390
YPL282C	164	0.0569	0.0001	0.0231
YPL281C	437	0.0009	0.0000	0.0001
YPL280W	237	0.0005	0.0000	0.0012
YPL279C	375	0.0080	0.0000	0.0188
YPL278C	100	0.0046	0.0000	0.0004
YPL277C	487	0.0072	0.0000	0.0001
YPL276W	145	0.0004	0.0000	0.0002
YPL275W	236	0.0004	0.0000	0.0000
YPL274W	587	0.0031	0.0000	0.0041
YPL273W	325	0.0006	0.0000	0.0007
YPL272C	517	0.0014	0.0000	0.0007
YPL271W	62	0.0054	0.0000	0.0008
YPL270W	773	0.0006	0.0000	0.0009
YPL269W	644	0.0032	0.0001	0.0002
YPL268W	869	0.0028	0.0000	0.0001
YPL267W	209	0.0022	0.0001	0.0001
YPL266W	318	0.0002	0.0000	0.0000
YPL265W	608	0.0010	0.0000	0.0040
YPL264C	353	0.0006	0.0000	0.0003
YPL263C	651	0.0029	0.0000	0.0000
YPL262W	488	0.0008	0.0000	0.0001
YPL261C	102	0.0024	0.0000	0.0000
YPL260W	551	0.0007	0.0000	0.0000
YPL259C	475	0.0091	0.0012	0.0006
YPL258C	551	0.0008	0.0000	0.0064
YPL257W-A	440	0.0251	0.0075	0.0218
YPL257W-B	1755	0.0121	0.0006	0.0230
YPL257W	193	0.0024	0.0000	0.0000
YPL256C	545	0.0043	0.0000	0.0005
YPL255W	385	0.0003	0.0000	0.0000
YPL254W	488	0.0006	0.0000	0.0000
YPL253C	647	0.0011	0.0000	0.0000
YPL252C	172	0.0054	0.0000	0.0024
YPL251W	100	0.0028	0.0000	0.0003
YPL250C	136	0.0037	0.0000	0.0015
YPL249C-A	100	0.0002	0.0000	0.0000
YPL250W-A	95	0.0567	0.0006	0.0043
YPL249C	894	0.0015	0.0000	0.0000
YPL248C	881	0.0011	0.0000	0.0032
YPL247C	523	0.0036	0.0000	0.0093
YPL246C	262	0.0066	0.0000	0.0203
YPL245W	454	0.0011	0.0001	0.0000
YPL244C	339	0.0002	0.0000	0.0000
YPL243W	599	0.0008	0.0000	0.0000
YPL242C	1495	0.0017	0.0000	0.0009
YPL241C	268	0.0066	0.0000	0.0007
YPL240C	709	0.0013	0.0000	0.0000
YPL239W	200	0.0007	0.0000	0.0000
YPL238C	129	0.0297	0.0000	0.0036
YPL237W	285	0.0006	0.0000	0.0000
YPL236C	364	0.0026	0.0000	0.0008
YPL235W	471	0.0006	0.0000	0.0000
YPL234C	164	0.0030	0.0000	0.0011
YPL233W	216	0.0003	0.0000	0.0000
YPL232W	290	0.0004	0.0000	0.0000
YPL231W	1887	0.0012	0.0000	0.0006
YPL230W	391	0.0057	0.0006	0.0114
YPL229W	206	0.0037	0.0000	0.0006
YPL228W	549	0.0016	0.0000	0.0001
YPL227C	334	0.0003	0.0000	0.0000
YPL226W	1196	0.0011	0.0000	0.0003
YPL225W	146	0.0003	0.0000	0.0000
YPL224C	484	0.0014	0.0000	0.0003
YPL223C	168	0.0030	0.0000	0.0001
YPL222W	688	0.0017	0.0000	0.0001
YPL222C-A	81	0.0100	0.0002	0.0011
YPL221W	793	0.0112	0.0001	0.0010
YPL220W	217	0.0006	0.0000	0.0000
YPL219W	492	0.0005	0.0000	0.0000
YPL218W	190	0.0003	0.0000	0.0000
YPL217C	1183	0.0008	0.0000	0.0000
YPL216W	1102	0.0012	0.0000	0.0001
YPL215W	335	0.0009	0.0000	0.0001
YPL214C	540	0.0005	0.0000	0.0038
YPL213W	238	0.0006	0.0000	0.0000
YPL212C	544	0.0007	0.0000	0.0000
YPL211W	181	0.0024	0.0001	0.0000
YPL210C	640	0.0002	0.0000	0.0000
YPL209C	367	0.0007	0.0000	0.0000
YPL208W	583	0.0013	0.0000	0.0007
YPL207W	810	0.0029	0.0000	0.0046
YPL206C	321	0.0006	0.0000	0.0000
YPL205C	114	0.0028	0.0001	0.0067
YPL204W	494	0.0009	0.0000	0.0000
YPL203W	380	0.0018	0.0000	0.0002
YPL202C	416	0.0030	0.0001	0.0001
YPL201C	461	0.0099	0.0005	0.0015
YPL200W	156	0.0011	0.0000	0.0000
YPL199C	240	0.0021	0.0000	0.0000
YPL198W	244	0.0009	0.0001	0.0000
YPL197C	137	0.0127	0.0000	0.0002
YPL196W	273	0.0025	0.0001	0.0020
YPL195W	932	0.0003	0.0000	0.0000
YPL194W	612	0.0043	0.0000	0.0002
YPL193W	381	0.0019	0.0001	0.0001
YPL192C	133	0.0006	0.0000	0.0000
YPL191C	360	0.0005	0.0000	0.0000
YPL190C	802	0.0012	0.0000	0.0001
YPL189C-A	68	0.0007	0.0000	0.0000
YPL189W	609	0.0021	0.0000	0.0001
YPL188W	414	0.0014	0.0000	0.0026
YPL187W	165	0.0623	0.0000	0.0000
YPL186C	304	0.0043	0.0000	0.0001
YPL185W	131	0.0028	0.0001	0.0047
YPL184C	612	0.0087	0.0001	0.0004
YPL183W-A	93	0.0031	0.0000	0.0001
YPL183C	1013	0.0075	0.0001	0.0039
YPL182C	127	0.0333	0.0064	0.5476
YPL181W	506	0.0013	0.0000	0.0000
YPL180W	799	0.0006	0.0000	0.0000
YPL179W	549	0.0022	0.0000	0.0024
YPL178W	208	0.0013	0.0000	0.0013
YPL177C	306	0.0038	0.0001	0.0009
YPL176C	783	0.0025	0.0000	0.0001
YPL175W	452	0.0005	0.0000	0.0005
YPL174C	868	0.0006	0.0000	0.0000
YPL173W	297	0.0015	0.0001	0.0000
YPL172C	462	0.0018	0.0000	0.0003
YPL171C	400	0.0012	0.0000	0.0004
YPL170W	152	0.0045	0.0000	0.0059
YPL169C	599	0.0040	0.0000	0.0000
YPL168W	430	0.0004	0.0000	0.0000
YPL167C	1504	0.0032	0.0001	0.0019
YPL166W	213	0.0008	0.0000	0.0000
YPL165C	373	0.0062	0.0003	0.0015
YPL164C	715	0.0026	0.0000	0.0003
YPL163C	260	0.9939	1.0000	0.9997
YPL162C	273	0.0052	0.0001	0.0004
YPL161C	633	0.0006	0.0000	0.0001
YPL160W	1090	0.0010	0.0000	0.0003
YPL159C	253	0.0004	0.0000	0.0000
YPL158C	758	0.0070	0.0002	0.0003
YPL157W	315	0.0005	0.0003	0.0001
YPL156C	284	0.0040	0.0000	0.0001
YPL155C	706	0.0003	0.0000	0.0001
YPL154C	405	0.0209	0.0005	0.0120
YPL153C	821	0.0024	0.0001	0.0001
YPL152W-A	32	0.0017	0.0001	0.0000
YPL152W	358	0.0019	0.0001	0.0001
YPL151C	451	0.0030	0.0000	0.0002
YPL150W	901	0.0027	0.0000	0.0020
YPL149W	294	0.0015	0.0002	0.0003
YPL148C	173	0.0008	0.0000	0.0005
YPL147W	870	0.0006	0.0000	0.0000
YPL146C	455	0.0004	0.0000	0.0000
YPL145C	434	0.0024	0.0000	0.0001
YPL144W	148	0.0009	0.0000	0.0001
YPL143W	107	0.0030	0.0019	0.0000
YPL142C	105	0.0217	0.0002	0.0013
YPL141C	865	0.0066	0.0001	0.0030
YPL140C	506	0.0015	0.0000	0.0006
YPL139C	460	0.0043	0.0001	0.0013
YPL138C	353	0.0018	0.0000	0.0004
YPL137C	1276	0.0017	0.0000	0.0027
YPL136W	122	0.0026	0.0000	0.0001
YPL135W	165	0.0021	0.0000	0.0000
YPL135C-A	57	0.0125	0.0002	0.8150
YPL134C	310	0.0004	0.0000	0.0003
YPL133C	446	0.0019	0.0001	0.0003
YPL132W	300	0.0070	0.0001	0.0001
YPL131W	297	0.0011	0.0000	0.0001
YPL130W	223	0.0209	0.0000	0.0013
YPL129W	244	0.0049	0.0002	0.0006
YPL128C	562	0.0023	0.0000	0.0003
YPL127C	258	0.0017	0.0001	0.0001
YPL126W	896	0.0059	0.0001	0.0005
YPL125W	1032	0.0010	0.0000	0.0001
YPL124W	253	0.0003	0.0000	0.0000
YPL123C	434	0.0201	0.0005	0.0038
YPL122C	513	0.0006	0.0000	0.0000
YPL121C	222	0.0004	0.0000	0.0000
YPL120W	557	0.0014	0.0000	0.0000
YPL119C-A	87	0.0022	0.0000	0.0051
YPL119C	617	0.0004	0.0000	0.0003
YPL118W	344	0.0005	0.0000	0.0000
YPL117C	288	0.0015	0.0000	0.0000
YPL116W	697	0.0007	0.0000	0.0001
YPL115C	1128	0.0046	0.0001	0.0067
YPL114W	139	0.0102	0.0000	0.0038
YPL113C	396	0.0007	0.0000	0.0009
YPL112C	394	0.0013	0.0000	0.0001
YPL111W	333	0.0013	0.0000	0.0005
YPL110C	1223	0.0008	0.0000	0.0001
YPL109C	657	0.0005	0.0000	0.0000
YPL108W	168	0.0008	0.0000	0.0000
YPL107W	248	0.0005	0.0000	0.0000
YPL106C	693	0.0007	0.0000	0.0001
YPL105C	849	0.0042	0.0001	0.0004
YPL104W	658	0.0011	0.0000	0.0001
YPL103C	468	0.0064	0.0000	0.0004
YPL102C	100	0.0028	0.0000	0.0002
YPL101W	456	0.0013	0.0000	0.0000
YPL100W	496	0.0028	0.0000	0.0009
YPL099C	182	0.0008	0.0000	0.0000
YPL098C	113	0.0008	0.0000	0.0000
YPL097W	492	0.0011	0.0000	0.0003
YPL096C-A	68	0.0014	0.0000	0.0002
YPL096W	363	0.0009	0.0000	0.0003
YPL095C	456	0.0023	0.0000	0.0019
YPL094C	274	0.0006	0.0000	0.0000
YPL093W	647	0.0002	0.0000	0.0000
YPL092W	458	0.0053	0.0000	0.0009
YPL091W	483	0.0003	0.0000	0.0002
YPL090C	236	0.0005	0.0000	0.0000
YPL089C	676	0.0069	0.0000	0.0018
YPL088W	342	0.0004	0.0000	0.0000
YPL087W	317	0.0078	0.0003	0.0027
YPL086C	557	0.0010	0.0000	0.0013
YPL085W	2195	0.0157	0.0003	0.0182
YPL084W	844	0.0007	0.0000	0.0001
YPL083C	467	0.0014	0.0000	0.0000
YPL082C	1867	0.0003	0.0000	0.0001
YPL081W	197	0.0003	0.0000	0.0000
YPL080C	108	0.0060	0.0002	0.0019
YPL079W	160	0.0020	0.0011	0.0000
YPL078C	244	0.0004	0.0000	0.0000
YPL077C	240	0.0015	0.0000	0.0000
YPL076W	280	0.0046	0.0001	0.0101
YPL075W	785	0.0045	0.0002	0.0029
YPL074W	754	0.0002	0.0000	0.0000
YPL073C	161	0.0033	0.0000	0.0011
YPL072W	499	0.0049	0.0001	0.0011
YPL071C	156	0.0007	0.0000	0.0000
YPL070W	612	0.0010	0.0000	0.0001
YPL069C	335	0.0001	0.0000	0.0000
YPL068C	293	0.0034	0.0001	0.0000
YPL067C	198	0.0008	0.0000	0.0000
YPL066W	479	0.0556	0.0028	0.0177
YPL065W	242	0.0005	0.0000	0.0001
YPL064C	301	0.0006	0.0000	0.0000
YPL063W	476	0.0005	0.0000	0.0000
YPL062W	134	0.0017	0.0000	0.0001
YPL061W	500	0.0006	0.0000	0.0009
YPL060W	413	0.0007	0.0000	0.0000
YPL060C-A	1802	0.0021	0.0000	0.0012
YPL059W	150	0.0014	0.0000	0.0000
YPL058C	1511	0.0014	0.0000	0.0020
YPL057C	382	0.0017	0.0000	0.0009
YPL056C	101	0.0144	0.0001	0.0086
YPL055C	332	0.0070	0.0000	0.0138
YPL054W	301	0.0104	0.0001	0.0044
YPL053C	446	0.0031	0.0001	0.0000
YPL052W	292	0.0017	0.0000	0.0000
YPL051W	198	0.0002	0.0000	0.0000
YPL050C	395	0.0009	0.0000	0.0000
YPL049C	452	0.0078	0.0001	0.0006
YPL048W	415	0.0011	0.0001	0.0001
YPL047W	99	0.0042	0.0000	0.0002
YPL046C	99	0.0006	0.0000	0.0000
YPL045W	798	0.0009	0.0000	0.0001
YPL044C	182	0.0555	0.0000	0.0430
YPL043W	685	0.0002	0.0000	0.0000
YPL042C	555	0.0007	0.0000	0.0000
YPL041C	207	0.0008	0.0000	0.0000
YPL040C	1002	0.0013	0.0000	0.0003
YPL039W	316	0.0014	0.0000	0.0000
YPL038W-A	63	0.0015	0.0000	0.0142
YPL038W	177	0.0009	0.0000	0.0000
YPL037C	157	0.0003	0.0000	0.0000
YPL036W	947	0.0013	0.0000	0.0003
YPL035C	115	0.0106	0.0001	0.0015
YPL034W	165	0.0017	0.0001	0.0011
YPL033C	281	0.0009	0.0000	0.0010
YPL032C	825	0.0019	0.0000	0.0002
YPL031C	305	0.0009	0.0000	0.0000
YPL030W	567	0.0014	0.0000	0.0002
YPL029W	737	0.0009	0.0000	0.0001
YPL028W	398	0.0002	0.0000	0.0001
YPL027W	245	0.0020	0.0000	0.0001
YPL026C	502	0.0048	0.0000	0.0006
YPL025C	185	0.0065	0.0000	0.0039
YPL024W	241	0.0007	0.0000	0.0000
YPL023C	657	0.0016	0.0000	0.0003
YPL022W	1100	0.0008	0.0000	0.0000
YPL021W	187	0.0011	0.0000	0.0007
YPL020C	621	0.0009	0.0000	0.0000
YPL019C	835	0.0009	0.0000	0.0001
YPL018W	369	0.0012	0.0000	0.0000
YPL017C	499	0.0008	0.0000	0.0003
YPL016W	1314	0.0036	0.0000	0.0003
YPL015C	357	0.0007	0.0000	0.0003
YPL014W	381	0.0047	0.0000	0.0022
YPL013C	121	0.0011	0.0000	0.0000
YPL012W	1228	0.0008	0.0000	0.0002
YPL011C	353	0.0007	0.0000	0.0000
YPL010W	189	0.0005	0.0000	0.0000
YPL009C	1038	0.0008	0.0000	0.0000
YPL008W	861	0.0006	0.0000	0.0003
YPL007C	588	0.0040	0.0001	0.0005
YPL006W	1170	0.0293	0.0003	0.0149
YPL005W	606	0.0002	0.0000	0.0000
YPL004C	341	0.0013	0.0000	0.0000
YPL003W	462	0.0015	0.0000	0.0004
YPL002C	233	0.0005	0.0000	0.0000
YPL001W	374	0.0009	0.0000	0.0000
YPR001W	486	0.0012	0.0000	0.0000
YPR002W	516	0.0006	0.0000	0.0000
YPR002C-A	65	0.0048	0.0001	0.0007
YPR003C	754	0.0033	0.0000	0.0038
YPR004C	344	0.0015	0.0000	0.0011
YPR005C	294	0.0119	0.0044	0.0168
YPR006C	575	0.0007	0.0000	0.0000
YPR007C	680	0.0008	0.0000	0.0001
YPR008W	694	0.0018	0.0000	0.0002
YPR009W	268	0.0046	0.0004	0.0024
YPR010C	1203	0.0051	0.0000	0.0009
YPR010C-A	72	0.0010	0.0000	0.0034
YPR011C	326	0.0011	0.0000	0.0035
YPR012W	84	0.0024	0.0001	0.0005
YPR013C	317	0.0406	0.0334	0.0943
YPR014C	109	0.0026	0.0000	0.0001
YPR015C	247	0.0141	0.0033	0.0195
YPR016C	245	0.0072	0.0000	0.0030
YPR016W-A	86	0.0043	0.0001	0.0169
YPR017C	143	0.0039	0.0001	0.0002
YPR018W	606	0.0006	0.0000	0.0000
YPR019W	933	0.0017	0.0000	0.0002
YPR020W	115	0.0005	0.0000	0.0005
YPR021C	902	0.0005	0.0000	0.0001
YPR022C	1133	0.0018	0.0000	0.0007
YPR023C	401	0.0007	0.0000	0.0000
YPR024W	747	0.0003	0.0000	0.0002
YPR025C	393	0.0011	0.0000	0.0001
YPR026W	1211	0.0262	0.0009	0.0026
YPR027C	277	0.0203	0.0002	0.0012
YPR028W	180	0.0010	0.0000	0.0010
YPR029C	832	0.0006	0.0000	0.0001
YPR030W	1121	0.0150	0.0000	0.0102
YPR031W	748	0.0026	0.0002	0.0008
YPR032W	1033	0.0059	0.0001	0.0017
YPR033C	546	0.0005	0.0000	0.0000
YPR034W	477	0.0007	0.0000	0.0001
YPR035W	370	0.0014	0.0000	0.0002
YPR036W	478	0.0003	0.0000	0.0000
YPR036W-A	67	0.0006	0.0000	0.0000
YPR037C	196	0.0015	0.0000	0.0000
YPR038W	119	0.0033	0.0000	0.0008
YPR039W	111	0.0133	0.0002	0.0479
YPR040W	356	0.0037	0.0000	0.0000
YPR041W	405	0.0005	0.0000	0.0000
YPR042C	1075	0.0052	0.0000	0.0095
YPR043W	92	0.0012	0.0000	0.0010
YPR044C	117	0.0296	0.0073	0.1443
YPR045C	470	0.0007	0.0000	0.0001
YPR046W	181	0.0005	0.0000	0.0000
YPR047W	469	0.0016	0.0000	0.0000
YPR048W	623	0.0005	0.0000	0.0001
YPR049C	1178	0.0006	0.0000	0.0001
YPR050C	137	0.0292	0.0001	0.0072
YPR051W	176	0.0043	0.0001	0.0000
YPR052C	93	0.0001	0.0000	0.0000
YPR053C	151	0.0043	0.0000	0.0025
YPR054W	388	0.0017	0.0000	0.0006
YPR055W	1065	0.0011	0.0000	0.0000
YPR056W	338	0.0032	0.0001	0.0015
YPR057W	341	0.0009	0.0000	0.0000
YPR058W	307	0.0013	0.0000	0.0002
YPR059C	128	0.0085	0.0000	0.0002
YPR060C	256	0.0007	0.0000	0.0001
YPR061C	301	0.0026	0.0000	0.0006
YPR062W	158	0.0003	0.0000	0.0002
YPR063C	140	0.0684	0.0098	0.0042
YPR064W	139	0.0389	0.0002	0.2451
YPR065W	368	0.0069	0.0011	0.0013
YPR066W	299	0.0059	0.0000	0.0312
YPR067W	185	0.0075	0.0000	0.0016
YPR068C	470	0.0008	0.0000	0.0001
YPR069C	293	0.0015	0.0021	0.0004
YPR070W	566	0.0049	0.0001	0.0005
YPR071W	211	0.0019	0.0000	0.0002
YPR072W	560	0.0015	0.0000	0.0000
YPR073C	161	0.0004	0.0000	0.0002
YPR074C	680	0.0012	0.0000	0.0008
YPR074W-A	56	0.0003	0.0000	0.0000
YPR075C	360	0.0082	0.0000	0.0013
YPR076W	124	0.0033	0.0000	0.0010
YPR077C	123	0.0033	0.0001	0.0000
YPR078C	372	0.0032	0.0000	0.0002
YPR079W	381	0.0074	0.0001	0.0002
YPR080W	458	0.0014	0.0000	0.0003
YPR081C	618	0.0013	0.0000	0.0000
YPR082C	143	0.0023	0.0000	0.0000
YPR083W	579	0.0006	0.0000	0.0000
YPR084W	456	0.0008	0.0000	0.0003
YPR085C	443	0.0033	0.0001	0.0004
YPR086W	345	0.0005	0.0000	0.0001
YPR087W	106	0.1789	0.0039	0.1306
YPR088C	541	0.0001	0.0000	0.0000
YPR089W	888	0.0012	0.0000	0.0003
YPR091C	770	0.0011	0.0000	0.0001
YPR092W	101	0.0015	0.0000	0.0001
YPR093C	288	0.0015	0.0000	0.0001
YPR094W	107	0.0030	0.0009	0.0054
YPR095C	1226	0.0018	0.0000	0.0008
YPR096C	100	0.0009	0.0000	0.0001
YPR097W	1073	0.0008	0.0000	0.0000
YPR098C	161	0.0012	0.0000	0.0009
YPR099C	118	0.0351	0.0002	0.0310
YPR100W	140	0.0007	0.0000	0.0000
YPR101W	175	0.0004	0.0000	0.0000
YPR102C	174	0.0016	0.0000	0.0000
YPR103W	287	0.0028	0.0000	0.0007
YPR104C	936	0.0086	0.0008	0.0002
YPR105C	861	0.0006	0.0000	0.0000
YPR106W	443	0.0040	0.0000	0.0014
YPR107C	208	0.0015	0.0166	0.0035
YPR108W	429	0.0007	0.0000	0.0001
YPR108W-A	70	0.0050	0.0000	0.0007
YPR109W	294	0.0018	0.0000	0.0001
YPR110C	335	0.0023	0.0000	0.0003
YPR111W	564	0.0007	0.0000	0.0001
YPR112C	887	0.0001	0.0000	0.0000
YPR113W	220	0.0003	0.0000	0.0012
YPR114W	315	0.0022	0.0000	0.0010
YPR115W	1083	0.0036	0.0001	0.0022
YPR116W	277	0.0027	0.0001	0.0004
YPR117W	2489	0.0040	0.0001	0.0083
YPR118W	411	0.0038	0.0000	0.0031
YPR119W	491	0.0009	0.0000	0.0000
YPR120C	435	0.0007	0.0000	0.0000
YPR121W	572	0.0011	0.0000	0.0073
YPR122W	1208	0.0026	0.0001	0.0015
YPR123C	144	0.0291	0.0001	0.0000
YPR124W	406	0.0113	0.0000	0.0000
YPR125W	454	0.0004	0.0000	0.0000
YPR126C	102	0.0028	0.0000	0.0000
YPR127W	345	0.0002	0.0000	0.0002
YPR128C	328	0.0011	0.0000	0.0001
YPR129W	349	0.0126	0.0000	0.0007
YPR130C	135	0.0061	0.0003	0.0000
YPR131C	195	0.0043	0.0000	0.0001
YPR132W	145	0.0004	0.0000	0.0000
YPR133C	410	0.0007	0.0000	0.0000
YPR133W-A	50	0.0004	0.0000	0.0000
YPR134W	268	0.0013	0.0000	0.0000
YPR135W	927	0.0024	0.0000	0.0004
YPR136C	170	0.0224	0.0000	0.0292
YPR137W	573	0.0011	0.0000	0.0001
YPR137C-B	1755	0.0120	0.0007	0.0211
YPR137C-A	440	0.0275	0.0084	0.0180
YPR138C	489	0.0045	0.0000	0.0027
YPR139C	300	0.0006	0.0000	0.0001
YPR140W	381	0.0006	0.0000	0.0000
YPR141C	729	0.0002	0.0000	0.0000
YPR142C	187	0.0134	0.0001	0.0024
YPR143W	250	0.0001	0.0000	0.0000
YPR144C	552	0.0007	0.0000	0.0000
YPR145W	572	0.0018	0.0004	0.0002
YPR145C-A	78	0.0001	0.0000	0.0000
YPR146C	109	0.0015	0.0000	0.0000
YPR147C	304	0.0011	0.0000	0.0003
YPR148C	435	0.0007	0.0000	0.0000
YPR149W	173	0.0047	0.0000	0.0015
YPR150W	173	0.0525	0.0073	0.3483
YPR151C	206	0.0010	0.0000	0.0000
YPR152C	465	0.0013	0.0000	0.0001
YPR153W	140	0.0041	0.0000	0.1149
YPR154W	215	0.0077	0.0002	0.0032
YPR155C	616	0.0008	0.0000	0.0001
YPR156C	622	0.0042	0.0002	0.0030
YPR157W	467	0.0071	0.0002	0.0002
YPR158W	252	0.0013	0.0000	0.0000
YPR158W-A	440	0.0281	0.0091	0.0259
YPR158W-B	1756	0.0122	0.0007	0.0228
YPR158C-D	1755	0.0127	0.0006	0.0238
YPR158C-C	440	0.0293	0.0081	0.0262
YPR159W	720	0.0840	0.0034	0.0534
YPR159C-A	33	0.0026	0.0000	0.0000
YPR160W	902	0.0011	0.0000	0.0001
YPR160W-A	26	0.0018	0.0000	0.0000
YPR160C-A	94	0.0058	0.0000	0.0055
YPR161C	657	0.0027	0.0000	0.0007
YPR162C	529	0.0016	0.0000	0.0001
YPR163C	436	0.0026	0.0000	0.0000
YPR164W	1407	0.0198	0.0021	0.0052
YPR165W	209	0.0007	0.0000	0.0018
YPR166C	115	0.0004	0.0000	0.0000
YPR167C	261	0.0010	0.0000	0.0001
YPR168W	157	0.0006	0.0000	0.0000
YPR169W	492	0.0009	0.0000	0.0001
YPR170C	111	0.0047	0.0000	0.0106
YPR169W-A	72	0.0233	0.0003	0.8310
YPR170W-B	85	0.0029	0.0000	0.0165
YPR170W-A	61	0.0164	0.0006	0.0200
YPR171W	576	0.0033	0.0000	0.0003
YPR172W	200	0.0022	0.0000	0.0001
YPR173C	437	0.0002	0.0000	0.0000
YPR174C	221	0.0011	0.0000	0.0000
YPR175W	689	0.0030	0.0000	0.0001
YPR176C	325	0.0022	0.0000	0.0012
YPR177C	123	0.0617	0.0000	0.1120
YPR178W	465	0.0012	0.0000	0.0000
YPR179C	655	0.0008	0.0000	0.0001
YPR180W	347	0.0004	0.0000	0.0000
YPR181C	768	0.0107	0.0000	0.0026
YPR182W	86	0.0025	0.0019	0.0001
YPR183W	267	0.0003	0.0000	0.0001
YPR184W	1536	0.0041	0.0000	0.0049
YPR185W	738	0.0017	0.0000	0.0002
YPR186C	429	0.0026	0.0002	0.0004
YPR187W	155	0.0016	0.0000	0.0000
YPR188C	163	0.0006	0.0000	0.0000
YPR189W	1432	0.0005	0.0000	0.0001
YPR190C	654	0.0005	0.0000	0.0000
YPR191W	368	0.0002	0.0000	0.0002
YPR192W	305	0.0069	0.0000	0.0006
YPR193C	156	0.0017	0.0000	0.0001
YPR194C	877	0.0078	0.0000	0.0245
YPR195C	109	0.0093	0.0007	0.2435
YPR196W	470	0.0009	0.0000	0.0007
YPR197C	187	0.0099	0.0002	0.0001
YPR198W	543	0.0079	0.0002	0.0025
YPR199C	294	0.0022	0.0000	0.0002
YPR200C	130	0.0009	0.0000	0.0001
YPR201W	404	0.0025	0.0000	0.0001
YPR202W	238	0.0037	0.0001	0.0003
YPR203W	102	0.0021	0.0000	0.0001
YPR204W	1032	0.0108	0.0002	0.0033
YPR204C-A	160	0.0056	0.0001	0.0003
Q0010	128	0.1269	0.0303	0.4526
Q0017	53	0.0165	0.0002	0.0153
Q0032	96	0.0765	0.0047	0.0000
Q0050	834	0.0009	0.0000	0.0000
Q0055	854	0.0008	0.0000	0.0001
Q0060	415	0.0020	0.0000	0.0000
Q0065	556	0.0009	0.0000	0.0000
Q0070	630	0.0020	0.0000	0.0001
Q0045	534	0.0031	0.0000	0.0009
Q0075	354	0.0008	0.0000	0.0000
Q0080	48	0.0020	0.0000	0.0000
Q0085	259	0.0012	0.0000	0.0002
Q0092	46	0.0171	0.0000	0.0000
Q0110	423	0.0022	0.0000	0.0000
Q0115	517	0.0016	0.0000	0.0000
Q0120	638	0.0020	0.0000	0.0002
Q0105	385	0.0025	0.0000	0.0010
Q0130	76	0.0018	0.0000	0.0000
Q0140	398	0.0005	0.0000	0.0000
Q0142	58	0.0098	0.0000	0.0000
Q0143	50	0.0094	0.0001	0.0001
Q0144	109	0.1241	0.0029	0.0000
Q0160	235	0.0012	0.0000	0.0000
Q0182	134	0.0061	0.0000	0.0000
Q0250	251	0.0162	0.0003	0.0019
Q0255	472	0.0022	0.0000	0.0000
Q0275	269	0.0035	0.0000	0.0003
Q0297	51	0.0009	0.0000	0.0000
