strain	ann_n_aln	asm_n_aln	mito_n_aln	ann_gene_contigs	asm_gene_contigs	mito_gene_contigs	ann_gene_cov	asm_gene_cov	mito_gene_cov	ann_array_cov	asm_array_cov	mito_array_cov	ann_blast_gene_cov	asm_blast_gene_cov	mito_blast_gene_cov	ann_gene_one_aln	asm_gene_one_aln	mito_gene_one_aln	ann_array_spanned	asm_array_spanned	mito_array_spanned	ann_array_asm_len	asm_array_asm_len	mito_array_asm_len	ann_array_n	asm_array_n	mito_array_n	ann_units_asm	asm_units_asm	mito_units_asm	ann_class	asm_class	mito_class	clade_species	status	n_units	anchored_hit	ratio	genome_mean	mito_bin_len	locus_in_mito_bin
1M0	1.0	2.0	0.0	1.0	2.0	0.0	1.0	0.742	0.0	1.0	0.475	0.0	1.0	1.0	0.0	True	False	False	True	False	False	475.0			100.0						gap_in_array	gap_in_array	absent	immitis	no SOWgp gene model		False	1.114	25.71	126383	False
20380X1		1.0	0.0		1.0	0.0		1.0	0.0		1.0	0.0		1.0	0.0		True	False		True	False		785.0			0.0			4.0			contiguous	absent		not in tree		False			435059	False
20380X10		1.0	0.0		1.0	0.0		1.0	0.0		1.0	0.0		1.0	0.0		True	False		True	False		670.0			100.0						gap_in_array	absent		not in tree		False			69659	False
20380X16		1.0	0.0		1.0	0.0		1.0	0.0		1.0	0.0		1.0	0.0		True	False		True	False		910.0			100.0						gap_in_array	absent		not in tree		False			68460	False
20380X2		1.0	0.0		1.0	0.0		1.0	0.0		1.0	0.0		1.0	0.0		True	False		True	False		982.0			0.0			5.0			contiguous	absent		not in tree		False			126285	False
20380X5		1.0	0.0		1.0	0.0		1.0	0.0		1.0	0.0		1.0	0.0		True	False		True	False		1081.0			100.0						gap_in_array	absent		not in tree		False			1015541	False
21SD	1.0	1.0	0.0	1.0	1.0	0.0	1.0	1.0	0.0	1.0	1.0	0.0	1.0	1.0	0.0	True	True	False	True	True	False	672.0	672.0		98.0	98.0					gap_in_array	gap_in_array	absent	immitis	fragment only		True	0.954	78.88	68174	False
23742X111		1.0	0.0		1.0	0.0		1.0	0.0		1.0	0.0		1.0	0.0		True	False		True	False		943.0			100.0						gap_in_array	absent		not in tree		False			573422	False
23742X12		1.0	0.0		1.0	0.0		1.0	0.0		1.0	0.0		1.0	0.0		True	False		True	False		982.0			0.0			5.0			contiguous	absent		not in tree		False			420141	False
23742X123		1.0	0.0		1.0	0.0		1.0	0.0		1.0	0.0		1.0	0.0		True	False		True	False		688.0			99.0						gap_in_array	absent		not in tree		False			137629	False
23742X138		1.0	0.0		1.0	0.0		1.0	0.0		1.0	0.0		1.0	0.0		True	False		True	False		785.0			0.0			4.0			contiguous	absent		not in tree		False			129895	False
23742X144		1.0	0.0		1.0	0.0		1.0	0.0		1.0	0.0		1.0	0.0		True	False		True	False		980.0			0.0			5.0			contiguous	absent		not in tree		False			748722	False
23742X153		1.0	0.0		1.0	0.0		1.0	0.0		1.0	0.0		1.0	0.0		True	False		True	False		575.0			98.0						gap_in_array	absent		not in tree		False			213518	False
23742X160		1.0	0.0		1.0	0.0		1.0	0.0		1.0	0.0		1.0	0.0		True	False		True	False		786.0			0.0			4.0			contiguous	absent		not in tree		False			365503	False
23742X162		1.0	0.0		1.0	0.0		1.0	0.0		1.0	0.0		1.0	0.0		True	False		True	False		578.0			100.0						gap_in_array	absent		not in tree		False			136881	False
23742X163		1.0	0.0		1.0	0.0		1.0	0.0		1.0	0.0		1.0	0.0		True	False		True	False		982.0			0.0			5.0			contiguous	absent		not in tree		False			425280	False
23742X165		1.0	0.0		1.0	0.0		1.0	0.0		1.0	0.0		1.0	0.0		True	False		True	False		982.0			0.0			5.0			contiguous	absent		not in tree		False			688094	False
23742X168		1.0	0.0		1.0	0.0		1.0	0.0		1.0	0.0		1.0	0.0		True	False		True	False		1056.0			100.0						gap_in_array	absent		not in tree		False			309922	False
23742X170		1.0	0.0		1.0	0.0		1.0	0.0		1.0	0.0		1.0	0.0		True	False		True	False		688.0			100.0						gap_in_array	absent		not in tree		False			1155818	False
23742X18		1.0	0.0		1.0	0.0		1.0	0.0		1.0	0.0		1.0	0.0		True	False		True	False		982.0			0.0			5.0			contiguous	absent		not in tree		False			1151072	False
23742X189		1.0	0.0		1.0	0.0		1.0	0.0		1.0	0.0		1.0	0.0		True	False		True	False		983.0			0.0			5.0			contiguous	absent		not in tree		False			768392	False
23742X19		1.0	0.0		1.0	0.0		1.0	0.0		1.0	0.0		1.0	0.0		True	False		True	False		816.0			98.0						gap_in_array	absent		not in tree		False			73856	False
23742X195		1.0	0.0		1.0	0.0		1.0	0.0		1.0	0.0		1.0	0.0		True	False		True	False		785.0			0.0			4.0			contiguous	absent		not in tree		False			595101	False
23742X199		2.0	0.0		2.0	0.0		0.788	0.0		0.569	0.0		1.0	0.0		False	False		False	False											gap_in_array	absent		not in tree		False			515363	False
23742X205		1.0	0.0		1.0	0.0		1.0	0.0		1.0	0.0		1.0	0.0		True	False		True	False		785.0			0.0			4.0			contiguous	absent		not in tree		False			308613	False
23742X206		1.0	0.0		1.0	0.0		1.0	0.0		1.0	0.0		1.0	0.0		True	False		True	False		575.0			95.0						gap_in_array	absent		not in tree		False			68230	False
23742X208		1.0	0.0		1.0	0.0		1.0	0.0		1.0	0.0		1.0	0.0		True	False		True	False		589.0			0.0			3.0			contiguous	absent		not in tree		False			935530	False
23742X209		1.0	0.0		1.0	0.0		1.0	0.0		1.0	0.0		1.0	0.0		True	False		True	False		1013.0			97.0						gap_in_array	absent		not in tree		False			628645	False
23742X211		1.0	0.0		1.0	0.0		1.0	0.0		1.0	0.0		1.0	0.0		True	False		True	False		785.0			0.0			4.0			contiguous	absent		not in tree		False			550545	False
23742X214		1.0	0.0		1.0	0.0		1.0	0.0		1.0	0.0		1.0	0.0		True	False		True	False		618.0			100.0						gap_in_array	absent		not in tree		False			769679	False
23742X223		1.0	0.0		1.0	0.0		1.0	0.0		1.0	0.0		1.0	0.0		True	False		True	False		1101.0			100.0						gap_in_array	absent		not in tree		False			70155	False
23742X225		1.0	0.0		1.0	0.0		1.0	0.0		1.0	0.0		1.0	0.0		True	False		True	False		966.0			98.0						gap_in_array	absent		not in tree		False			178957	False
23742X227		1.0	0.0		1.0	0.0		1.0	0.0		1.0	0.0		1.0	0.0		True	False		True	False		391.0			0.0			2.0			contiguous	absent		not in tree		False			69409	False
23742X235		1.0	0.0		1.0	0.0		1.0	0.0		1.0	0.0		1.0	0.0		True	False		True	False		955.0			100.0						gap_in_array	absent		not in tree		False			826679	False
23742X241		1.0	0.0		1.0	0.0		1.0	0.0		1.0	0.0		1.0	0.0		True	False		True	False		391.0			0.0			2.0			contiguous	absent		not in tree		False			954652	False
23742X242		1.0	0.0		1.0	0.0		1.0	0.0		1.0	0.0		1.0	0.0		True	False		True	False		588.0			0.0			3.0			contiguous	absent		not in tree		False			260229	False
23742X246		1.0	0.0		1.0	0.0		1.0	0.0		1.0	0.0		1.0	0.0		True	False		True	False		785.0			0.0			4.0			contiguous	absent		not in tree		False			522962	False
23742X253		1.0	0.0		1.0	0.0		1.0	0.0		1.0	0.0		1.0	0.0		True	False		True	False		589.0			0.0			3.0			contiguous	absent		not in tree		False			1156376	False
23742X255		1.0	0.0		1.0	0.0		1.0	0.0		1.0	0.0		1.0	0.0		True	False		True	False		746.0			98.0						gap_in_array	absent		not in tree		False			140039	False
23742X257		1.0	0.0		1.0	0.0		1.0	0.0		1.0	0.0		1.0	0.0		True	False		True	False		591.0			0.0			3.0			contiguous	absent		not in tree		False			172501	False
23742X260		1.0	0.0		1.0	0.0		1.0	0.0		1.0	0.0		1.0	0.0		True	False		True	False		785.0			0.0			4.0			contiguous	absent		not in tree		False			1873893	False
23742X31		1.0	0.0		1.0	0.0		1.0	0.0		1.0	0.0		1.0	0.0		True	False		True	False		785.0			0.0			4.0			contiguous	absent		not in tree		False			1139851	False
23742X38		1.0	0.0		1.0	0.0		1.0	0.0		1.0	0.0		1.0	0.0		True	False		True	False		785.0			0.0			4.0			contiguous	absent		not in tree		False			604123	False
23742X40		1.0	0.0		1.0	0.0		1.0	0.0		1.0	0.0		1.0	0.0		True	False		True	False		589.0			0.0			3.0			contiguous	absent		not in tree		False			271439	False
23742X44		1.0	0.0		1.0	0.0		1.0	0.0		1.0	0.0		1.0	0.0		True	False		True	False		685.0			100.0						gap_in_array	absent		not in tree		False			1343397	False
23742X51		1.0	0.0		1.0	0.0		1.0	0.0		1.0	0.0		1.0	0.0		True	False		True	False		1208.0			100.0						gap_in_array	absent		not in tree		False			158259	False
23742X6		1.0	0.0		1.0	0.0		1.0	0.0		1.0	0.0		1.0	0.0		True	False		True	False		785.0			0.0			4.0			contiguous	absent		not in tree		False			496367	False
23742X7		1.0	0.0		1.0	0.0		1.0	0.0		1.0	0.0		1.0	0.0		True	False		True	False		982.0			0.0			5.0			contiguous	absent		not in tree		False			253224	False
23742X71		1.0	0.0		1.0	0.0		1.0	0.0		1.0	0.0		1.0	0.0		True	False		True	False		863.0			100.0						gap_in_array	absent		not in tree		False			301271	False
23742X83		1.0	0.0		1.0	0.0		1.0	0.0		1.0	0.0		1.0	0.0		True	False		True	False		589.0			0.0			3.0			contiguous	absent		not in tree		False			974154	False
23742X84		1.0	0.0		1.0	0.0		1.0	0.0		1.0	0.0		1.0	0.0		True	False		True	False		589.0			0.0			3.0			contiguous	absent		not in tree		False			659897	False
3M3	1.0	1.0	0.0	1.0	1.0	0.0	1.0	1.0	0.0	1.0	1.0	0.0	1.0	1.0	0.0	True	True	False	True	True	False	672.0	672.0		99.0	99.0					gap_in_array	gap_in_array	absent	immitis	fragment only		True	0.961	60.24	68174	False
407-0_S_OLD_CPA0002	1.0	1.0	0.0	1.0	1.0	0.0	1.0	1.0	0.0	1.0	1.0	0.0	1.0	1.0	0.0	True	True	False	True	True	False	544.0	544.0		98.0	98.0					gap_in_array	gap_in_array	absent	posadasii	fragment only		True	1.353	76.97	366592	False
407-1_S_OLD_CPA0004	1.0	1.0	0.0	1.0	1.0	0.0	1.0	1.0	0.0	1.0	1.0	0.0	1.0	1.0	0.0	True	True	False	True	True	False	748.0	748.0		98.0	98.0					gap_in_array	gap_in_array	absent	posadasii	full-length	3.0	True	1.103	55.45	144500	False
409B-0_L_OLD_CPA0011	2.0	5.0	0.0	1.0	2.0	0.0	1.0	0.765	0.0	1.0	0.521	0.0	1.0	1.0	0.0	True	False	False	True	False	False	520.0			100.0						gap_in_array	gap_in_array	absent	posadasii	fragment only		True	1.167	86.29	117107	False
409B-0_S_OLD_CPA0012	1.0	1.0	0.0	1.0	1.0	0.0	1.0	1.0	0.0	1.0	1.0	0.0	1.0	1.0	0.0	True	True	False	True	True	False	552.0	552.0		97.0	97.0					gap_in_array	gap_in_array	absent	posadasii	fragment only		True	1.323	68.23	74998	False
4545-MICE	1.0	1.0	0.0	1.0	1.0	0.0	1.0	1.0	0.0	1.0	1.0	0.0	1.0	1.0	0.0	True	True	False	True	True	False	924.0	924.0		98.0	98.0					gap_in_array	gap_in_array	absent	posadasii	fragment only		True	1.029	170.18	841102	False
485B-0_S_OLD_CPA0021	1.0	1.0	0.0	1.0	1.0	0.0	1.0	1.0	0.0	1.0	1.0	0.0	1.0	1.0	0.0	True	True	False	True	True	False	716.0	716.0		97.0	97.0					gap_in_array	gap_in_array	absent	posadasii	fragment only		True	1.119	89.52	163638	False
485B-1_L_OLD_CPA0023	1.0	1.0	0.0	1.0	1.0	0.0	1.0	1.0	0.0	1.0	1.0	0.0	1.0	1.0	0.0	True	True	False	True	True	False	569.0	569.0		91.0	91.0					gap_in_array	gap_in_array	absent	posadasii	fragment only		True	1.155	90.87	73980	False
485B-4_S_NEW_CPA0029	1.0	1.0	0.0	1.0	1.0	0.0	1.0	1.0	0.0	1.0	1.0	0.0	1.0	1.0	0.0	True	True	False	True	True	False	716.0	716.0		99.0	99.0					gap_in_array	gap_in_array	absent	posadasii	fragment only		True	1.214	119.43	73902	False
4M3	1.0	1.0	0.0	1.0	1.0	0.0	1.0	1.0	0.0	1.0	1.0	0.0	1.0	1.0	0.0	True	True	False	True	True	False	561.0	561.0		99.0	99.0					gap_in_array	gap_in_array	absent	immitis	fragment only		True	1.004	38.46	68143	False
4SD	1.0	1.0	0.0	1.0	1.0	0.0	1.0	1.0	0.0	1.0	1.0	0.0	1.0	1.0	0.0	True	True	False	True	True	False	675.0	675.0		99.0	99.0					gap_in_array	gap_in_array	absent	immitis	fragment only		True	1.322	13.37	68190	False
573-1_L_NEW_CPA0031	1.0	1.0	0.0	1.0	1.0	0.0	1.0	1.0	0.0	1.0	1.0	0.0	1.0	1.0	0.0	True	True	False	True	True	False	392.0	392.0		0.0	0.0		2.0	2.0		contiguous	contiguous	absent	posadasii	fragment only		True	1.282	116.43	82772	False
573-1_S_NEW_CPA0033	1.0	1.0	0.0	1.0	1.0	0.0	1.0	1.0	0.0	1.0	1.0	0.0	1.0	1.0	0.0	True	True	False	True	True	False	748.0	748.0		99.0	99.0					gap_in_array	gap_in_array	absent	posadasii	full-length	3.0	True	1.246	59.43	74543	False
574-0_L_OLD_CPA0038	1.0	1.0	0.0	1.0	1.0	0.0	1.0	1.0	0.0	1.0	1.0	0.0	1.0	1.0	0.0	True	True	False	True	True	False	680.0	680.0		94.0	94.0					gap_in_array	gap_in_array	absent	posadasii	fragment only		True	1.202	104.55	68736	False
574-0_S_OLD_CPA0039	1.0	1.0	0.0	1.0	1.0	0.0	1.0	1.0	0.0	1.0	1.0	0.0	1.0	1.0	0.0	True	True	False	True	True	False	876.0	876.0		100.0	100.0					gap_in_array	gap_in_array	absent	posadasii	full-length	4.0	True	1.343	65.97	175247	False
574-1_L_NEW_CPA0040	1.0	1.0	0.0	1.0	1.0	0.0	1.0	1.0	0.0	1.0	1.0	0.0	0.985	0.985	0.0	True	True	False	True	True	False	348.0	348.0		96.0	96.0					gap_in_array	gap_in_array	absent	posadasii	fragment only		True	1.16	124.33	235860	False
578-1_A_NEW_CPA0048	1.0	1.0	0.0	1.0	1.0	0.0	1.0	1.0	0.0	1.0	1.0	0.0	0.992	0.992	0.0	True	True	False	True	True	False	389.0	389.0		94.0	94.0					gap_in_array	gap_in_array	absent	posadasii	fragment only		True	1.152	65.84	380275	False
578-1_L_NEW_CPA0049	1.0	1.0	0.0	1.0	1.0	0.0	1.0	1.0	0.0	1.0	1.0	0.0	0.989	0.989	0.0	True	True	False	True	True	False	389.0	389.0		98.0	98.0					gap_in_array	gap_in_array	absent	posadasii	fragment only		True	1.194	60.98	73980	False
578-1_L_NEW_CPA0049_alt	1.0	1.0	0.0	1.0	1.0	0.0	1.0	1.0	0.0	1.0	1.0	0.0	1.0	1.0	0.0	True	True	False	True	True	False	552.0	552.0		99.0	99.0					gap_in_array	gap_in_array	absent	posadasii	fragment only		True	1.236	55.56	91161	False
582-1_L_NEW_CPA0064	1.0	1.0	0.0	1.0	1.0	0.0	1.0	1.0	0.0	1.0	1.0	0.0	0.985	0.985	0.0	True	True	False	True	True	False	348.0	348.0		91.0	91.0					gap_in_array	gap_in_array	absent	posadasii	fragment only		True	1.176	179.63	226702	False
5SD	1.0	1.0	0.0	1.0	1.0	0.0	1.0	1.0	0.0	1.0	1.0	0.0	1.0	1.0	0.0	True	True	False	True	True	False	785.0	785.0		0.0	0.0		4.0	4.0		contiguous	contiguous	absent	immitis	full-length	4.0	True	0.981	72.32	170033	False
730332_Guatemala	1.0	2.0	0.0	1.0	2.0	0.0	1.0	0.71	0.0	1.0	0.703	0.0	0.914	0.914	0.0	True	False	False	True	False	False	652.0			100.0						gap_in_array	gap_in_array	absent	posadasii	fragment only		True	1.065	22.63	91686	False
730333_Guatemala	1.0	1.0	0.0	1.0	1.0	0.0	1.0	1.0	0.0	1.0	1.0	0.0	1.0	1.0	0.0	True	True	False	True	True	False	393.0	393.0		0.0	0.0		2.0	2.0		contiguous	contiguous	absent	posadasii	fragment only		True	0.909	21.24	85903	False
730334_Guatemala	1.0	1.0	0.0	1.0	1.0	0.0	1.0	1.0	0.0	1.0	1.0	0.0	1.0	1.0	0.0	True	True	False	True	True	False	393.0	393.0		0.0	0.0		2.0	2.0		contiguous	contiguous	absent	posadasii	fragment only		True	1.002	29.56	74559	False
A391	1.0	1.0	0.0	1.0	1.0	0.0	1.0	1.0	0.0	1.0	1.0	0.0	1.0	1.0	0.0	True	True	False	True	True	False	785.0	785.0		0.0	0.0		4.0	4.0		contiguous	contiguous	absent	immitis	full-length	4.0	True	1.155	45.2	149145	False
A432	1.0	1.0	0.0	1.0	1.0	0.0	1.0	1.0	0.0	1.0	1.0	0.0	1.0	1.0	0.0	True	True	False	True	True	False	785.0	785.0		0.0	0.0		4.0	4.0		contiguous	contiguous	absent	immitis	full-length	4.0	True	1.174	48.43	116574	False
A502-1	1.0	1.0	0.0	1.0	1.0	0.0	1.0	1.0	0.0	1.0	1.0	0.0	1.0	1.0	0.0	True	True	False	True	True	False	885.0	885.0		99.0	99.0					gap_in_array	gap_in_array	absent	immitis	full-length	3.0	True	1.002	40.49	133319	False
A502-2	1.0	1.0	0.0	1.0	1.0	0.0	1.0	1.0	0.0	1.0	1.0	0.0	1.0	1.0	0.0	True	True	False	True	True	False	885.0	885.0		98.0	98.0					gap_in_array	gap_in_array	absent	immitis	full-length	3.0	True	1.183	52.76	215528	False
B0727_Argentina	1.0	2.0	0.0	1.0	2.0	0.0	1.0	0.909	0.0	1.0	0.815	0.0	1.0	1.0	0.0	True	False	False	True	False	False	740.0			100.0						gap_in_array	gap_in_array	absent	immitis	full-length	3.0	True	0.639	31.23	77037	False
B0858-Guatemala	1.0	1.0	0.0	1.0	1.0	0.0	1.0	1.0	0.0	1.0	1.0	0.0	1.0	1.0	0.0	True	True	False	True	True	False	787.0	787.0		0.0	0.0		4.0	4.0		contiguous	contiguous	absent	posadasii	fragment only		True	0.866	41.75	115840	False
B10757_Nevada	1.0	1.0	0.0	1.0	1.0	0.0	1.0	1.0	0.0	1.0	1.0	0.0	1.0	1.0	0.0	True	True	False	True	True	False	403.0	403.0		0.0	0.0		2.0	2.0		contiguous	contiguous	absent	posadasii	fragment only		True	0.797	34.7	143452	False
B10813_Texas	1.0	1.0	0.0	1.0	1.0	0.0	1.0	1.0	0.0	1.0	1.0	0.0	1.0	1.0	0.0	True	True	False	True	True	False	393.0	393.0		0.0	0.0		2.0	2.0		contiguous	contiguous	absent	posadasii	fragment only		True	1.054	63.03	167358	False
B10917	1.0	1.0	0.0	1.0	1.0	0.0	1.0	1.0	0.0	1.0	1.0	0.0	1.0	1.0	0.0	True	True	False	True	True	False	786.0	786.0		0.0	0.0		4.0	4.0		contiguous	contiguous	absent	posadasii	full-length	4.0	True	0.908	40.02	169690	False
B10918	1.0	1.0	0.0	1.0	1.0	0.0	1.0	1.0	0.0	1.0	1.0	0.0	1.0	1.0	0.0	True	True	False	True	True	False	785.0	785.0		0.0	0.0		4.0	4.0		contiguous	contiguous	absent	posadasii	full-length	4.0	True	1.086	50.65	202903	False
B10919	1.0	1.0	0.0	1.0	1.0	0.0	1.0	1.0	0.0	1.0	1.0	0.0	1.0	1.0	0.0	True	True	False	True	True	False	392.0	392.0		0.0	0.0		2.0	2.0		contiguous	contiguous	absent	posadasii	fragment only		True	0.885	38.96	238544	False
B11002	1.0	1.0	0.0	1.0	1.0	0.0	1.0	1.0	0.0	1.0	1.0	0.0	1.0	1.0	0.0	True	True	False	True	True	False	588.0	588.0		0.0	0.0		3.0	3.0		contiguous	contiguous	absent	immitis	fragment only		True	0.89	13.85	68357	False
B11019	1.0	1.0	0.0	1.0	1.0	0.0	1.0	1.0	0.0	1.0	1.0	0.0	1.0	1.0	0.0	True	True	False	True	True	False	588.0	588.0		0.0	0.0		3.0	3.0		contiguous	contiguous	absent	immitis	full-length	3.0	True	0.87	171.73	277157	False
B11034	1.0	1.0	0.0	1.0	1.0	0.0	1.0	1.0	0.0	1.0	1.0	0.0	1.0	1.0	0.0	True	True	False	True	True	False	588.0	588.0		0.0	0.0		3.0	3.0		contiguous	contiguous	absent	immitis	full-length	3.0	True	0.934	194.58	392447	False
B11035	1.0	1.0	0.0	1.0	1.0	0.0	1.0	1.0	0.0	1.0	1.0	0.0	1.0	1.0	0.0	True	True	False	True	True	False	785.0	785.0		0.0	0.0		4.0	4.0		contiguous	contiguous	absent	immitis	full-length	4.0	True	0.902	94.82	511829	False
B11036	1.0	1.0	0.0	1.0	1.0	0.0	1.0	1.0	0.0	1.0	1.0	0.0	1.0	1.0	0.0	True	True	False	True	True	False	784.0	784.0		0.0	0.0		4.0	4.0		contiguous	contiguous	absent	posadasii	fragment only		True	1.156	104.33	575305	False
B11057	1.0	1.0	0.0	1.0	1.0	0.0	1.0	1.0	0.0	1.0	1.0	0.0	1.0	1.0	0.0	True	True	False	True	True	False	785.0	785.0		0.0	0.0		4.0	4.0		contiguous	contiguous	absent	immitis	full-length	4.0	True	1.042	86.22	100149	False
B11058	1.0	1.0	0.0	1.0	1.0	0.0	1.0	1.0	0.0	1.0	1.0	0.0	1.0	1.0	0.0	True	True	False	True	True	False	785.0	785.0		0.0	0.0		4.0	4.0		contiguous	contiguous	absent	posadasii	full-length	4.0	True	1.093	30.29	152564	False
B11080	1.0	1.0	0.0	1.0	1.0	0.0	1.0	1.0	0.0	1.0	1.0	0.0	1.0	1.0	0.0	True	True	False	True	True	False	785.0	785.0		0.0	0.0		4.0	4.0		contiguous	contiguous	absent	immitis	full-length	4.0	True	0.953	31.14	302365	False
B11198	1.0	1.0	0.0	1.0	1.0	0.0	1.0	1.0	0.0	1.0	1.0	0.0	1.0	1.0	0.0	True	True	False	True	True	False	785.0	785.0		0.0	0.0		4.0	4.0		contiguous	contiguous	absent	immitis	fragment only		True	1.03	125.29	139212	False
B11199	1.0	1.0	0.0	1.0	1.0	0.0	1.0	1.0	0.0	1.0	1.0	0.0	1.0	1.0	0.0	True	True	False	True	True	False	589.0	589.0		0.0	0.0		3.0	3.0		contiguous	contiguous	absent	posadasii	fragment only		True	0.753	93.01	338546	False
B11232	1.0	1.0	0.0	1.0	1.0	0.0	1.0	1.0	0.0	1.0	1.0	0.0	1.0	1.0	0.0	True	True	False	True	True	False	785.0	785.0		0.0	0.0		4.0	4.0		contiguous	contiguous	absent	posadasii	full-length	4.0	True	0.877	51.15	211841	False
B11299	1.0	1.0	0.0	1.0	1.0	0.0	1.0	1.0	0.0	1.0	1.0	0.0	1.0	1.0	0.0	True	True	False	True	True	False	403.0	403.0		0.0	0.0		2.0	2.0		contiguous	contiguous	absent	posadasii	fragment only		True	1.071	79.04	400876	False
B11300	1.0	1.0	0.0	1.0	1.0	0.0	1.0	1.0	0.0	1.0	1.0	0.0	1.0	1.0	0.0	True	True	False	True	True	False	785.0	785.0		0.0	0.0		4.0	4.0		contiguous	contiguous	absent	posadasii	full-length	4.0	True	0.922	83.44	472331	False
B11343	1.0	1.0	0.0	1.0	1.0	0.0	1.0	1.0	0.0	1.0	1.0	0.0	1.0	1.0	0.0	True	True	False	True	True	False	588.0	588.0		0.0	0.0		3.0	3.0		contiguous	contiguous	absent	immitis	full-length	3.0	True	1.013	52.16	113697	False
B11400	1.0	1.0	0.0	1.0	1.0	0.0	1.0	1.0	0.0	1.0	1.0	0.0	1.0	1.0	0.0	True	True	False	True	True	False	393.0	393.0		0.0	0.0		2.0	2.0		contiguous	contiguous	absent	posadasii	fragment only		True	1.157	49.07	140188	False
B11517	1.0	1.0	0.0	1.0	1.0	0.0	1.0	1.0	0.0	1.0	1.0	0.0	1.0	1.0	0.0	True	True	False	True	True	False	588.0	588.0		0.0	0.0		3.0	3.0		contiguous	contiguous	absent	immitis	full-length	3.0	True	0.9	178.43	337811	False
B11518	1.0	1.0	0.0	1.0	1.0	0.0	1.0	1.0	0.0	1.0	1.0	0.0	1.0	1.0	0.0	True	True	False	True	True	False	588.0	588.0		0.0	0.0		3.0	3.0		contiguous	contiguous	absent	immitis	full-length	3.0	True	0.798	24.09	68352	False
B11587	1.0	1.0	0.0	1.0	1.0	0.0	1.0	1.0	0.0	1.0	1.0	0.0	1.0	1.0	0.0	True	True	False	True	True	False	588.0	588.0		0.0	0.0		3.0	3.0		contiguous	contiguous	absent	immitis	full-length	3.0	True	0.757	56.21	72074	False
B11863	1.0	1.0	0.0	1.0	1.0	0.0	1.0	1.0	0.0	1.0	1.0	0.0	1.0	1.0	0.0	True	True	False	True	True	False	391.0	391.0		0.0	0.0		2.0	2.0		contiguous	contiguous	absent	immitis	fragment only		True	0.846	25.47	70808	False
B11871	1.0	1.0	0.0	1.0	1.0	0.0	1.0	1.0	0.0	1.0	1.0	0.0	1.0	1.0	0.0	True	True	False	True	True	False	403.0	403.0		0.0	0.0		2.0	2.0		contiguous	contiguous	absent	posadasii	fragment only		True	0.962	91.85	283358	False
B11872	1.0	1.0	0.0	1.0	1.0	0.0	1.0	1.0	0.0	1.0	1.0	0.0	1.0	1.0	0.0	True	True	False	True	True	False	785.0	785.0		0.0	0.0		4.0	4.0		contiguous	contiguous	absent	posadasii	full-length	4.0	True	1.211	100.19	170223	False
B11873	1.0	2.0	0.0	1.0	2.0	0.0	1.0	0.863	0.0	1.0	1.0	0.0	0.863	0.863	0.0	True	False	False	True	False	False	588.0			0.0			3.0			contiguous	gap_in_array	absent	immitis	fragment only		True	0.768	34.25	76259	False
B11877	1.0	1.0	0.0	1.0	1.0	0.0	1.0	1.0	0.0	1.0	1.0	0.0	1.0	1.0	0.0	True	True	False	True	True	False	589.0	589.0		0.0	0.0		3.0	3.0		contiguous	contiguous	absent	posadasii	full-length	3.0	True	1.021	82.39	211711	False
B12202	1.0	1.0	0.0	1.0	1.0	0.0	1.0	1.0	0.0	1.0	1.0	0.0	1.0	1.0	0.0	True	True	False	True	True	False	785.0	785.0		0.0	0.0		4.0	4.0		contiguous	contiguous	absent	posadasii	full-length	4.0	True	0.98	84.74	199434	False
B12216	1.0	1.0	0.0	1.0	1.0	0.0	1.0	1.0	0.0	1.0	1.0	0.0	1.0	1.0	0.0	True	True	False	True	True	False	393.0	393.0		0.0	0.0		2.0	2.0		contiguous	contiguous	absent	posadasii	fragment only		True	0.88	97.7	791793	False
B12218	1.0	1.0	0.0	1.0	1.0	0.0	1.0	1.0	0.0	1.0	1.0	0.0	1.0	1.0	0.0	True	True	False	True	True	False	981.0	981.0		0.0	0.0		5.0	5.0		contiguous	contiguous	absent	posadasii	full-length	5.0	True	1.085	78.99	414439	False
B12219	2.0	2.0	0.0	2.0	2.0	0.0	0.741	0.741	0.0	0.766	0.766	0.0	0.872	0.872	0.0	False	False	False	False	False	False										gap_in_array	gap_in_array	absent	immitis	fragment only		True	1.111	98.26	78584	False
B12220	1.0	1.0	0.0	1.0	1.0	0.0	1.0	1.0	0.0	1.0	1.0	0.0	1.0	1.0	0.0	True	True	False	True	True	False	588.0	588.0		0.0	0.0		3.0	3.0		contiguous	contiguous	absent	immitis	full-length	3.0	True	0.844	93.37	331035	False
B12226	1.0	1.0	0.0	1.0	1.0	0.0	1.0	1.0	0.0	1.0	1.0	0.0	1.0	1.0	0.0	True	True	False	True	True	False	786.0	786.0		0.0	0.0		4.0	4.0		contiguous	contiguous	absent	posadasii	fragment only		True	0.982	88.14	101184	False
B12397	1.0	1.0	0.0	1.0	1.0	0.0	1.0	1.0	0.0	1.0	1.0	0.0	1.0	1.0	0.0	True	True	False	True	True	False	785.0	785.0		0.0	0.0		4.0	4.0		contiguous	contiguous	absent	posadasii	full-length	4.0	True	1.302	77.97	163285	False
B12398	1.0	1.0	0.0	1.0	1.0	0.0	1.0	1.0	0.0	1.0	1.0	0.0	1.0	1.0	0.0	True	True	False	True	True	False	391.0	391.0		0.0	0.0		2.0	2.0		contiguous	contiguous	absent	immitis	fragment only		True	1.084	31.28	116021	False
B12399	1.0	1.0	0.0	1.0	1.0	0.0	1.0	1.0	0.0	1.0	1.0	0.0	1.0	1.0	0.0	True	True	False	True	True	False	786.0	786.0		0.0	0.0		4.0	4.0		contiguous	contiguous	absent	posadasii	fragment only		True	0.896	108.8	275837	False
B12400	1.0	1.0	0.0	1.0	1.0	0.0	1.0	1.0	0.0	1.0	1.0	0.0	1.0	1.0	0.0	True	True	False	True	True	False	785.0	785.0		0.0	0.0		4.0	4.0		contiguous	contiguous	absent	posadasii	full-length	4.0	True	1.116	100.73	634588	False
B12402	1.0	1.0	0.0	1.0	1.0	0.0	1.0	1.0	0.0	1.0	1.0	0.0	1.0	1.0	0.0	True	True	False	True	True	False	982.0	982.0		0.0	0.0		5.0	5.0		contiguous	contiguous	absent	posadasii	full-length	5.0	True	0.85	39.43	192740	False
B12471	1.0	1.0	0.0	1.0	1.0	0.0	1.0	1.0	0.0	1.0	1.0	0.0	1.0	1.0	0.0	True	True	False	True	True	False	982.0	982.0		0.0	0.0		5.0	5.0		contiguous	contiguous	absent	posadasii	fragment only		True	1.127	87.24	212812	False
B12475	1.0	1.0	0.0	1.0	1.0	0.0	1.0	1.0	0.0	1.0	1.0	0.0	1.0	1.0	0.0	True	True	False	True	True	False	982.0	982.0		0.0	0.0		5.0	5.0		contiguous	contiguous	absent	posadasii	full-length	5.0	True	1.043	101.63	316465	False
B12495	2.0	2.0	0.0	2.0	2.0	0.0	0.743	0.743	0.0	0.766	0.766	0.0	0.872	0.872	0.0	False	False	False	False	False	False										gap_in_array	gap_in_array	absent	immitis	fragment only		True	0.868	92.56	486957	False
B12496	1.0	1.0	0.0	1.0	1.0	0.0	1.0	1.0	0.0	1.0	1.0	0.0	1.0	1.0	0.0	True	True	False	True	True	False	588.0	588.0		0.0	0.0		3.0	3.0		contiguous	contiguous	absent	immitis	full-length	3.0	True	0.891	106.95	891142	False
B12498	1.0	1.0	0.0	1.0	1.0	0.0	1.0	1.0	0.0	1.0	1.0	0.0	1.0	1.0	0.0	True	True	False	True	True	False	785.0	785.0		0.0	0.0		4.0	4.0		contiguous	contiguous	absent	posadasii	full-length	4.0	True	1.107	87.75	765190	False
B1249_Guatemala	1.0	1.0	0.0	1.0	1.0	0.0	1.0	1.0	0.0	1.0	1.0	0.0	1.0	1.0	0.0	True	True	False	True	True	False	787.0	787.0		0.0	0.0		4.0	4.0		contiguous	contiguous	absent	posadasii	fragment only		True	0.773	41.51	123389	False
B12526	1.0	1.0	0.0	1.0	1.0	0.0	1.0	1.0	0.0	1.0	1.0	0.0	1.0	1.0	0.0	True	True	False	True	True	False	588.0	588.0		0.0	0.0		3.0	3.0		contiguous	contiguous	absent	immitis	full-length	3.0	True	1.002	89.49	105433	False
B12527	1.0	1.0	0.0	1.0	1.0	0.0	1.0	1.0	0.0	1.0	1.0	0.0	1.0	1.0	0.0	True	True	False	True	True	False	589.0	589.0		0.0	0.0		3.0	3.0		contiguous	contiguous	absent	posadasii	fragment only		True	0.887	105.55	589581	False
B13534	1.0	1.0	0.0	1.0	1.0	0.0	1.0	1.0	0.0	1.0	1.0	0.0	1.0	1.0	0.0	True	True	False	True	True	False	784.0	784.0		0.0	0.0		4.0	4.0		contiguous	contiguous	absent	posadasii	fragment only		True	1.112	101.5	248691	False
B13535	1.0	1.0	0.0	1.0	1.0	0.0	1.0	1.0	0.0	1.0	1.0	0.0	1.0	1.0	0.0	True	True	False	True	True	False	982.0	982.0		0.0	0.0		5.0	5.0		contiguous	contiguous	absent	posadasii	full-length	5.0	True	1.149	71.3	207119	False
B13956	1.0	1.0	0.0	1.0	1.0	0.0	1.0	1.0	0.0	1.0	1.0	0.0	1.0	1.0	0.0	True	True	False	True	True	False	785.0	785.0		0.0	0.0		4.0	4.0		contiguous	contiguous	absent	immitis	full-length	4.0	True	1.044	113.42	263939	False
B13981	1.0	1.0	0.0	1.0	1.0	0.0	1.0	1.0	0.0	1.0	1.0	0.0	1.0	1.0	0.0	True	True	False	True	True	False	786.0	786.0		0.0	0.0		4.0	4.0		contiguous	contiguous	absent	posadasii	full-length	4.0	True	0.893	78.27	161667	False
B14104	1.0	1.0	0.0	1.0	1.0	0.0	1.0	1.0	0.0	1.0	1.0	0.0	1.0	1.0	0.0	True	True	False	True	True	False	785.0	785.0		0.0	0.0		4.0	4.0		contiguous	contiguous	absent	posadasii	full-length	4.0	True	1.125	108.97	461921	False
B14130	2.0	2.0	0.0	2.0	2.0	0.0	1.0	1.0	0.0	1.0	1.0	0.0	1.0	1.0	0.0	False	False	False	False	False	False										gap_in_array	gap_in_array	absent	posadasii	fragment only		True	1.143	111.97	581478	False
B14131	2.0	2.0	0.0	2.0	2.0	0.0	0.743	0.743	0.0	0.766	0.766	0.0	0.872	0.872	0.0	False	False	False	False	False	False										gap_in_array	gap_in_array	absent	immitis	full-length	2.0	True	0.845	100.42	503226	False
B14132	1.0	1.0	0.0	1.0	1.0	0.0	1.0	1.0	0.0	1.0	1.0	0.0	1.0	1.0	0.0	True	True	False	True	True	False	588.0	588.0		0.0	0.0		3.0	3.0		contiguous	contiguous	absent	immitis	full-length	3.0	True	1.027	121.84	134789	False
B14133	1.0	1.0	0.0	1.0	1.0	0.0	1.0	1.0	0.0	1.0	1.0	0.0	1.0	1.0	0.0	True	True	False	True	True	False	588.0	588.0		0.0	0.0		3.0	3.0		contiguous	contiguous	absent	immitis	full-length	3.0	True	1.018	126.87	119357	False
B14134	0.0	0.0	1.0	0.0	0.0	1.0	0.0	0.0	1.0	0.0	0.0	1.0	0.0	0.0	0.0	False	False	True	False	False	True			785.0			0.0			4.0	absent	absent	contiguous	posadasii	no SOWgp gene model		False	1.13	105.03	106968	True
B14135	1.0	2.0	0.0	1.0	2.0	0.0	1.0	0.862	0.0	1.0	1.0	0.0	0.872	0.872	0.0	True	False	False	True	False	False	588.0			0.0			3.0			contiguous	gap_in_array	absent	immitis	fragment only		True	1.078	129.81	136300	False
B14286	1.0	1.0	0.0	1.0	1.0	0.0	1.0	1.0	0.0	1.0	1.0	0.0	1.0	1.0	0.0	True	True	False	True	True	False	391.0	391.0		0.0	0.0		2.0	2.0		contiguous	contiguous	absent	immitis	fragment only		True	0.908	67.2	517604	False
B14288	1.0	1.0	0.0	1.0	1.0	0.0	1.0	1.0	0.0	1.0	1.0	0.0	1.0	1.0	0.0	True	True	False	True	True	False	588.0	588.0		0.0	0.0		3.0	3.0		contiguous	contiguous	absent	immitis	full-length	3.0	True	0.841	70.12	270005	False
B14291	1.0	1.0	0.0	1.0	1.0	0.0	1.0	1.0	0.0	1.0	1.0	0.0	1.0	1.0	0.0	True	True	False	True	True	False	786.0	786.0		0.0	0.0		4.0	4.0		contiguous	contiguous	absent	posadasii	full-length	4.0	True	1.009	33.09	234556	False
B14292	1.0	1.0	0.0	1.0	1.0	0.0	1.0	1.0	0.0	1.0	1.0	0.0	1.0	1.0	0.0	True	True	False	True	True	False	982.0	982.0		0.0	0.0		5.0	5.0		contiguous	contiguous	absent	posadasii	full-length	5.0	True	0.858	65.97	156722	False
B14298	1.0	1.0	0.0	1.0	1.0	0.0	1.0	1.0	0.0	1.0	1.0	0.0	1.0	1.0	0.0	True	True	False	True	True	False	785.0	785.0		0.0	0.0		4.0	4.0		contiguous	contiguous	absent	immitis	full-length	4.0	True	1.057	83.1	386362	False
B15142	1.0	1.0	0.0	1.0	1.0	0.0	1.0	1.0	0.0	1.0	1.0	0.0	1.0	1.0	0.0	True	True	False	True	True	False	591.0	591.0		0.0	0.0		3.0	3.0		contiguous	contiguous	absent	immitis	full-length	3.0	True	0.996	74.27	624501	False
B15145	1.0	1.0	0.0	1.0	1.0	0.0	1.0	1.0	0.0	1.0	1.0	0.0	1.0	1.0	0.0	True	True	False	True	True	False	588.0	588.0		0.0	0.0		3.0	3.0		contiguous	contiguous	absent	immitis	full-length	3.0	True	0.913	94.64	466951	False
B15146	1.0	2.0	0.0	1.0	2.0	0.0	1.0	0.864	0.0	1.0	1.0	0.0	0.872	0.872	0.0	True	False	False	True	False	False	588.0			0.0			3.0			contiguous	gap_in_array	absent	immitis	fragment only		True	0.853	84.17	109312	False
B15257	1.0	1.0	0.0	1.0	1.0	0.0	1.0	1.0	0.0	1.0	1.0	0.0	1.0	1.0	0.0	True	True	False	True	True	False	785.0	785.0		0.0	0.0		4.0	4.0		contiguous	contiguous	absent	immitis	full-length	4.0	True	0.976	61.79	407154	False
B15317	1.0	1.0	0.0	1.0	1.0	0.0	1.0	1.0	0.0	1.0	1.0	0.0	1.0	1.0	0.0	True	True	False	True	True	False	588.0	588.0		0.0	0.0		3.0	3.0		contiguous	contiguous	absent	immitis	full-length	3.0	True	0.775	20.71	148591	False
B15368	1.0	2.0	0.0	1.0	2.0	0.0	1.0	0.743	0.0	1.0	0.766	0.0	0.872	0.872	0.0	True	False	False	True	False	False	588.0			0.0			3.0			contiguous	gap_in_array	absent	immitis	fragment only		True	0.945	106.41	133127	False
B15369	1.0	1.0	0.0	1.0	1.0	0.0	1.0	1.0	0.0	1.0	1.0	0.0	1.0	1.0	0.0	True	True	False	True	True	False	393.0	393.0		0.0	0.0		2.0	2.0		contiguous	contiguous	absent	posadasii	fragment only		True	0.954	81.69	184829	False
B16293	1.0	1.0	0.0	1.0	1.0	0.0	1.0	1.0	0.0	1.0	1.0	0.0	1.0	1.0	0.0	True	True	False	True	True	False	785.0	785.0		0.0	0.0		4.0	4.0		contiguous	contiguous	absent	posadasii	full-length	4.0	True	1.075	92.04	425808	False
B16294	1.0	1.0	0.0	1.0	1.0	0.0	1.0	1.0	0.0	1.0	1.0	0.0	1.0	1.0	0.0	True	True	False	True	True	False	403.0	403.0		0.0	0.0		2.0	2.0		contiguous	contiguous	absent	posadasii	fragment only		True	0.885	72.96	220520	False
B16338	1.0	1.0	0.0	1.0	1.0	0.0	1.0	1.0	0.0	1.0	1.0	0.0	1.0	1.0	0.0	True	True	False	True	True	False	588.0	588.0		0.0	0.0		3.0	3.0		contiguous	contiguous	absent	immitis	full-length	3.0	True	1.029	70.04	1200452	False
B16339	1.0	1.0	0.0	1.0	1.0	0.0	1.0	1.0	0.0	1.0	1.0	0.0	1.0	1.0	0.0	True	True	False	True	True	False	588.0	588.0		0.0	0.0		3.0	3.0		contiguous	contiguous	absent	immitis	full-length	3.0	True	0.977	107.19	485903	False
B16364	1.0	1.0	0.0	1.0	1.0	0.0	1.0	1.0	0.0	1.0	1.0	0.0	1.0	1.0	0.0	True	True	False	True	True	False	785.0	785.0		0.0	0.0		4.0	4.0		contiguous	contiguous	absent	immitis	full-length	4.0	True	1.109	86.07	470434	False
B16531	1.0	1.0	0.0	1.0	1.0	0.0	1.0	1.0	0.0	1.0	1.0	0.0	1.0	1.0	0.0	True	True	False	True	True	False	982.0	982.0		0.0	0.0		5.0	5.0		contiguous	contiguous	absent	posadasii	full-length	5.0	True	0.891	87.92	354276	False
B16536	1.0	1.0	0.0	1.0	1.0	0.0	1.0	1.0	0.0	1.0	1.0	0.0	1.0	1.0	0.0	True	True	False	True	True	False	588.0	588.0		0.0	0.0		3.0	3.0		contiguous	contiguous	absent	immitis	full-length	3.0	True	0.665	89.42	103282	False
B16692	1.0	1.0	0.0	1.0	1.0	0.0	1.0	1.0	0.0	1.0	1.0	0.0	1.0	1.0	0.0	True	True	False	True	True	False	588.0	588.0		0.0	0.0		3.0	3.0		contiguous	contiguous	absent	immitis	fragment only		True	1.008	95.55	146615	False
B16712	1.0	1.0	0.0	1.0	1.0	0.0	1.0	1.0	0.0	1.0	1.0	0.0	1.0	1.0	0.0	True	True	False	True	True	False	785.0	785.0		0.0	0.0		4.0	4.0		contiguous	contiguous	absent	posadasii	full-length	4.0	True	0.971	84.09	823434	False
B17554	1.0	1.0	0.0	1.0	1.0	0.0	1.0	1.0	0.0	1.0	1.0	0.0	1.0	1.0	0.0	True	True	False	True	True	False	588.0	588.0		0.0	0.0		3.0	3.0		contiguous	contiguous	absent	immitis	full-length	3.0	True	1.077	73.05	67405	False
B17567	1.0	1.0	0.0	1.0	1.0	0.0	1.0	1.0	0.0	1.0	1.0	0.0	1.0	1.0	0.0	True	True	False	True	True	False	591.0	591.0		0.0	0.0		3.0	3.0		contiguous	contiguous	absent	immitis	fragment only		True	1.019	66.6	99446	False
B17635	1.0	2.0	0.0	1.0	2.0	0.0	1.0	0.619	0.0	1.0	0.515	0.0	0.872	0.872	0.0	True	False	False	True	False	False	391.0			0.0			2.0			contiguous	gap_in_array	absent	immitis	fragment only		True	0.898	62.75	259312	False
B3203	1.0	1.0	0.0	1.0	1.0	0.0	1.0	1.0	0.0	1.0	1.0	0.0	1.0	1.0	0.0	True	True	False	True	True	False	589.0	589.0		0.0	0.0		3.0	3.0		contiguous	contiguous	absent	posadasii	fragment only		True	1.019	74.44	152128	False
B3213	1.0	1.0	0.0	1.0	1.0	0.0	1.0	1.0	0.0	1.0	1.0	0.0	1.0	1.0	0.0	True	True	False	True	True	False	1013.0	1013.0		99.0	99.0					gap_in_array	gap_in_array	absent	posadasii	fragment only		True	1.01	74.35	181667	False
B3215	1.0	1.0	0.0	1.0	1.0	0.0	1.0	1.0	0.0	1.0	1.0	0.0	1.0	1.0	0.0	True	True	False	True	True	False	786.0	786.0		0.0	0.0		4.0	4.0		contiguous	contiguous	absent	posadasii	full-length	4.0	True	0.995	85.14	152209	False
B3220	1.0	1.0	0.0	1.0	1.0	0.0	1.0	1.0	0.0	1.0	1.0	0.0	1.0	1.0	0.0	True	True	False	True	True	False	779.0	779.0		100.0	100.0					gap_in_array	gap_in_array	absent	posadasii	fragment only		True	0.905	75.41	671064	False
B3221	1.0	1.0	0.0	1.0	1.0	0.0	1.0	1.0	0.0	1.0	1.0	0.0	1.0	1.0	0.0	True	True	False	True	True	False	786.0	786.0		0.0	0.0		4.0	4.0		contiguous	contiguous	absent	posadasii	fragment only		True	1.064	85.81	974478	False
B3222	1.0	1.0	0.0	1.0	1.0	0.0	1.0	1.0	0.0	1.0	1.0	0.0	1.0	1.0	0.0	True	True	False	True	True	False	589.0	589.0		0.0	0.0		3.0	3.0		contiguous	contiguous	absent	posadasii	full-length	3.0	True	1.123	79.32	282043	False
B3224	1.0	1.0	0.0	1.0	1.0	0.0	1.0	1.0	0.0	1.0	1.0	0.0	1.0	1.0	0.0	True	True	False	True	True	False	785.0	785.0		0.0	0.0		4.0	4.0		contiguous	contiguous	absent	posadasii	full-length	4.0	True	1.133	74.53	1270853	False
B3226	1.0	1.0	0.0	1.0	1.0	0.0	1.0	1.0	0.0	1.0	1.0	0.0	1.0	1.0	0.0	True	True	False	True	True	False	983.0	983.0		0.0	0.0		5.0	5.0		contiguous	contiguous	absent	posadasii	full-length	5.0	True	1.028	87.32	159470	False
B3227	1.0	1.0	0.0	1.0	1.0	0.0	1.0	1.0	0.0	1.0	1.0	0.0	1.0	1.0	0.0	True	True	False	True	True	False	983.0	983.0		0.0	0.0		5.0	5.0		contiguous	contiguous	absent	posadasii	fragment only		True	1.124	77.32	75379	False
B3228	1.0	1.0	0.0	1.0	1.0	0.0	1.0	1.0	0.0	1.0	1.0	0.0	1.0	1.0	0.0	True	True	False	True	True	False	981.0	981.0		0.0	0.0		5.0	5.0		contiguous	contiguous	absent	posadasii	full-length	4.0	True	1.052	79.53	138705	False
B3236	1.0	1.0	0.0	1.0	1.0	0.0	1.0	1.0	0.0	1.0	1.0	0.0	1.0	1.0	0.0	True	True	False	True	True	False	392.0	392.0		0.0	0.0		2.0	2.0		contiguous	contiguous	absent	posadasii	fragment only		True	0.89	74.57	125034	False
B3242	1.0	1.0	0.0	1.0	1.0	0.0	1.0	1.0	0.0	1.0	1.0	0.0	1.0	1.0	0.0	True	True	False	True	True	False	599.0	599.0		0.0	0.0		3.0	3.0		contiguous	contiguous	absent	posadasii	full-length	3.0	True	0.972	81.53	187937	False
B3244	3.0	3.0	0.0	2.0	2.0	0.0	1.0	1.0	0.0	1.0	1.0	0.0	1.0	1.0	0.0	True	True	False	True	True	False	403.0	403.0		0.0	0.0		2.0	2.0		contiguous	contiguous	absent	posadasii	fragment only		True	0.994	77.26	391172	False
B3245	1.0	1.0	0.0	1.0	1.0	0.0	1.0	1.0	0.0	1.0	1.0	0.0	1.0	1.0	0.0	True	True	False	True	True	False	981.0	981.0		0.0	0.0		5.0	5.0		contiguous	contiguous	absent	posadasii	full-length	4.0	True	1.105	88.15	174266	False
B3246	1.0	1.0	0.0	1.0	1.0	0.0	1.0	1.0	0.0	1.0	1.0	0.0	1.0	1.0	0.0	True	True	False	True	True	False	1001.0	1001.0		97.0	97.0					gap_in_array	gap_in_array	absent	posadasii	full-length	4.0	True	1.003	86.28	201457	False
B3251	1.0	1.0	0.0	1.0	1.0	0.0	1.0	1.0	0.0	1.0	1.0	0.0	1.0	1.0	0.0	True	True	False	True	True	False	981.0	981.0		0.0	0.0		5.0	5.0		contiguous	contiguous	absent	posadasii	full-length	5.0	True	1.069	67.41	657184	False
B3256	1.0	1.0	0.0	1.0	1.0	0.0	1.0	1.0	0.0	1.0	1.0	0.0	1.0	1.0	0.0	True	True	False	True	True	False	393.0	393.0		0.0	0.0		2.0	2.0		contiguous	contiguous	absent	posadasii	fragment only		True	0.954	87.34	1155531	False
B3269	1.0	1.0	0.0	1.0	1.0	0.0	1.0	1.0	0.0	1.0	1.0	0.0	1.0	1.0	0.0	True	True	False	True	True	False	589.0	589.0		0.0	0.0		3.0	3.0		contiguous	contiguous	absent	posadasii	full-length	3.0	True	1.022	79.86	139871	False
B3276	1.0	1.0	0.0	1.0	1.0	0.0	1.0	1.0	0.0	1.0	1.0	0.0	1.0	1.0	0.0	True	True	False	True	True	False	916.0	916.0		96.0	96.0					gap_in_array	gap_in_array	absent	posadasii	fragment only		True	1.12	134.42	319054	False
B3284	2.0	2.0	0.0	1.0	1.0	0.0	1.0	1.0	0.0	1.0	1.0	0.0	1.0	1.0	0.0	True	True	False	True	True	False	983.0	983.0		0.0	0.0		5.0	5.0		contiguous	contiguous	absent	posadasii	full-length	5.0	True	1.09	66.89	220937	False
B3286	1.0	1.0	0.0	1.0	1.0	0.0	1.0	1.0	0.0	1.0	1.0	0.0	1.0	1.0	0.0	True	True	False	True	True	False	589.0	589.0		0.0	0.0		3.0	3.0		contiguous	contiguous	absent	posadasii	full-length	3.0	True	1.098	78.36	362474	False
B3290	1.0	1.0	0.0	1.0	1.0	0.0	1.0	1.0	0.0	1.0	1.0	0.0	1.0	1.0	0.0	True	True	False	True	True	False	981.0	981.0		0.0	0.0		5.0	5.0		contiguous	contiguous	absent	posadasii	full-length	5.0	True	1.17	77.85	241028	False
B3291	2.0	2.0	0.0	1.0	1.0	0.0	1.0	1.0	0.0	1.0	1.0	0.0	1.0	1.0	0.0	True	True	False	True	True	False	786.0	786.0		0.0	0.0		4.0	4.0		contiguous	contiguous	absent	posadasii	full-length	4.0	True	1.039	79.53	1115640	False
B3292	1.0	1.0	0.0	1.0	1.0	0.0	1.0	1.0	0.0	1.0	1.0	0.0	1.0	1.0	0.0	True	True	False	True	True	False	983.0	983.0		0.0	0.0		5.0	5.0		contiguous	contiguous	absent	posadasii	full-length	5.0	True	1.122	80.93	186531	False
B3301	1.0	1.0	0.0	1.0	1.0	0.0	1.0	1.0	0.0	1.0	1.0	0.0	1.0	1.0	0.0	True	True	False	True	True	False	1012.0	1012.0		99.0	99.0					gap_in_array	gap_in_array	absent	posadasii	full-length	4.0	True	1.21	69.98	572957	False
B3310	1.0	1.0	0.0	1.0	1.0	0.0	1.0	1.0	0.0	1.0	1.0	0.0	1.0	1.0	0.0	True	True	False	True	True	False	785.0	785.0		0.0	0.0		4.0	4.0		contiguous	contiguous	absent	posadasii	full-length	4.0	True	1.119	79.62	288396	False
B3313	1.0	1.0	0.0	1.0	1.0	0.0	1.0	1.0	0.0	1.0	1.0	0.0	1.0	1.0	0.0	True	True	False	True	True	False	785.0	785.0		0.0	0.0		4.0	4.0		contiguous	contiguous	absent	posadasii	full-length	4.0	True	1.183	61.73	504631	False
B3314	1.0	1.0	0.0	1.0	1.0	0.0	1.0	1.0	0.0	1.0	1.0	0.0	1.0	1.0	0.0	True	True	False	True	True	False	981.0	981.0		0.0	0.0		5.0	5.0		contiguous	contiguous	absent	posadasii	full-length	5.0	True	1.15	97.31	151851	False
B3315	1.0	1.0	0.0	1.0	1.0	0.0	1.0	1.0	0.0	1.0	1.0	0.0	1.0	1.0	0.0	True	True	False	True	True	False	785.0	785.0		0.0	0.0		4.0	4.0		contiguous	contiguous	absent	posadasii	full-length	4.0	True	0.94	71.64	307169	False
B3326	1.0	1.0	0.0	1.0	1.0	0.0	1.0	1.0	0.0	1.0	1.0	0.0	1.0	1.0	0.0	True	True	False	True	True	False	1012.0	1012.0		99.0	99.0					gap_in_array	gap_in_array	absent	posadasii	fragment only		True	1.038	81.57	830193	False
B3335	1.0	1.0	0.0	1.0	1.0	0.0	1.0	1.0	0.0	1.0	1.0	0.0	1.0	1.0	0.0	True	True	False	True	True	False	403.0	403.0		0.0	0.0		2.0	2.0		contiguous	contiguous	absent	posadasii	fragment only		True	1.024	76.99	198913	False
B3341	1.0	1.0	0.0	1.0	1.0	0.0	1.0	1.0	0.0	1.0	1.0	0.0	1.0	1.0	0.0	True	True	False	True	True	False	1013.0	1013.0		98.0	98.0					gap_in_array	gap_in_array	absent	posadasii	fragment only		True	1.0	77.56	348938	False
B3344	2.0	2.0	0.0	1.0	1.0	0.0	1.0	1.0	0.0	1.0	1.0	0.0	1.0	1.0	0.0	True	True	False	True	True	False	690.0	690.0		96.0	96.0					gap_in_array	gap_in_array	absent	posadasii	full-length	3.0	True	1.211	72.12	309586	False
B3345	2.0	2.0	0.0	2.0	2.0	0.0	1.0	1.0	0.0	1.0	1.0	0.0	1.0	1.0	0.0	True	True	False	True	True	False	393.0	393.0		0.0	0.0		2.0	2.0		contiguous	contiguous	absent	posadasii	fragment only		True	0.865	76.08	142055	False
B3347	1.0	1.0	0.0	1.0	1.0	0.0	1.0	1.0	0.0	1.0	1.0	0.0	1.0	1.0	0.0	True	True	False	True	True	False	392.0	392.0		0.0	0.0		2.0	2.0		contiguous	contiguous	absent	posadasii	fragment only		True	1.178	109.03	508943	False
B3348	1.0	1.0	0.0	1.0	1.0	0.0	1.0	1.0	0.0	1.0	1.0	0.0	1.0	1.0	0.0	True	True	False	True	True	False	589.0	589.0		0.0	0.0		3.0	3.0		contiguous	contiguous	absent	posadasii	full-length	3.0	True	0.955	73.79	389391	False
B3352	1.0	1.0	0.0	1.0	1.0	0.0	1.0	1.0	0.0	1.0	1.0	0.0	1.0	1.0	0.0	True	True	False	True	True	False	1012.0	1012.0		98.0	98.0					gap_in_array	gap_in_array	absent	posadasii	full-length	4.0	True	1.01	76.29	390513	False
B3353	1.0	1.0	0.0	1.0	1.0	0.0	1.0	1.0	0.0	1.0	1.0	0.0	1.0	1.0	0.0	True	True	False	True	True	False	785.0	785.0		0.0	0.0		4.0	4.0		contiguous	contiguous	absent	posadasii	full-length	4.0	True	0.929	72.04	184117	False
B3358	1.0	1.0	0.0	1.0	1.0	0.0	1.0	1.0	0.0	1.0	1.0	0.0	1.0	1.0	0.0	True	True	False	True	True	False	785.0	785.0		0.0	0.0		4.0	4.0		contiguous	contiguous	absent	posadasii	full-length	4.0	True	1.019	81.46	165146	False
B3359	1.0	1.0	0.0	1.0	1.0	0.0	1.0	1.0	0.0	1.0	1.0	0.0	1.0	1.0	0.0	True	True	False	True	True	False	393.0	393.0		0.0	0.0		2.0	2.0		contiguous	contiguous	absent	posadasii	fragment only		True	0.888	86.19	222213	False
B3368	1.0	1.0	0.0	1.0	1.0	0.0	1.0	1.0	0.0	1.0	1.0	0.0	1.0	1.0	0.0	True	True	False	True	True	False	981.0	981.0		0.0	0.0		5.0	5.0		contiguous	contiguous	absent	posadasii	fragment only		True	1.038	77.05	166282	False
B3374	1.0	1.0	0.0	1.0	1.0	0.0	1.0	1.0	0.0	1.0	1.0	0.0	1.0	1.0	0.0	True	True	False	True	True	False	785.0	785.0		0.0	0.0		4.0	4.0		contiguous	contiguous	absent	posadasii	full-length	3.0	True	0.909	79.74	281952	False
B3375	1.0	1.0	0.0	1.0	1.0	0.0	1.0	1.0	0.0	1.0	1.0	0.0	1.0	1.0	0.0	True	True	False	True	True	False	785.0	785.0		0.0	0.0		4.0	4.0		contiguous	contiguous	absent	posadasii	full-length	4.0	True	1.005	84.06	134802	False
B3382	1.0	1.0	0.0	1.0	1.0	0.0	1.0	1.0	0.0	1.0	1.0	0.0	1.0	1.0	0.0	True	True	False	True	True	False	784.0	784.0		0.0	0.0		4.0	4.0		contiguous	contiguous	absent	posadasii	full-length	4.0	True	1.067	81.45	614869	False
B3391	1.0	1.0	0.0	1.0	1.0	0.0	1.0	1.0	0.0	1.0	1.0	0.0	1.0	1.0	0.0	True	True	False	True	True	False	589.0	589.0		0.0	0.0		3.0	3.0		contiguous	contiguous	absent	posadasii	fragment only		True	0.961	96.85	160158	False
B3395	1.0	1.0	0.0	1.0	1.0	0.0	1.0	1.0	0.0	1.0	1.0	0.0	1.0	1.0	0.0	True	True	False	True	True	False	981.0	981.0		0.0	0.0		5.0	5.0		contiguous	contiguous	absent	posadasii	fragment only		True	1.049	79.76	143746	False
B3398	1.0	1.0	0.0	1.0	1.0	0.0	1.0	1.0	0.0	1.0	1.0	0.0	1.0	1.0	0.0	True	True	False	True	True	False	590.0	590.0		0.0	0.0		3.0	3.0		contiguous	contiguous	absent	posadasii	full-length	3.0	True	0.854	79.3	301922	False
B3409	1.0	1.0	0.0	1.0	1.0	0.0	1.0	1.0	0.0	1.0	1.0	0.0	1.0	1.0	0.0	True	True	False	True	True	False	981.0	981.0		0.0	0.0		5.0	5.0		contiguous	contiguous	absent	posadasii	fragment only		True	1.048	70.95	420212	False
B3411	1.0	1.0	0.0	1.0	1.0	0.0	1.0	1.0	0.0	1.0	1.0	0.0	1.0	1.0	0.0	True	True	False	True	True	False	589.0	589.0		0.0	0.0		3.0	3.0		contiguous	contiguous	absent	posadasii	full-length	3.0	True	0.955	74.26	618553	False
B3413	1.0	1.0	0.0	1.0	1.0	0.0	1.0	1.0	0.0	1.0	1.0	0.0	1.0	1.0	0.0	True	True	False	True	True	False	589.0	589.0		0.0	0.0		3.0	3.0		contiguous	contiguous	absent	posadasii	fragment only		True	0.91	83.05	463594	False
B3417	1.0	1.0	0.0	1.0	1.0	0.0	1.0	1.0	0.0	1.0	1.0	0.0	1.0	1.0	0.0	True	True	False	True	True	False	786.0	786.0		0.0	0.0		4.0	4.0		contiguous	contiguous	absent	posadasii	full-length	4.0	True	1.079	84.62	214597	False
B3420	1.0	1.0	0.0	1.0	1.0	0.0	1.0	1.0	0.0	1.0	1.0	0.0	1.0	1.0	0.0	True	True	False	True	True	False	785.0	785.0		0.0	0.0		4.0	4.0		contiguous	contiguous	absent	posadasii	full-length	4.0	True	1.039	85.53	125079	False
B3439	1.0	1.0	0.0	1.0	1.0	0.0	1.0	1.0	0.0	1.0	1.0	0.0	1.0	1.0	0.0	True	True	False	True	True	False	1090.0	1090.0		99.0	99.0					gap_in_array	gap_in_array	absent	posadasii	full-length	4.0	True	1.094	83.92	73945	False
B3440	1.0	1.0	0.0	1.0	1.0	0.0	1.0	1.0	0.0	1.0	1.0	0.0	1.0	1.0	0.0	True	True	False	True	True	False	785.0	785.0		0.0	0.0		4.0	4.0		contiguous	contiguous	absent	posadasii	full-length	4.0	True	1.134	75.8	1055778	False
B3453	1.0	1.0	0.0	1.0	1.0	0.0	1.0	1.0	0.0	1.0	1.0	0.0	1.0	1.0	0.0	True	True	False	True	True	False	785.0	785.0		0.0	0.0		4.0	4.0		contiguous	contiguous	absent	posadasii	full-length	4.0	True	1.164	84.51	585981	False
B3457	1.0	1.0	0.0	1.0	1.0	0.0	1.0	1.0	0.0	1.0	1.0	0.0	1.0	1.0	0.0	True	True	False	True	True	False	785.0	785.0		0.0	0.0		4.0	4.0		contiguous	contiguous	absent	posadasii	full-length	4.0	True	1.068	75.74	1271312	False
B3476	1.0	1.0	0.0	1.0	1.0	0.0	1.0	1.0	0.0	1.0	1.0	0.0	1.0	1.0	0.0	True	True	False	True	True	False	785.0	785.0		0.0	0.0		4.0	4.0		contiguous	contiguous	absent	immitis	fragment only		True	0.92	134.86	668065	False
B3482	1.0	1.0	0.0	1.0	1.0	0.0	1.0	1.0	0.0	1.0	1.0	0.0	1.0	1.0	0.0	True	True	False	True	True	False	589.0	589.0		0.0	0.0		3.0	3.0		contiguous	contiguous	absent	posadasii	full-length	3.0	True	0.934	64.03	665337	False
B3489	1.0	1.0	0.0	1.0	1.0	0.0	1.0	1.0	0.0	1.0	1.0	0.0	1.0	1.0	0.0	True	True	False	True	True	False	403.0	403.0		0.0	0.0		2.0	2.0		contiguous	contiguous	absent	posadasii	fragment only		True	0.955	69.19	463906	False
B3491	1.0	1.0	0.0	1.0	1.0	0.0	1.0	1.0	0.0	1.0	1.0	0.0	1.0	1.0	0.0	True	True	False	True	True	False	786.0	786.0		0.0	0.0		4.0	4.0		contiguous	contiguous	absent	posadasii	fragment only		True	1.083	71.47	288186	False
B3492	2.0	2.0	0.0	2.0	2.0	0.0	0.956	0.956	0.0	0.91	0.91	0.0	1.0	1.0	0.0	False	False	False	False	False	False										gap_in_array	gap_in_array	absent	posadasii	fragment only		True	1.106	68.17	836202	False
B5773_Brazil	1.0	1.0	0.0	1.0	1.0	0.0	1.0	1.0	0.0	1.0	1.0	0.0	1.0	1.0	0.0	True	True	False	True	True	False	600.0	600.0		0.0	0.0		3.0	3.0		contiguous	contiguous	absent	posadasii	full-length	3.0	True	0.942	34.42	74200	False
BFF340	1.0	1.0	0.0	1.0	1.0	0.0	1.0	1.0	0.0	1.0	1.0	0.0	1.0	1.0	0.0	True	True	False	True	True	False	648.0	648.0		96.0	96.0					gap_in_array	gap_in_array	absent	posadasii	fragment only		True	1.08	101.08	377859	False
Beeville	3.0	3.0	0.0	2.0	2.0	0.0	1.0	1.0	0.0	1.0	1.0	0.0	1.0	1.0	0.0	True	True	False	True	True	False	393.0	393.0		0.0	0.0		2.0	2.0		contiguous	contiguous	absent	posadasii	fragment only		True	1.347	11.52	74344	False
C735-TKO	1.0	1.0	0.0	1.0	1.0	0.0	1.0	1.0	0.0	1.0	1.0	0.0	1.0	1.0	0.0	True	True	False	True	True	False	403.0	403.0		0.0	0.0		2.0	2.0		contiguous	contiguous	absent	posadasii	fragment only		True	1.128	51.57	152310	False
CA1	1.0	1.0	0.0	1.0	1.0	0.0	1.0	1.0	0.0	1.0	1.0	0.0	1.0	1.0	0.0	True	True	False	True	True	False	588.0	588.0		0.0	0.0		3.0	3.0		contiguous	contiguous	absent	immitis	full-length	3.0	True	1.249	26.38	66674	False
CA10		0.0	0.0		0.0	0.0		0.0	0.0		0.0	0.0		0.0	0.0		False	False		False	False											absent	absent		not in tree		False	0.09	1.34	23669	False
CA12		0.0	0.0		0.0	0.0		0.0	0.0		0.0	0.0		0.0	0.0		False	False		False	False											absent	absent		not in tree		False	0.0	0.27	23669	False
CA14	1.0	1.0	0.0	1.0	1.0	0.0	1.0	1.0	0.0	1.0	1.0	0.0	1.0	1.0	0.0	True	True	False	True	True	False	391.0	391.0		0.0	0.0		2.0	2.0		contiguous	contiguous	absent	immitis	fragment only		True	1.548	40.08	68358	False
CA15	1.0	1.0	0.0	1.0	1.0	0.0	1.0	1.0	0.0	1.0	1.0	0.0	1.0	1.0	0.0	True	True	False	True	True	False	573.0	573.0		100.0	100.0					gap_in_array	gap_in_array	absent	immitis	fragment only		True	1.185	874.56	68972	False
CA17	1.0	1.0	0.0	1.0	1.0	0.0	1.0	1.0	0.0	1.0	1.0	0.0	1.0	1.0	0.0	True	True	False	True	True	False	785.0	785.0		0.0	0.0		4.0	4.0		contiguous	contiguous	absent	immitis	full-length	4.0	True	1.205	162.89	77092	False
CA2	1.0	2.0	0.0	1.0	2.0	0.0	1.0	0.818	0.0	1.0	0.631	0.0	1.0	1.0	0.0	True	False	False	True	False	False	609.0			100.0						gap_in_array	gap_in_array	absent	immitis	fragment only		True	1.364	57.18	70878	False
CA20	1.0	2.0	0.0	1.0	2.0	0.0	1.0	0.398	0.0	1.0	0.135	0.0	0.398	0.398	0.0	True	False	False	True	False	False	206.0			100.0						gap_in_array	gap_in_array	absent	immitis	no SOWgp gene model		False	1.286	47.39	67587	False
CA22	1.0	1.0	0.0	1.0	1.0	0.0	1.0	1.0	0.0	1.0	1.0	0.0	0.985	0.985	0.0	True	True	False	True	True	False	208.0	208.0		0.0	0.0		1.0	1.0		contiguous	contiguous	absent	immitis	fragment only		True	0.964	30.78	68314	False
CA23	1.0	1.0	0.0	1.0	1.0	0.0	1.0	1.0	0.0	1.0	1.0	0.0	1.0	1.0	0.0	True	True	False	True	True	False	568.0	568.0		95.0	95.0					gap_in_array	gap_in_array	absent	immitis	no SOWgp gene model		False	0.919	27.62	74979	False
CA24	1.0	1.0	0.0	1.0	1.0	0.0	1.0	1.0	0.0	1.0	1.0	0.0	1.0	1.0	0.0	True	True	False	True	True	False	672.0	672.0		97.0	97.0					gap_in_array	gap_in_array	absent	immitis	fragment only		True	1.114	190.69	68362	False
CA25	1.0	1.0	0.0	1.0	1.0	0.0	1.0	1.0	0.0	1.0	1.0	0.0	1.0	1.0	0.0	True	True	False	True	True	False	588.0	588.0		0.0	0.0		3.0	3.0		contiguous	contiguous	absent	immitis	fragment only		True	0.904	320.3	684870	False
CA26	1.0	2.0	0.0	1.0	2.0	0.0	1.0	0.869	0.0	1.0	0.732	0.0	1.0	1.0	0.0	True	False	False	True	False	False	675.0			101.0						gap_in_array	gap_in_array	absent	immitis	no SOWgp gene model		False	1.285	35.47	119324	False
CA27	1.0	1.0	0.0	1.0	1.0	0.0	1.0	1.0	0.0	1.0	1.0	0.0	1.0	1.0	0.0	True	True	False	True	True	False	785.0	785.0		0.0	0.0		4.0	4.0		contiguous	contiguous	absent	immitis	full-length	3.0	True	1.133	65.97	69062	False
CA28	1.0	1.0	0.0	1.0	1.0	0.0	1.0	1.0	0.0	1.0	1.0	0.0	1.0	1.0	0.0	True	True	False	True	True	False	588.0	588.0		0.0	0.0		3.0	3.0		contiguous	contiguous	absent	immitis	full-length	3.0	True	1.176	37.22	67942	False
CA29	1.0	1.0	0.0	1.0	1.0	0.0	1.0	1.0	0.0	1.0	1.0	0.0	1.0	1.0	0.0	True	True	False	True	True	False	672.0	672.0		99.0	99.0					gap_in_array	gap_in_array	absent	immitis	no SOWgp gene model		False	1.003	39.49	69394	False
CA3	1.0	1.0	0.0	1.0	1.0	0.0	1.0	1.0	0.0	1.0	1.0	0.0	1.0	1.0	0.0	True	True	False	True	True	False	748.0	748.0		98.0	98.0					gap_in_array	gap_in_array	absent	immitis	fragment only		True	0.991	143.86	68252	False
CA30	1.0	2.0	0.0	1.0	2.0	0.0	1.0	0.791	0.0	1.0	0.575	0.0	1.0	1.0	0.0	True	False	False	True	False	False	551.0			100.0						gap_in_array	gap_in_array	absent	immitis	fragment only		True	1.084	123.47	229849	False
CA4	1.0	1.0	0.0	1.0	1.0	0.0	1.0	1.0	0.0	1.0	1.0	0.0	1.0	1.0	0.0	True	True	False	True	True	False	391.0	391.0		0.0	0.0		2.0	2.0		contiguous	contiguous	absent	immitis	fragment only		True	1.113	66.65	68346	False
CA5	1.0	1.0	0.0	1.0	1.0	0.0	1.0	1.0	0.0	1.0	1.0	0.0	1.0	1.0	0.0	True	True	False	True	True	False	785.0	785.0		0.0	0.0		4.0	4.0		contiguous	contiguous	absent	immitis	fragment only		True	0.947	239.32	428305	False
CA6	1.0	1.0	0.0	1.0	1.0	0.0	1.0	1.0	0.0	1.0	1.0	0.0	1.0	1.0	0.0	True	True	False	True	True	False	709.0	709.0		94.0	94.0					gap_in_array	gap_in_array	absent	immitis	full-length	3.0	True	1.15	187.54	94831	False
CA7	1.0	1.0	0.0	1.0	1.0	0.0	1.0	1.0	0.0	1.0	1.0	0.0	0.897	0.897	0.0	True	True	False	True	True	False	357.0	357.0		99.0	99.0					gap_in_array	gap_in_array	absent	immitis	fragment only		False	1.391	115.58	393613	False
CA8	1.0	1.0	0.0	1.0	1.0	0.0	1.0	1.0	0.0	1.0	1.0	0.0	1.0	1.0	0.0	True	True	False	True	True	False	746.0	746.0		99.0	99.0					gap_in_array	gap_in_array	absent	immitis	full-length	3.0	True	1.112	69.46	109990	False
CA9	1.0	1.0	0.0	1.0	1.0	0.0	1.0	1.0	0.0	1.0	1.0	0.0	1.0	1.0	0.0	True	True	False	True	True	False	588.0	588.0		0.0	0.0		3.0	3.0		contiguous	contiguous	absent	immitis	full-length	3.0	True	0.975	43.23	76755	False
CDC-202	1.0	1.0	0.0	1.0	1.0	0.0	1.0	1.0	0.0	1.0	1.0	0.0	1.0	1.0	0.0	True	True	False	True	True	False	785.0	785.0		0.0	0.0		4.0	4.0		contiguous	contiguous	absent	immitis	full-length	3.0	True	0.863	51.36	113329	False
CDC-205	1.0	1.0	0.0	1.0	1.0	0.0	1.0	1.0	0.0	1.0	1.0	0.0	1.0	1.0	0.0	True	True	False	True	True	False	588.0	588.0		0.0	0.0		3.0	3.0		contiguous	contiguous	absent	immitis	full-length	3.0	True	0.873	49.11	112204	False
CDC-212	1.0	1.0	0.0	1.0	1.0	0.0	1.0	1.0	0.0	1.0	1.0	0.0	1.0	1.0	0.0	True	True	False	True	True	False	785.0	785.0		0.0	0.0		4.0	4.0		contiguous	contiguous	absent	immitis	full-length	4.0	True	0.964	54.89	81739	False
COCPO_103715		0.0	0.0		0.0	0.0		0.0	0.0		0.0	0.0		0.0	0.0		False	False		False	False											absent	absent		not in tree		False	0.944	11.5	73813	False
COCPO_103716		0.0	0.0		0.0	0.0		0.0	0.0		0.0	0.0		0.0	0.0		False	False		False	False											absent	absent		not in tree		False	0.595	4.42	73076	False
COCPO_103717		0.0	0.0		0.0	0.0		0.0	0.0		0.0	0.0		0.0	0.0		False	False		False	False											absent	absent		not in tree		False	0.499	13.92	73072	False
COCPO_103718	1.0	2.0	0.0	1.0	2.0	0.0	1.0	0.855	0.0	1.0	0.706	0.0	1.0	1.0	0.0	True	False	False	True	False	False	655.0			100.0						gap_in_array	gap_in_array	absent	posadasii	fragment only		True	1.169	27.44	73900	False
COCPO_103720	1.0	1.0	0.0	1.0	1.0	0.0	1.0	1.0	0.0	1.0	1.0	0.0	1.0	1.0	0.0	True	True	False	True	True	False	390.0	390.0		0.0	0.0		2.0	2.0		contiguous	contiguous	absent	posadasii	fragment only		True	1.148	33.86	80051	False
COCPO_103721	1.0	1.0	0.0	1.0	1.0	0.0	1.0	1.0	0.0	1.0	1.0	0.0	0.932	0.932	0.0	True	True	False	True	True	False	318.0	318.0		94.0	94.0					gap_in_array	gap_in_array	absent	posadasii	fragment only		False	1.355	94.19	73973	False
COCPO_103744	2.0	2.0	0.0	2.0	2.0	0.0	0.859	0.859	0.0	0.713	0.713	0.0	1.0	1.0	0.0	False	False	False	False	False	False										gap_in_array	gap_in_array	absent	posadasii	fragment only		True	1.294	63.72	87107	False
COCPO_103745	1.0	2.0	0.0	1.0	2.0	0.0	1.0	0.643	0.0	1.0	0.274	0.0	0.893	0.893	0.0	True	False	False	True	False	False	314.0			100.0						gap_in_array	gap_in_array	absent	posadasii	no SOWgp gene model		False	1.073	17.39	73206	False
COCPO_103827	1.0	1.0	0.0	1.0	1.0	0.0	1.0	1.0	0.0	1.0	1.0	0.0	1.0	1.0	0.0	True	True	False	True	True	False	520.0	520.0		93.0	93.0					gap_in_array	gap_in_array	absent	posadasii	fragment only		True	1.213	37.91	74138	False
COCPO_114029	1.0	2.0	0.0	1.0	2.0	0.0	1.0	0.767	0.0	1.0	0.526	0.0	1.0	1.0	0.0	True	False	False	True	False	False	515.0			100.0						gap_in_array	gap_in_array	absent	posadasii	no SOWgp gene model		False	1.073	55.45	74023	False
COCPO_114072	1.0	1.0	0.0	1.0	1.0	0.0	1.0	1.0	0.0	1.0	1.0	0.0	1.0	1.0	0.0	True	True	False	True	True	False	655.0	655.0		95.0	95.0					gap_in_array	gap_in_array	absent	posadasii	fragment only		True	1.092	85.71	87913	False
COCPO_175712	2.0	2.0	0.0	1.0	2.0	0.0	0.639	0.639	0.0	0.266	0.266	0.0	0.932	0.932	0.0	False	False	False	False	False	False										gap_in_array	gap_in_array	absent	posadasii	fragment only		False	1.456	76.63	110347	False
COCPO_175714	1.0	2.0	0.0	1.0	2.0	0.0	1.0	0.992	0.0	1.0	0.983	0.0	1.0	1.0	0.0	True	False	False	True	False	False	870.0			100.0						gap_in_array	gap_in_array	absent	posadasii	full-length	3.0	True	1.434	74.55	74139	False
COCPO_175715	1.0	2.0	0.0	1.0	2.0	0.0	1.0	0.731	0.0	1.0	0.454	0.0	1.0	1.0	0.0	True	False	False	True	False	False	469.0			100.0						gap_in_array	gap_in_array	absent	posadasii	fragment only		True	1.283	63.88	74035	False
COCPO_175716	1.0	1.0	0.0	1.0	1.0	0.0	1.0	1.0	0.0	1.0	1.0	0.0	1.0	1.0	0.0	True	True	False	True	True	False	519.0	519.0		90.0	90.0					gap_in_array	gap_in_array	absent	posadasii	no SOWgp gene model		False	1.349	249.38	87553	False
COCPO_185672	1.0	1.0	0.0	1.0	1.0	0.0	1.0	1.0	0.0	1.0	1.0	0.0	1.0	1.0	0.0	True	True	False	True	True	False	511.0	511.0		95.0	95.0					gap_in_array	gap_in_array	absent	posadasii	fragment only		True	1.289	102.11	74518	False
COCPO_195880	1.0	1.0	0.0	1.0	1.0	0.0	1.0	1.0	0.0	1.0	1.0	0.0	1.0	1.0	0.0	True	True	False	True	True	False	480.0	480.0		98.0	98.0					gap_in_array	gap_in_array	absent	posadasii	fragment only		True	1.179	85.07	73768	False
COCPO_195881	1.0	1.0	0.0	1.0	1.0	0.0	1.0	1.0	0.0	1.0	1.0	0.0	1.0	1.0	0.0	True	True	False	True	True	False	393.0	393.0		0.0	0.0		2.0	2.0		contiguous	contiguous	absent	posadasii	fragment only		True	0.778	24.14	73829	False
COCPO_195884	1.0	1.0	0.0	1.0	1.0	0.0	1.0	1.0	0.0	1.0	1.0	0.0	0.985	0.985	0.0	True	True	False	True	True	False	438.0	438.0		96.0	96.0					gap_in_array	gap_in_array	absent	posadasii	fragment only		True	1.025	18.47	74080	False
COCPO_34698	1.0	2.0	0.0	1.0	2.0	0.0	1.0	0.815	0.0	1.0	0.623	0.0	1.0	1.0	0.0	True	False	False	True	False	False	602.0			100.0						gap_in_array	gap_in_array	absent		not in tree		True	1.099	22.26	121440	False
COCPO_4545	1.0	1.0	0.0	1.0	1.0	0.0	1.0	1.0	0.0	1.0	1.0	0.0	1.0	1.0	0.0	True	True	False	True	True	False	767.0	767.0		100.0	100.0					gap_in_array	gap_in_array	absent	posadasii	fragment only		True	1.148	58.64	139583	False
COCPO_Galgiani	1.0	1.0	0.0	1.0	1.0	0.0	1.0	1.0	0.0	1.0	1.0	0.0	1.0	1.0	0.0	True	True	False	True	True	False	983.0	983.0		0.0	0.0		5.0	5.0		contiguous	contiguous	absent	posadasii	full-length	5.0	True	1.023	209.3	73905	False
COCSP-2006	1.0	1.0	0.0	1.0	1.0	0.0	1.0	1.0	0.0	1.0	1.0	0.0	1.0	1.0	0.0	True	True	False	True	True	False	785.0	785.0		0.0	0.0		4.0	4.0		contiguous	contiguous	absent	immitis	full-length	4.0	True	1.159	174.31	74112	False
COCSP-3478	1.0	1.0	0.0	1.0	1.0	0.0	1.0	1.0	0.0	1.0	1.0	0.0	1.0	1.0	0.0	True	True	False	True	True	False	980.0	980.0		0.0	0.0		5.0	5.0		contiguous	contiguous	absent	posadasii	full-length	5.0	True	1.285	59.86	275977	False
COCSP-3505	1.0	1.0	0.0	1.0	1.0	0.0	1.0	1.0	0.0	1.0	1.0	0.0	1.0	1.0	0.0	True	True	False	True	True	False	588.0	588.0		0.0	0.0		3.0	3.0		contiguous	contiguous	absent	immitis	fragment only		True	0.783	17.81	342319	False
COCSP-8945	1.0	1.0	0.0	1.0	1.0	0.0	1.0	1.0	0.0	1.0	1.0	0.0	1.0	1.0	0.0	True	True	False	True	True	False	391.0	391.0		0.0	0.0		2.0	2.0		contiguous	contiguous	absent	immitis	fragment only		True	0.915	42.56	69606	False
COCSP_8725	1.0	1.0	0.0	1.0	1.0	0.0	1.0	1.0	0.0	1.0	1.0	0.0	1.0	1.0	0.0	True	True	False	True	True	False	393.0	393.0		0.0	0.0		2.0	2.0		contiguous	contiguous	absent	posadasii	fragment only		True	1.195	48.68	91397	False
Coahuila_1	1.0	1.0	0.0	1.0	1.0	0.0	1.0	1.0	0.0	1.0	1.0	0.0	1.0	1.0	0.0	True	True	False	True	True	False	588.0	588.0		0.0	0.0		3.0	3.0		contiguous	contiguous	absent	immitis	full-length	3.0	True	1.131	54.62	205219	False
Coahuilla_2	1.0	1.0	0.0	1.0	1.0	0.0	1.0	1.0	0.0	1.0	1.0	0.0	1.0	1.0	0.0	True	True	False	True	True	False	783.0	783.0		0.0	0.0		4.0	4.0		contiguous	contiguous	absent	posadasii	full-length	4.0	True			110890	False
Cocci_1400035797	1.0	1.0	0.0	1.0	1.0	0.0	1.0	1.0	0.0	1.0	1.0	0.0	1.0	1.0	0.0	True	True	False	True	True	False	980.0	980.0		0.0	0.0		5.0	5.0		contiguous	contiguous	absent	posadasii	full-length	5.0	True	1.284	14.78	72983	False
Colorado_Springs_1	2.0	2.0	0.0	1.0	1.0	0.0	1.0	1.0	0.0	1.0	1.0	0.0	1.0	1.0	0.0	True	True	False	True	True	False	786.0	786.0		0.0	0.0		4.0	4.0		contiguous	contiguous	absent	posadasii	full-length	4.0	True	1.018	59.04	161232	False
EMS	1.0	1.0	0.0	1.0	1.0	0.0	1.0	1.0	0.0	1.0	1.0	0.0	1.0	1.0	0.0	True	True	False	True	True	False	983.0	983.0		0.0	0.0		5.0	5.0		contiguous	contiguous	absent	posadasii	full-length	4.0	True	1.069	55.93	160356	False
FMC233	1.0	1.0	0.0	1.0	1.0	0.0	1.0	1.0	0.0	1.0	1.0	0.0	1.0	1.0	0.0	True	True	False	True	True	False	589.0	589.0		0.0	0.0		3.0	3.0		contiguous	contiguous	absent	posadasii	full-length	3.0	True	0.914	59.56	127736	False
FMC234	1.0	2.0	0.0	1.0	2.0	0.0	1.0	0.986	0.0	1.0	0.972	0.0	1.0	1.0	0.0	True	False	False	True	False	False	864.0			100.0						gap_in_array	gap_in_array	absent	posadasii	fragment only		True	1.045	58.71	159786	False
FMC235	1.0	1.0	0.0	1.0	1.0	0.0	1.0	1.0	0.0	1.0	1.0	0.0	1.0	1.0	0.0	True	True	False	True	True	False	392.0	392.0		0.0	0.0		2.0	2.0		contiguous	contiguous	absent	posadasii	fragment only		True	1.222	36.95	250621	False
FMC449	1.0	1.0	0.0	1.0	1.0	0.0	1.0	1.0	0.0	1.0	1.0	0.0	1.0	1.0	0.0	True	True	False	True	True	False	589.0	589.0		0.0	0.0		3.0	3.0		contiguous	contiguous	absent	posadasii	full-length	3.0	True	0.929	34.52	307914	False
FMC588	1.0	1.0	0.0	1.0	1.0	0.0	1.0	1.0	0.0	1.0	1.0	0.0	1.0	1.0	0.0	True	True	False	True	True	False	403.0	403.0		0.0	0.0		2.0	2.0		contiguous	contiguous	absent	posadasii	fragment only		True	0.931	42.07	370141	False
FMC718	1.0	1.0	0.0	1.0	1.0	0.0	1.0	1.0	0.0	1.0	1.0	0.0	0.985	0.985	0.0	True	True	False	True	True	False	196.0	196.0		0.0	0.0		1.0	1.0		contiguous	contiguous	absent	posadasii	fragment only		True	1.044	21.76	99843	False
FMC778	1.0	1.0	0.0	1.0	1.0	0.0	1.0	1.0	0.0	1.0	1.0	0.0	1.0	1.0	0.0	True	True	False	True	True	False	586.0	586.0		0.0	0.0		3.0	3.0		contiguous	contiguous	absent		not in tree		True	0.613	41.39	123726	False
GT-002	1.0	1.0	0.0	1.0	1.0	0.0	1.0	1.0	0.0	1.0	1.0	0.0	1.0	1.0	0.0	True	True	False	True	True	False	393.0	393.0		0.0	0.0		2.0	2.0		contiguous	contiguous	absent	posadasii	fragment only		True	1.012	49.13	97072	False
GT-017	1.0	1.0	0.0	1.0	1.0	0.0	1.0	1.0	0.0	1.0	1.0	0.0	1.0	1.0	0.0	True	True	False	True	True	False	586.0	586.0		0.0	0.0		3.0	3.0		contiguous	contiguous	absent	posadasii	fragment only		True	0.714	26.16	148732	False
GT-100	1.0	1.0	0.0	1.0	1.0	0.0	1.0	1.0	0.0	1.0	1.0	0.0	1.0	1.0	0.0	True	True	False	True	True	False	394.0	394.0		0.0	0.0		2.0	2.0		contiguous	contiguous	absent	immitis	fragment only		True	1.244	27.44	66702	False
GT-101	2.0	2.0	0.0	2.0	2.0	0.0	1.0	1.0	0.0	1.0	1.0	0.0	1.0	1.0	0.0	True	True	False	True	True	False	318.0	318.0		97.0	97.0					gap_in_array	gap_in_array	absent	posadasii	fragment only		True	1.227	59.34	181347	False
GT-102	1.0	1.0	0.0	1.0	1.0	0.0	1.0	1.0	0.0	1.0	1.0	0.0	1.0	1.0	0.0	True	True	False	True	True	False	784.0	784.0		0.0	0.0		4.0	4.0		contiguous	contiguous	absent	posadasii	full-length	4.0	True	1.138	372.79	255025	False
GT-103	1.0	1.0	0.0	1.0	1.0	0.0	1.0	1.0	0.0	1.0	1.0	0.0	1.0	1.0	0.0	True	True	False	True	True	False	495.0	495.0		99.0	99.0					gap_in_array	gap_in_array	absent	posadasii	no SOWgp gene model		False	1.1	69.18	102533	False
GT-104	1.0	1.0	0.0	1.0	1.0	0.0	1.0	1.0	0.0	1.0	1.0	0.0	1.0	1.0	0.0	True	True	False	True	True	False	570.0	570.0		98.0	98.0					gap_in_array	gap_in_array	absent	immitis	fragment only		True	1.051	96.87	67936	False
GT-105	1.0	1.0	0.0	1.0	1.0	0.0	1.0	1.0	0.0	1.0	1.0	0.0	1.0	1.0	0.0	True	True	False	True	True	False	458.0	458.0		98.0	98.0					gap_in_array	gap_in_array	absent	immitis	fragment only		True	1.253	62.76	68102	False
GT-106	1.0	1.0	0.0	1.0	1.0	0.0	1.0	1.0	0.0	1.0	1.0	0.0	1.0	1.0	0.0	True	True	False	True	True	False	730.0	730.0		99.0	99.0					gap_in_array	gap_in_array	absent	posadasii	no SOWgp gene model		False	1.221	77.01	187618	False
GT-107	1.0	2.0	0.0	1.0	2.0	0.0	1.0	0.992	0.0	1.0	0.983	0.0	1.0	1.0	0.0	True	False	False	True	False	False	872.0			100.0						gap_in_array	gap_in_array	absent	immitis	fragment only		True	1.134	70.03	68180	False
GT-108	1.0	1.0	0.0	1.0	1.0	0.0	1.0	1.0	0.0	1.0	1.0	0.0	1.0	1.0	0.0	True	True	False	True	True	False	785.0	785.0		0.0	0.0		4.0	4.0		contiguous	contiguous	absent	immitis	full-length	4.0	True	1.139	65.4	68250	False
GT-109	1.0	1.0	0.0	1.0	1.0	0.0	1.0	1.0	0.0	1.0	1.0	0.0	1.0	1.0	0.0	True	True	False	True	True	False	478.0	478.0		99.0	99.0					gap_in_array	gap_in_array	absent	immitis	no SOWgp gene model		False	1.433	31.73	116393	False
GT-110	2.0	2.0	0.0	2.0	2.0	0.0	0.791	0.791	0.0	0.575	0.575	0.0	1.0	1.0	0.0	False	False	False	False	False	False										gap_in_array	gap_in_array	absent	posadasii	fragment only		True	1.164	131.58	77691	False
GT-111	1.0	1.0	0.0	1.0	1.0	0.0	1.0	1.0	0.0	1.0	1.0	0.0	1.0	1.0	0.0	True	True	False	True	True	False	461.0	461.0		96.0	96.0					gap_in_array	gap_in_array	absent	immitis	fragment only		True	1.127	72.34	69671	False
GT-112		0.0	0.0		0.0	0.0		0.0	0.0		0.0	0.0		0.0	0.0		False	False		False	False											absent	absent		not in tree		False	1.115	2.26	74287	False
GT-113	1.0	1.0	0.0	1.0	1.0	0.0	1.0	1.0	0.0	1.0	1.0	0.0	1.0	1.0	0.0	True	True	False	True	True	False	785.0	785.0		0.0	0.0		4.0	4.0		contiguous	contiguous	absent	immitis	full-length	4.0	True	1.149	168.77	69347	False
GT-114	1.0	1.0	0.0	1.0	1.0	0.0	1.0	1.0	0.0	1.0	1.0	0.0	1.0	1.0	0.0	True	True	False	True	True	False	551.0	551.0		96.0	96.0					gap_in_array	gap_in_array	absent	immitis	fragment only		True	1.185	39.48	69129	False
GT-115	1.0	1.0	0.0	1.0	1.0	0.0	1.0	1.0	0.0	1.0	1.0	0.0	1.0	1.0	0.0	True	True	False	True	True	False	392.0	392.0		0.0	0.0		2.0	2.0		contiguous	contiguous	absent	posadasii	fragment only		True	1.089	68.27	73456	False
GT-116	1.0	1.0	0.0	1.0	1.0	0.0	1.0	1.0	0.0	1.0	1.0	0.0	1.0	1.0	0.0	True	True	False	True	True	False	765.0	765.0		98.0	98.0					gap_in_array	gap_in_array	absent	immitis	no SOWgp gene model		False	1.216	85.21	74285	False
GT-117	1.0	1.0	0.0	1.0	1.0	0.0	1.0	1.0	0.0	1.0	1.0	0.0	1.0	1.0	0.0	True	True	False	True	True	False	475.0	475.0		97.0	97.0					gap_in_array	gap_in_array	absent	immitis	fragment only		True	1.224	34.39	69035	False
GT-118	1.0	1.0	0.0	1.0	1.0	0.0	1.0	1.0	0.0	1.0	1.0	0.0	1.0	1.0	0.0	True	True	False	True	True	False	391.0	391.0		0.0	0.0		2.0	2.0		contiguous	contiguous	absent	immitis	fragment only		True	1.245	31.64	69431	False
GT-119	1.0	1.0	0.0	1.0	1.0	0.0	1.0	1.0	0.0	1.0	1.0	0.0	1.0	1.0	0.0	True	True	False	True	True	False	672.0	672.0		99.0	99.0					gap_in_array	gap_in_array	absent	immitis	no SOWgp gene model		False	1.008	44.15	74032	False
GT-120	2.0	2.0	0.0	2.0	2.0	0.0	0.973	0.973	0.0	0.945	0.945	0.0	1.0	1.0	0.0	False	False	False	False	False	False										gap_in_array	gap_in_array	absent	posadasii	fragment only		True	1.155	88.93	93707	False
GT-121	1.0	1.0	0.0	1.0	1.0	0.0	1.0	1.0	0.0	1.0	1.0	0.0	1.0	1.0	0.0	True	True	False	True	True	False	458.0	458.0		94.0	94.0					gap_in_array	gap_in_array	absent	immitis	no SOWgp gene model		False	1.117	169.61	69711	False
GT-122		1.0	0.0		1.0	0.0		1.0	0.0		1.0	0.0		1.0	0.0		True	False		True	False		475.0			99.0						gap_in_array	absent		not in tree		False	1.229	28.24	65876	False
GT-123	1.0	2.0	0.0	1.0	2.0	0.0	1.0	0.768	0.0	1.0	0.527	0.0	1.0	1.0	0.0	True	False	False	True	False	False	514.0			100.0						gap_in_array	gap_in_array	absent	immitis	fragment only		True	1.059	26.93	67999	False
GT-124	1.0	1.0	0.0	1.0	1.0	0.0	1.0	1.0	0.0	1.0	1.0	0.0	1.0	1.0	0.0	True	True	False	True	True	False	545.0	545.0		99.0	99.0					gap_in_array	gap_in_array	absent	posadasii	fragment only		True	1.192	68.71	73919	False
GT-125	1.0	1.0	0.0	1.0	1.0	0.0	1.0	1.0	0.0	1.0	1.0	0.0	1.0	1.0	0.0	True	True	False	True	True	False	765.0	765.0		99.0	99.0					gap_in_array	gap_in_array	absent	immitis	full-length	3.0	True	1.142	96.6	76164	False
GT-126	1.0	1.0	0.0	1.0	1.0	0.0	1.0	1.0	0.0	1.0	1.0	0.0	1.0	1.0	0.0	True	True	False	True	True	False	588.0	588.0		0.0	0.0		3.0	3.0		contiguous	contiguous	absent	immitis	full-length	3.0	True	1.238	33.23	130111	False
GT-127	1.0	1.0	0.0	1.0	1.0	0.0	1.0	1.0	0.0	1.0	1.0	0.0	1.0	1.0	0.0	True	True	False	True	True	False	458.0	458.0		97.0	97.0					gap_in_array	gap_in_array	absent	immitis	fragment only		True	1.329	235.07	69728	False
GT-128	1.0	1.0	0.0	1.0	1.0	0.0	1.0	1.0	0.0	1.0	1.0	0.0	1.0	1.0	0.0	True	True	False	True	True	False	672.0	672.0		98.0	98.0					gap_in_array	gap_in_array	absent	immitis	fragment only		True	1.187	70.23	68786	False
GT-129	1.0	1.0	0.0	1.0	1.0	0.0	1.0	1.0	0.0	1.0	1.0	0.0	1.0	1.0	0.0	True	True	False	True	True	False	391.0	391.0		0.0	0.0		2.0	2.0		contiguous	contiguous	absent	immitis	fragment only		True	1.003	27.0	65088	False
GT-130	1.0	1.0	0.0	1.0	1.0	0.0	1.0	1.0	0.0	1.0	1.0	0.0	1.0	1.0	0.0	True	True	False	True	True	False	588.0	588.0		0.0	0.0		3.0	3.0		contiguous	contiguous	absent	posadasii	full-length	3.0	True	0.953	54.82	402124	False
GT-131	2.0	2.0	0.0	1.0	2.0	0.0	0.775	0.775	0.0	0.541	0.541	0.0	1.0	1.0	0.0	False	False	False	False	False	False										gap_in_array	gap_in_array	absent	posadasii	fragment only		True	1.165	37.72	74924	False
GT-132	1.0	1.0	0.0	1.0	1.0	0.0	1.0	1.0	0.0	1.0	1.0	0.0	1.0	1.0	0.0	True	True	False	True	True	False	785.0	785.0		0.0	0.0		4.0	4.0		contiguous	contiguous	absent	immitis	full-length	4.0	True	1.043	57.42	68969	False
GT-133	1.0	2.0	0.0	1.0	2.0	0.0	1.0	0.548	0.0	1.0	0.424	0.0	0.845	0.845	0.0	True	False	False	True	False	False	433.0			100.0						gap_in_array	gap_in_array	absent	immitis	fragment only		True	1.243	31.04	67619	False
GT-134	1.0	1.0	0.0	1.0	1.0	0.0	1.0	1.0	0.0	1.0	1.0	0.0	1.0	1.0	0.0	True	True	False	True	True	False	552.0	552.0		94.0	94.0					gap_in_array	gap_in_array	absent	posadasii	fragment only		True	1.167	110.28	236907	False
GT-136	1.0	1.0	0.0	1.0	1.0	0.0	1.0	1.0	0.0	1.0	1.0	0.0	1.0	1.0	0.0	True	True	False	True	True	False	763.0	763.0		99.0	99.0					gap_in_array	gap_in_array	absent	posadasii	no SOWgp gene model		False	1.423	55.96	72271	False
GT-139	1.0	1.0	0.0	1.0	1.0	0.0	1.0	1.0	0.0	1.0	1.0	0.0	1.0	1.0	0.0	True	True	False	True	True	False	586.0	586.0		0.0	0.0		3.0	3.0		contiguous	contiguous	absent	posadasii	fragment only		True	1.299	27.45	106683	False
GT-140	1.0	1.0	0.0	1.0	1.0	0.0	1.0	1.0	0.0	1.0	1.0	0.0	1.0	1.0	0.0	True	True	False	True	True	False	494.0	494.0		97.0	97.0					gap_in_array	gap_in_array	absent	immitis	no SOWgp gene model		False	1.32	25.93	69662	False
GT-141	1.0	1.0	0.0	1.0	1.0	0.0	1.0	1.0	0.0	1.0	1.0	0.0	1.0	1.0	0.0	True	True	False	True	True	False	425.0	425.0		96.0	96.0					gap_in_array	gap_in_array	absent	posadasii	fragment only		True	1.195	51.47	74409	False
GT-142	1.0	1.0	0.0	1.0	1.0	0.0	1.0	1.0	0.0	1.0	1.0	0.0	1.0	1.0	0.0	True	True	False	True	True	False	393.0	393.0		0.0	0.0		2.0	2.0		contiguous	contiguous	absent	posadasii	fragment only		True	1.142	68.56	74539	False
GT-143	1.0	1.0	0.0	1.0	1.0	0.0	1.0	1.0	0.0	1.0	1.0	0.0	1.0	1.0	0.0	True	True	False	True	True	False	730.0	730.0		99.0	99.0					gap_in_array	gap_in_array	absent	posadasii	no SOWgp gene model		False	1.282	15.51	97745	False
GT-144	1.0	1.0	0.0	1.0	1.0	0.0	1.0	1.0	0.0	1.0	1.0	0.0	1.0	1.0	0.0	True	True	False	True	True	False	750.0	750.0		97.0	97.0					gap_in_array	gap_in_array	absent	posadasii	full-length	3.0	True	1.265	75.77	307893	False
GT-145	1.0	1.0	0.0	1.0	1.0	0.0	1.0	1.0	0.0	1.0	1.0	0.0	1.0	1.0	0.0	True	True	False	True	True	False	620.0	620.0		97.0	97.0					gap_in_array	gap_in_array	absent	posadasii	full-length	2.0	True	1.366	42.19	358920	False
GT-146	1.0	1.0	0.0	1.0	1.0	0.0	1.0	1.0	0.0	1.0	1.0	0.0	1.0	1.0	0.0	True	True	False	True	True	False	494.0	494.0		95.0	95.0					gap_in_array	gap_in_array	absent	immitis	fragment only		True	1.337	88.77	68982	False
GT-147	1.0	2.0	0.0	1.0	2.0	0.0	1.0	0.785	0.0	1.0	0.562	0.0	1.0	1.0	0.0	True	False	False	True	False	False	541.0			100.0						gap_in_array	gap_in_array	absent	immitis	fragment only		True	1.107	14.86	67629	False
GT-148	2.0	2.0	0.0	2.0	2.0	0.0	0.759	0.759	0.0	0.51	0.51	0.0	1.0	1.0	0.0	False	False	False	False	False	False										gap_in_array	gap_in_array	absent	posadasii	fragment only		True	1.353	45.22	71133	False
GT-149	1.0	1.0	0.0	1.0	1.0	0.0	1.0	1.0	0.0	1.0	1.0	0.0	1.0	1.0	0.0	True	True	False	True	True	False	635.0	635.0		96.0	96.0					gap_in_array	gap_in_array	absent	posadasii	full-length	3.0	True	1.362	77.38	115192	False
GT-150	1.0	1.0	0.0	1.0	1.0	0.0	1.0	1.0	0.0	1.0	1.0	0.0	0.985	0.985	0.0	True	True	False	True	True	False	207.0	207.0		0.0	0.0		1.0	1.0		contiguous	contiguous	absent	posadasii	fragment only		True	1.102	50.76	73861	False
GT-151	2.0	2.0	0.0	2.0	2.0	0.0	0.727	0.727	0.0	0.445	0.445	0.0	1.0	1.0	0.0	False	False	False	False	False	False										gap_in_array	gap_in_array	absent	posadasii	fragment only		True	1.205	40.45	76256	False
GT-153	1.0	1.0	0.0	1.0	1.0	0.0	1.0	1.0	0.0	1.0	1.0	0.0	1.0	1.0	0.0	True	True	False	True	True	False	393.0	393.0		0.0	0.0		2.0	2.0		contiguous	contiguous	absent	posadasii	fragment only		True	1.376	13.92	71182	False
GT-154	0.0	0.0	1.0	0.0	0.0	1.0	0.0	0.0	1.0	0.0	0.0	1.0	0.0	0.0	0.0	False	False	True	False	False	True			392.0			0.0			2.0	absent	absent	contiguous	posadasii	no SOWgp gene model		False	1.041	80.92	508752	True
GT-155	1.0	2.0	0.0	1.0	2.0	0.0	1.0	0.674	0.0	1.0	0.338	0.0	0.934	0.934	0.0	True	False	False	True	False	False	367.0			100.0						gap_in_array	gap_in_array	absent	posadasii	no SOWgp gene model		False	1.108	33.43	73933	False
GT-156	1.0	1.0	0.0	1.0	1.0	0.0	1.0	1.0	0.0	1.0	1.0	0.0	1.0	1.0	0.0	True	True	False	True	True	False	391.0	391.0		0.0	0.0		2.0	2.0		contiguous	contiguous	absent	immitis	fragment only		True	1.067	26.81	68189	False
GT-157	1.0	1.0	0.0	1.0	1.0	0.0	1.0	1.0	0.0	1.0	1.0	0.0	1.0	1.0	0.0	True	True	False	True	True	False	785.0	785.0		0.0	0.0		4.0	4.0		contiguous	contiguous	absent	posadasii	fragment only		True	0.907	308.88	1097493	False
GT-158	1.0	1.0	0.0	1.0	1.0	0.0	1.0	1.0	0.0	1.0	1.0	0.0	1.0	1.0	0.0	True	True	False	True	True	False	392.0	392.0		0.0	0.0		2.0	2.0		contiguous	contiguous	absent	posadasii	fragment only		True	1.187	29.56	226654	False
GT-159	1.0	1.0	0.0	1.0	1.0	0.0	1.0	1.0	0.0	1.0	1.0	0.0	1.0	1.0	0.0	True	True	False	True	True	False	495.0	495.0		98.0	98.0					gap_in_array	gap_in_array	absent	posadasii	no SOWgp gene model		False	1.301	73.57	156706	False
GT-160	1.0	1.0	0.0	1.0	1.0	0.0	1.0	1.0	0.0	1.0	1.0	0.0	1.0	1.0	0.0	True	True	False	True	True	False	393.0	393.0		0.0	0.0		2.0	2.0		contiguous	contiguous	absent	posadasii	fragment only		True	1.244	33.15	72953	False
GT-161	2.0	2.0	0.0	2.0	2.0	0.0	0.655	0.655	0.0	0.591	0.591	0.0	0.87	0.872	0.0	False	False	False	False	False	False										gap_in_array	gap_in_array	absent	posadasii	fragment only		True	1.586	45.3	437408	False
GT-162	1.0	1.0	0.0	1.0	1.0	0.0	1.0	1.0	0.0	1.0	1.0	0.0	1.0	1.0	0.0	True	True	False	True	True	False	589.0	589.0		0.0	0.0		3.0	3.0		contiguous	contiguous	absent	posadasii	full-length	3.0	True	1.208	52.73	74609	False
GT-163	1.0	1.0	0.0	1.0	1.0	0.0	1.0	1.0	0.0	1.0	1.0	0.0	1.0	1.0	0.0	True	True	False	True	True	False	694.0	694.0		100.0	100.0					gap_in_array	gap_in_array	absent	immitis	fragment only		True	0.935	13.35	70105	False
GT-164	2.0	2.0	0.0	2.0	2.0	0.0	0.895	0.895	0.0	0.786	0.786	0.0	1.0	1.0	0.0	False	False	False	False	False	False										gap_in_array	gap_in_array	absent	posadasii	fragment only		True	1.245	32.19	73895	False
GT-165	1.0	1.0	0.0	1.0	1.0	0.0	1.0	1.0	0.0	1.0	1.0	0.0	1.0	1.0	0.0	True	True	False	True	True	False	469.0	469.0		100.0	100.0					gap_in_array	gap_in_array	absent	posadasii	fragment only		True	1.255	69.56	113228	False
GT-166	1.0	1.0	0.0	1.0	1.0	0.0	1.0	1.0	0.0	1.0	1.0	0.0	0.902	0.902	0.0	True	True	False	True	True	False	338.0	338.0		96.0	96.0					gap_in_array	gap_in_array	absent	posadasii	no SOWgp gene model		False	1.365	67.36	90617	False
GT-167	1.0	1.0	0.0	1.0	1.0	0.0	1.0	1.0	0.0	1.0	1.0	0.0	1.0	1.0	0.0	True	True	False	True	True	False	945.0	945.0		100.0	100.0					gap_in_array	gap_in_array	absent	immitis	full-length	4.0	True	1.375	77.43	68108	False
GT-168	2.0	2.0	0.0	2.0	2.0	0.0	0.828	0.828	0.0	0.65	0.65	0.0	1.0	1.0	0.0	False	False	False	False	False	False										gap_in_array	gap_in_array	absent	posadasii	fragment only		True	1.212	61.38	488419	False
GT-169	1.0	1.0	0.0	1.0	1.0	0.0	1.0	1.0	0.0	1.0	1.0	0.0	0.612	0.612	0.0	True	True	False	True	True	False	285.0	285.0		93.0	93.0					gap_in_array	gap_in_array	absent	immitis	no SOWgp gene model		False	1.086	37.77	67559	False
GT-171	1.0	1.0	0.0	1.0	1.0	0.0	1.0	1.0	0.0	1.0	1.0	0.0	1.0	1.0	0.0	True	True	False	True	True	False	750.0	750.0		97.0	97.0					gap_in_array	gap_in_array	absent	posadasii	fragment only		True	1.296	92.11	317886	False
Guerrero_1	1.0	1.0	0.0	1.0	1.0	0.0	1.0	1.0	0.0	1.0	1.0	0.0	1.0	1.0	0.0	True	True	False	True	True	False	554.0	554.0		98.0	98.0					gap_in_array	gap_in_array	absent	immitis	fragment only		True	1.249	31.35	95228	False
IL1	2.0	2.0	0.0	2.0	2.0	0.0	0.636	0.636	0.0	0.26	0.26	0.0	0.85	0.85	0.0	False	False	False	False	False	False										gap_in_array	gap_in_array	absent	posadasii	fragment only		False	1.385	29.87	74569	False
J_TORRES	1.0	1.0	0.0	1.0	1.0	0.0	1.0	1.0	0.0	1.0	1.0	0.0	0.861	0.861	0.0	True	True	False	True	True	False	318.0	318.0		98.0	98.0					gap_in_array	gap_in_array	absent	posadasii	fragment only		False	0.956	81.97	430682	False
KJH004	1.0	1.0	0.0	1.0	1.0	0.0	1.0	1.0	0.0	1.0	1.0	0.0	1.0	1.0	0.0	True	True	False	True	True	False	983.0	983.0		0.0	0.0		5.0	5.0		contiguous	contiguous	absent	posadasii	full-length	4.0	True	1.154	22.21	131618	False
M153		0.0	0.0		0.0	0.0		0.0	0.0		0.0	0.0		0.0	0.0		False	False		False	False											absent	absent		not in tree		False	0.615	10.46	68098	False
M158	1.0	1.0	0.0	1.0	1.0	0.0	1.0	1.0	0.0	1.0	1.0	0.0	1.0	1.0	0.0	True	True	False	True	True	False	393.0	393.0		0.0	0.0		2.0	2.0		contiguous	contiguous	absent	posadasii	fragment only		True	0.85	55.9	111484	False
M191	1.0	1.0	0.0	1.0	1.0	0.0	1.0	1.0	0.0	1.0	1.0	0.0	1.0	1.0	0.0	True	True	False	True	True	False	393.0	393.0		0.0	0.0		2.0	2.0		contiguous	contiguous	absent	posadasii	fragment only		True	0.918	59.43	228867	False
M192	1.0	1.0	0.0	1.0	1.0	0.0	1.0	1.0	0.0	1.0	1.0	0.0	1.0	1.0	0.0	True	True	False	True	True	False	393.0	393.0		0.0	0.0		2.0	2.0		contiguous	contiguous	absent		not in tree		True	1.093	58.0	122737	False
M195	1.0	1.0	0.0	1.0	1.0	0.0	1.0	1.0	0.0	1.0	1.0	0.0	1.0	1.0	0.0	True	True	False	True	True	False	393.0	393.0		0.0	0.0		2.0	2.0		contiguous	contiguous	absent	posadasii	fragment only		True	0.936	69.8	118295	False
M196	1.0	1.0	0.0	1.0	1.0	0.0	1.0	1.0	0.0	1.0	1.0	0.0	1.0	1.0	0.0	True	True	False	True	True	False	785.0	785.0		0.0	0.0		4.0	4.0		contiguous	contiguous	absent	posadasii	full-length	4.0	True	1.032	79.65	413145	False
M197	1.0	1.0	0.0	1.0	1.0	0.0	1.0	1.0	0.0	1.0	1.0	0.0	0.985	0.985	0.0	True	True	False	True	True	False	219.0	219.0		0.0	0.0		1.0	1.0		contiguous	contiguous	absent	posadasii	fragment only		True	1.068	51.86	74793	False
M198	1.0	1.0	0.0	1.0	1.0	0.0	1.0	1.0	0.0	1.0	1.0	0.0	1.0	1.0	0.0	True	True	False	True	True	False	393.0	393.0		0.0	0.0		2.0	2.0		contiguous	contiguous	absent	posadasii	fragment only		True	0.963	58.2	80584	False
M199	1.0	1.0	0.0	1.0	1.0	0.0	1.0	1.0	0.0	1.0	1.0	0.0	1.0	1.0	0.0	True	True	False	True	True	False	390.0	390.0		0.0	0.0		2.0	2.0		contiguous	contiguous	absent	posadasii	fragment only		True	1.075	69.52	760066	False
M1_5	1.0	3.0	0.0	1.0	2.0	0.0	1.0	0.915	0.0	1.0	0.827	0.0	1.0	1.0	0.0	True	False	False	True	False	False	750.0			100.0						gap_in_array	gap_in_array	absent	posadasii	fragment only		True	1.362	36.6	117066	False
M200	1.0	1.0	0.0	1.0	1.0	0.0	1.0	1.0	0.0	1.0	1.0	0.0	1.0	1.0	0.0	True	True	False	True	True	False	393.0	393.0		0.0	0.0		2.0	2.0		contiguous	contiguous	absent	posadasii	fragment only		True	1.114	48.5	278686	False
M201	1.0	1.0	0.0	1.0	1.0	0.0	1.0	1.0	0.0	1.0	1.0	0.0	1.0	1.0	0.0	True	True	False	True	True	False	783.0	783.0		0.0	0.0		4.0	4.0		contiguous	contiguous	absent	posadasii	full-length	4.0	True	1.033	265.34	803700	False
M204	1.0	1.0	0.0	1.0	1.0	0.0	1.0	1.0	0.0	1.0	1.0	0.0	1.0	1.0	0.0	True	True	False	True	True	False	588.0	588.0		0.0	0.0		3.0	3.0		contiguous	contiguous	absent	immitis	full-length	3.0	True	1.046	59.22	360834	False
M205	1.0	1.0	0.0	1.0	1.0	0.0	1.0	1.0	0.0	1.0	1.0	0.0	1.0	1.0	0.0	True	True	False	True	True	False	589.0	589.0		0.0	0.0		3.0	3.0		contiguous	contiguous	absent	posadasii	full-length	3.0	True	1.021	38.27	148473	False
M206	1.0	1.0	0.0	1.0	1.0	0.0	1.0	1.0	0.0	1.0	1.0	0.0	1.0	1.0	0.0	True	True	False	True	True	False	392.0	392.0		0.0	0.0		2.0	2.0		contiguous	contiguous	absent	posadasii	fragment only		True	1.015	40.27	122010	False
M207	1.0	1.0	0.0	1.0	1.0	0.0	1.0	1.0	0.0	1.0	1.0	0.0	1.0	1.0	0.0	True	True	False	True	True	False	749.0	749.0		97.0	97.0					gap_in_array	gap_in_array	absent	posadasii	full-length	3.0	True	1.317	48.44	348717	False
M208	1.0	1.0	0.0	1.0	1.0	0.0	1.0	1.0	0.0	1.0	1.0	0.0	1.0	1.0	0.0	True	True	False	True	True	False	403.0	403.0		0.0	0.0		2.0	2.0		contiguous	contiguous	absent	posadasii	fragment only		True	0.989	44.6	111307	False
M211	1.0	1.0	0.0	1.0	1.0	0.0	1.0	1.0	0.0	1.0	1.0	0.0	1.0	1.0	0.0	True	True	False	True	True	False	392.0	392.0		0.0	0.0		2.0	2.0		contiguous	contiguous	absent	posadasii	fragment only		True	1.121	52.25	373904	False
M213	1.0	1.0	0.0	1.0	1.0	0.0	1.0	1.0	0.0	1.0	1.0	0.0	1.0	1.0	0.0	True	True	False	True	True	False	588.0	588.0		0.0	0.0		3.0	3.0		contiguous	contiguous	absent	posadasii	full-length	3.0	True	1.282	54.09	156864	False
M214	1.0	1.0	0.0	1.0	1.0	0.0	1.0	1.0	0.0	1.0	1.0	0.0	1.0	1.0	0.0	True	True	False	True	True	False	587.0	587.0		0.0	0.0		3.0	3.0		contiguous	contiguous	absent	posadasii	full-length	3.0	True	0.956	272.25	73970	False
M215	3.0	2.0	0.0	1.0	2.0	0.0	1.0	1.0	0.0	1.0	1.0	0.0	1.0	1.0	0.0	True	True	False	True	True	False	587.0	587.0		0.0	0.0		3.0	3.0		contiguous	contiguous	absent	posadasii	fragment only		True	1.088	175.12	658391	False
M216	1.0	1.0	0.0	1.0	1.0	0.0	1.0	1.0	0.0	1.0	1.0	0.0	1.0	1.0	0.0	True	True	False	True	True	False	589.0	589.0		0.0	0.0		3.0	3.0		contiguous	contiguous	absent		not in tree		True	0.899	81.11	114753	False
M219	1.0	1.0	0.0	1.0	1.0	0.0	1.0	1.0	0.0	1.0	1.0	0.0	1.0	1.0	0.0	True	True	False	True	True	False	392.0	392.0		0.0	0.0		2.0	2.0		contiguous	contiguous	absent	posadasii	fragment only		True	1.01	49.72	163833	False
M220	1.0	1.0	0.0	1.0	1.0	0.0	1.0	1.0	0.0	1.0	1.0	0.0	1.0	1.0	0.0	True	True	False	True	True	False	589.0	589.0		0.0	0.0		3.0	3.0		contiguous	contiguous	absent	posadasii	full-length	3.0	True	1.213	64.76	140128	False
M221	1.0	1.0	0.0	1.0	1.0	0.0	1.0	1.0	0.0	1.0	1.0	0.0	1.0	1.0	0.0	True	True	False	True	True	False	783.0	783.0		0.0	0.0		4.0	4.0		contiguous	contiguous	absent	posadasii	full-length	4.0	True	1.106	179.0	1073058	False
M222	1.0	1.0	0.0	1.0	1.0	0.0	1.0	1.0	0.0	1.0	1.0	0.0	1.0	1.0	0.0	True	True	False	True	True	False	393.0	393.0		0.0	0.0		2.0	2.0		contiguous	contiguous	absent	posadasii	fragment only		True	0.876	152.22	256548	False
M223	1.0	1.0	0.0	1.0	1.0	0.0	1.0	1.0	0.0	1.0	1.0	0.0	1.0	1.0	0.0	True	True	False	True	True	False	600.0	600.0		0.0	0.0		3.0	3.0		contiguous	contiguous	absent	posadasii	full-length	3.0	True	1.04	44.47	275208	False
MJS	1.0	1.0	0.0	1.0	1.0	0.0	1.0	1.0	0.0	1.0	1.0	0.0	1.0	1.0	0.0	True	True	False	True	True	False	980.0	980.0		0.0	0.0		5.0	5.0		contiguous	contiguous	absent	posadasii	full-length	5.0	True	1.193	82.15	247009	False
Michoacan_1	1.0	1.0	0.0	1.0	1.0	0.0	1.0	1.0	0.0	1.0	1.0	0.0	1.0	1.0	0.0	True	True	False	True	True	False	393.0	393.0		0.0	0.0		2.0	2.0		contiguous	contiguous	absent	posadasii	fragment only		True	1.03	59.01	171424	False
Michoacan_2	1.0	2.0	0.0	1.0	2.0	0.0	1.0	0.868	0.0	1.0	0.731	0.0	1.0	1.0	0.0	True	False	False	True	False	False	674.0			100.0						gap_in_array	gap_in_array	absent	immitis	no SOWgp gene model		False	1.109	19.81	68159	False
NACVFR_2566	1.0	1.0	0.0	1.0	1.0	0.0	1.0	1.0	0.0	1.0	1.0	0.0	0.859	0.859	0.0	True	True	False	True	True	False	318.0	318.0		97.0	97.0					gap_in_array	gap_in_array	absent	posadasii	no SOWgp gene model		False	1.007	17.86	94115	False
NACVFR_4542	1.0	1.0	0.0	1.0	1.0	0.0	1.0	1.0	0.0	1.0	1.0	0.0	1.0	1.0	0.0	True	True	False	True	True	False	393.0	393.0		0.0	0.0		2.0	2.0		contiguous	contiguous	absent	posadasii	fragment only		True	1.052	41.14	172893	False
NM_0071	1.0	1.0	0.0	1.0	1.0	0.0	1.0	1.0	0.0	1.0	1.0	0.0	1.0	1.0	0.0	True	True	False	True	True	False	783.0	783.0		0.0	0.0		4.0	4.0		contiguous	contiguous	absent		not in tree		True	1.111	51.59	193871	False
NM_0317		0.0	0.0		0.0	0.0		0.0	0.0		0.0	0.0		0.0	0.0		False	False		False	False											absent	absent		not in tree		False	0.209	20.84	73928	False
NM_0369	1.0	1.0	0.0	1.0	1.0	0.0	1.0	1.0	0.0	1.0	1.0	0.0	0.985	0.985	0.0	True	True	False	True	True	False	219.0	219.0		0.0	0.0		1.0	1.0		contiguous	contiguous	absent	posadasii	fragment only		True	1.038	41.81	93749	False
NM_3006	1.0	1.0	0.0	1.0	1.0	0.0	1.0	1.0	0.0	1.0	1.0	0.0	1.0	1.0	0.0	True	True	False	True	True	False	393.0	393.0		0.0	0.0		2.0	2.0		contiguous	contiguous	absent	posadasii	fragment only		True	1.223	58.04	101742	False
NM_3957		0.0	0.0		0.0	0.0		0.0	0.0		0.0	0.0		0.0	0.0		False	False		False	False											absent	absent		not in tree		False	0.211	15.33	73781	False
NM_4233	1.0	1.0	0.0	1.0	1.0	0.0	1.0	1.0	0.0	1.0	1.0	0.0	1.0	1.0	0.0	True	True	False	True	True	False	589.0	589.0		0.0	0.0		3.0	3.0		contiguous	contiguous	absent	posadasii	full-length	3.0	True	1.189	48.09	781982	False
NM_459	1.0	1.0	0.0	1.0	1.0	0.0	1.0	1.0	0.0	1.0	1.0	0.0	1.0	1.0	0.0	True	True	False	True	True	False	393.0	393.0		0.0	0.0		2.0	2.0		contiguous	contiguous	absent	posadasii	fragment only		True	0.275	64.24	389217	False
NM_4708	1.0	1.0	0.0	1.0	1.0	0.0	1.0	1.0	0.0	1.0	1.0	0.0	1.0	1.0	0.0	True	True	False	True	True	False	783.0	783.0		0.0	0.0		4.0	4.0		contiguous	contiguous	absent	posadasii	full-length	3.0	True	1.014	63.01	409164	False
NM_5945	1.0	1.0	0.0	1.0	1.0	0.0	1.0	1.0	0.0	1.0	1.0	0.0	1.0	1.0	0.0	True	True	False	True	True	False	589.0	589.0		0.0	0.0		3.0	3.0		contiguous	contiguous	absent	posadasii	full-length	3.0	True	1.104	49.14	238160	False
NM_9837	1.0	1.0	0.0	1.0	1.0	0.0	1.0	1.0	0.0	1.0	1.0	0.0	1.0	1.0	0.0	True	True	False	True	True	False	619.0	619.0		100.0	100.0					gap_in_array	gap_in_array	absent	posadasii	fragment only		True	0.902	44.27	94119	False
NM_9861	0.0	0.0	0.0	0.0	0.0	0.0	0.0	0.0	0.0	0.0	0.0	0.0	0.0	0.0	0.0	False	False	False	False	False	False										absent	absent	absent		not in tree		False	0.127	48.18	77974	False
Nuevo_Leon_1	1.0	1.0	0.0	1.0	1.0	0.0	1.0	1.0	0.0	1.0	1.0	0.0	1.0	1.0	0.0	True	True	False	True	True	False	393.0	393.0		0.0	0.0		2.0	2.0		contiguous	contiguous	absent	posadasii	fragment only		True	1.069	44.2	81619	False
Nuevo_Leon_2	1.0	1.0	0.0	1.0	1.0	0.0	1.0	1.0	0.0	1.0	1.0	0.0	1.0	1.0	0.0	True	True	False	True	True	False	393.0	393.0		0.0	0.0		2.0	2.0		contiguous	contiguous	absent	posadasii	fragment only		True	1.048	64.35	95265	False
Phoenix_1	1.0	1.0	0.0	1.0	1.0	0.0	1.0	1.0	0.0	1.0	1.0	0.0	1.0	1.0	0.0	True	True	False	True	True	False	570.0	570.0		99.0	99.0					gap_in_array	gap_in_array	absent	posadasii	fragment only		True	0.981	34.5	111457	False
Phoenix_2	1.0	1.0	0.0	1.0	1.0	0.0	1.0	1.0	0.0	1.0	1.0	0.0	1.0	1.0	0.0	True	True	False	True	True	False	716.0	716.0		96.0	96.0					gap_in_array	gap_in_array	absent	posadasii	fragment only		True	1.199	74.57	116127	False
Phoenix_3	1.0	1.0	0.0	1.0	1.0	0.0	1.0	1.0	0.0	1.0	1.0	0.0	1.0	1.0	0.0	True	True	False	True	True	False	962.0	962.0		98.0	98.0					gap_in_array	gap_in_array	absent	posadasii	full-length	4.0	True	1.086	65.24	97446	False
Phoenix_4	1.0	1.0	0.0	1.0	1.0	0.0	1.0	1.0	0.0	1.0	1.0	0.0	0.85	0.85	0.0	True	True	False	True	True	False	316.0	316.0		100.0	100.0					gap_in_array	gap_in_array	absent	posadasii	no SOWgp gene model		False	0.966	41.6	366645	False
Phoenix_5	1.0	1.0	0.0	1.0	1.0	0.0	1.0	1.0	0.0	1.0	1.0	0.0	1.0	1.0	0.0	True	True	False	True	True	False	513.0	513.0		95.0	95.0					gap_in_array	gap_in_array	absent	posadasii	no SOWgp gene model		False	1.175	58.32	75230	False
Phoenix_6	1.0	1.0	0.0	1.0	1.0	0.0	1.0	1.0	0.0	1.0	1.0	0.0	1.0	1.0	0.0	True	True	False	True	True	False	717.0	717.0		97.0	97.0					gap_in_array	gap_in_array	absent	posadasii	fragment only		True	1.21	33.29	73844	False
Phoenix_7	1.0	1.0	0.0	1.0	1.0	0.0	1.0	1.0	0.0	1.0	1.0	0.0	0.985	0.985	0.0	True	True	False	True	True	False	357.0	357.0		96.0	96.0					gap_in_array	gap_in_array	absent	posadasii	fragment only		True	1.075	43.98	120387	False
Phoenix_8	1.0	2.0	0.0	1.0	2.0	0.0	1.0	0.946	0.0	1.0	0.89	0.0	1.0	1.0	0.0	True	False	False	True	False	False	800.0			100.0						gap_in_array	gap_in_array	absent	posadasii	fragment only		True	1.216	35.63	152945	False
Phoenix_9	1.0	1.0	0.0	1.0	1.0	0.0	1.0	1.0	0.0	1.0	1.0	0.0	1.0	1.0	0.0	True	True	False	True	True	False	554.0	554.0		98.0	98.0					gap_in_array	gap_in_array	absent	posadasii	fragment only		True	1.227	44.06	413221	False
RS	1.0	1.0	0.0	1.0	1.0	0.0	1.0	1.0	0.0	1.0	1.0	0.0	1.0	1.0	0.0	True	True	False	True	True	False	391.0	391.0		0.0	0.0		2.0	2.0		contiguous	contiguous	absent	immitis	fragment only		True	0.964	44.46	178732	False
SA12	1.0	1.0	0.0	1.0	1.0	0.0	1.0	1.0	0.0	1.0	1.0	0.0	1.0	1.0	0.0	True	True	False	True	True	False	726.0	726.0		99.0	99.0					gap_in_array	gap_in_array	absent	posadasii	fragment only		True	1.073	33.2	87247	False
SA14	2.0	2.0	0.0	2.0	2.0	0.0	1.0	1.0	0.0	1.0	1.0	0.0	1.0	1.0	0.0	True	True	False	True	True	False	318.0	318.0		95.0	95.0					gap_in_array	gap_in_array	absent	posadasii	fragment only		True	1.118	71.61	156072	False
SA2	3.0	3.0	0.0	2.0	2.0	0.0	1.0	1.0	0.0	1.0	1.0	0.0	1.0	1.0	0.0	True	True	False	True	True	False	318.0	318.0		93.0	93.0					gap_in_array	gap_in_array	absent	posadasii	fragment only		True	1.221	72.53	162825	False
SD7	1.0	2.0	0.0	1.0	2.0	0.0	1.0	0.415	0.0	1.0	0.117	0.0	0.415	0.415	0.0	True	False	False	True	False	False	192.0			100.0						gap_in_array	gap_in_array	absent	immitis	no SOWgp gene model		False	1.211	8.02	68039	False
SD8	1.0	1.0	0.0	1.0	1.0	0.0	0.171	0.171	0.0	0.0	0.0	0.0	0.171	0.171	0.0	False	False	False	False	False	False										gap_in_array	gap_in_array	absent		not in tree		False	0.746	6.1	69433	False
SDVA1	1.0	1.0	0.0	1.0	1.0	0.0	1.0	1.0	0.0	1.0	1.0	0.0	1.0	1.0	0.0	True	True	False	True	True	False	588.0	588.0		0.0	0.0		3.0	3.0		contiguous	contiguous	absent	immitis	full-length	3.0	True	1.008	91.35	170617	False
SDVA10	1.0	1.0	0.0	1.0	1.0	0.0	1.0	1.0	0.0	1.0	1.0	0.0	1.0	1.0	0.0	True	True	False	True	True	False	393.0	393.0		0.0	0.0		2.0	2.0		contiguous	contiguous	absent	posadasii	fragment only		True	1.018	58.15	159512	False
SDVA14	1.0	1.0	0.0	1.0	1.0	0.0	1.0	1.0	0.0	1.0	1.0	0.0	1.0	1.0	0.0	True	True	False	True	True	False	786.0	786.0		0.0	0.0		4.0	4.0		contiguous	contiguous	absent	posadasii	full-length	4.0	True	1.138	66.78	170597	False
SDVA15	1.0	1.0	0.0	1.0	1.0	0.0	1.0	1.0	0.0	1.0	1.0	0.0	1.0	1.0	0.0	True	True	False	True	True	False	785.0	785.0		0.0	0.0		4.0	4.0		contiguous	contiguous	absent	immitis	full-length	4.0	True	0.967	77.13	183692	False
SDVA16	1.0	1.0	0.0	1.0	1.0	0.0	1.0	1.0	0.0	1.0	1.0	0.0	1.0	1.0	0.0	True	True	False	True	True	False	590.0	590.0		0.0	0.0		3.0	3.0		contiguous	contiguous	absent	posadasii	full-length	3.0	True	0.898	78.84	74701	False
SDVA17	1.0	1.0	0.0	1.0	1.0	0.0	1.0	1.0	0.0	1.0	1.0	0.0	1.0	1.0	0.0	True	True	False	True	True	False	588.0	588.0		0.0	0.0		3.0	3.0		contiguous	contiguous	absent	immitis	full-length	3.0	True	0.91	147.68	430462	False
SDVA2	1.0	1.0	0.0	1.0	1.0	0.0	1.0	1.0	0.0	1.0	1.0	0.0	1.0	1.0	0.0	True	True	False	True	True	False	588.0	588.0		0.0	0.0		3.0	3.0		contiguous	contiguous	absent	immitis	full-length	3.0	True	0.957	105.85	275937	False
SDVA20	1.0	1.0	0.0	1.0	1.0	0.0	1.0	1.0	0.0	1.0	1.0	0.0	1.0	1.0	0.0	True	True	False	True	True	False	786.0	786.0		0.0	0.0		4.0	4.0		contiguous	contiguous	absent	posadasii	full-length	4.0	True	0.878	77.94	74111	False
SDVA25	1.0	1.0	0.0	1.0	1.0	0.0	1.0	1.0	0.0	1.0	1.0	0.0	1.0	1.0	0.0	True	True	False	True	True	False	786.0	786.0		0.0	0.0		4.0	4.0		contiguous	contiguous	absent	posadasii	fragment only		True	1.182	94.25	74864	False
SDVA26	1.0	1.0	0.0	1.0	1.0	0.0	1.0	1.0	0.0	1.0	1.0	0.0	1.0	1.0	0.0	True	True	False	True	True	False	393.0	393.0		0.0	0.0		2.0	2.0		contiguous	contiguous	absent	posadasii	fragment only		True	0.763	93.57	158289	False
SDVA27	1.0	1.0	0.0	1.0	1.0	0.0	1.0	1.0	0.0	1.0	1.0	0.0	1.0	1.0	0.0	True	True	False	True	True	False	403.0	403.0		0.0	0.0		2.0	2.0		contiguous	contiguous	absent	posadasii	fragment only		True	0.968	48.36	137580	False
SDVA3	1.0	1.0	0.0	1.0	1.0	0.0	1.0	1.0	0.0	1.0	1.0	0.0	1.0	1.0	0.0	True	True	False	True	True	False	982.0	982.0		0.0	0.0		5.0	5.0		contiguous	contiguous	absent	immitis	full-length	5.0	True	1.014	92.5	453808	False
SDVA36	1.0	1.0	0.0	1.0	1.0	0.0	1.0	1.0	0.0	1.0	1.0	0.0	1.0	1.0	0.0	True	True	False	True	True	False	588.0	588.0		0.0	0.0		3.0	3.0		contiguous	contiguous	absent	immitis	full-length	3.0	True	0.902	62.1	489578	False
SDVA38	1.0	1.0	0.0	1.0	1.0	0.0	1.0	1.0	0.0	1.0	1.0	0.0	1.0	1.0	0.0	True	True	False	True	True	False	588.0	588.0		0.0	0.0		3.0	3.0		contiguous	contiguous	absent	immitis	full-length	3.0	True	1.017	192.62	1221066	False
SDVA39	1.0	1.0	0.0	1.0	1.0	0.0	1.0	1.0	0.0	1.0	1.0	0.0	1.0	1.0	0.0	True	True	False	True	True	False	588.0	588.0		0.0	0.0		3.0	3.0		contiguous	contiguous	absent	immitis	full-length	3.0	True	0.926	124.44	169487	False
SDVA4	1.0	1.0	0.0	1.0	1.0	0.0	1.0	1.0	0.0	1.0	1.0	0.0	1.0	1.0	0.0	True	True	False	True	True	False	588.0	588.0		0.0	0.0		3.0	3.0		contiguous	contiguous	absent	immitis	full-length	3.0	True	0.91	97.84	179169	False
SDVA41	1.0	2.0	0.0	1.0	2.0	0.0	1.0	0.617	0.0	1.0	0.515	0.0	0.872	0.872	0.0	True	False	False	True	False	False	514.0			100.0						gap_in_array	gap_in_array	absent	immitis	fragment only		True	1.156	35.18	68221	False
SDVA42	1.0	1.0	0.0	1.0	1.0	0.0	1.0	1.0	0.0	1.0	1.0	0.0	1.0	1.0	0.0	True	True	False	True	True	False	786.0	786.0		0.0	0.0		4.0	4.0		contiguous	contiguous	absent	posadasii	full-length	4.0	True	1.001	59.07	73741	False
SDVA44	1.0	1.0	0.0	1.0	1.0	0.0	1.0	1.0	0.0	1.0	1.0	0.0	1.0	1.0	0.0	True	True	False	True	True	False	588.0	588.0		0.0	0.0		3.0	3.0		contiguous	contiguous	absent	immitis	full-length	3.0	True	0.658	29.05	179760	False
SDVA45	1.0	1.0	0.0	1.0	1.0	0.0	1.0	1.0	0.0	1.0	1.0	0.0	1.0	1.0	0.0	True	True	False	True	True	False	786.0	786.0		0.0	0.0		4.0	4.0		contiguous	contiguous	absent	posadasii	full-length	4.0	True	0.857	59.31	151577	False
SDVA47	1.0	1.0	0.0	1.0	1.0	0.0	1.0	1.0	0.0	1.0	1.0	0.0	1.0	1.0	0.0	True	True	False	True	True	False	980.0	980.0		0.0	0.0		5.0	5.0		contiguous	contiguous	absent	posadasii	full-length	5.0	True	1.023	49.36	182622	False
SDVA48	1.0	1.0	0.0	1.0	1.0	0.0	1.0	1.0	0.0	1.0	1.0	0.0	1.0	1.0	0.0	True	True	False	True	True	False	785.0	785.0		0.0	0.0		4.0	4.0		contiguous	contiguous	absent	immitis	full-length	4.0	True	0.881	52.93	68220	False
SDVA5	1.0	1.0	0.0	1.0	1.0	0.0	1.0	1.0	0.0	1.0	1.0	0.0	1.0	1.0	0.0	True	True	False	True	True	False	588.0	588.0		0.0	0.0		3.0	3.0		contiguous	contiguous	absent	immitis	full-length	3.0	True	0.866	122.57	329810	False
SDVA6	1.0	1.0	0.0	1.0	1.0	0.0	1.0	1.0	0.0	1.0	1.0	0.0	1.0	1.0	0.0	True	True	False	True	True	False	588.0	588.0		0.0	0.0		3.0	3.0		contiguous	contiguous	absent	immitis	full-length	3.0	True	0.864	74.23	558175	False
SDVA7	1.0	1.0	0.0	1.0	1.0	0.0	1.0	1.0	0.0	1.0	1.0	0.0	1.0	1.0	0.0	True	True	False	True	True	False	786.0	786.0		0.0	0.0		4.0	4.0		contiguous	contiguous	absent	posadasii	fragment only		True	1.051	72.5	140618	False
SDVA8	1.0	1.0	0.0	1.0	1.0	0.0	1.0	1.0	0.0	1.0	1.0	0.0	1.0	1.0	0.0	True	True	False	True	True	False	817.0	817.0		98.0	98.0					gap_in_array	gap_in_array	absent	posadasii	full-length	3.0	True	0.964	59.85	117892	False
SJV_1	1.0	1.0	0.0	1.0	1.0	0.0	1.0	1.0	0.0	1.0	1.0	0.0	1.0	1.0	0.0	True	True	False	True	True	False	672.0	672.0		100.0	100.0					gap_in_array	gap_in_array	absent	immitis	fragment only		True	1.365	22.47	138750	False
SJV_10	1.0	1.0	0.0	1.0	1.0	0.0	1.0	1.0	0.0	1.0	1.0	0.0	1.0	1.0	0.0	True	True	False	True	True	False	588.0	588.0		0.0	0.0		3.0	3.0		contiguous	contiguous	absent	immitis	full-length	3.0	True	1.008	50.3	246341	False
SJV_11	1.0	1.0	0.0	1.0	1.0	0.0	1.0	1.0	0.0	1.0	1.0	0.0	1.0	1.0	0.0	True	True	False	True	True	False	672.0	672.0		99.0	99.0					gap_in_array	gap_in_array	absent	immitis	fragment only		True	0.973	34.21	68425	False
SJV_2	1.0	1.0	0.0	1.0	1.0	0.0	1.0	1.0	0.0	1.0	1.0	0.0	1.0	1.0	0.0	True	True	False	True	True	False	672.0	672.0		97.0	97.0					gap_in_array	gap_in_array	absent	immitis	fragment only		True	1.058	63.99	78859	False
SJV_3	1.0	2.0	0.0	1.0	2.0	0.0	1.0	0.335	0.0	1.0	0.112	0.0	0.335	0.335	0.0	True	False	False	True	False	False	190.0			100.0						gap_in_array	gap_in_array	absent	immitis	no SOWgp gene model		False	1.386	20.11	68102	False
SJV_4	1.0	1.0	0.0	1.0	1.0	0.0	1.0	1.0	0.0	1.0	1.0	0.0	1.0	1.0	0.0	True	True	False	True	True	False	982.0	982.0		0.0	0.0		5.0	5.0		contiguous	contiguous	absent	immitis	full-length	5.0	True	0.981	75.3	68419	False
SJV_5	1.0	1.0	0.0	1.0	1.0	0.0	1.0	1.0	0.0	1.0	1.0	0.0	1.0	1.0	0.0	True	True	False	True	True	False	588.0	588.0		0.0	0.0		3.0	3.0		contiguous	contiguous	absent	immitis	full-length	3.0	True	1.13	52.67	81486	False
SJV_6	1.0	1.0	0.0	1.0	1.0	0.0	1.0	1.0	0.0	1.0	1.0	0.0	1.0	1.0	0.0	True	True	False	True	True	False	785.0	785.0		0.0	0.0		4.0	4.0		contiguous	contiguous	absent	immitis	full-length	4.0	True	1.094	18.12	70346	False
SJV_7	1.0	2.0	0.0	1.0	2.0	0.0	1.0	0.745	0.0	1.0	0.482	0.0	1.0	1.0	0.0	True	False	False	True	False	False	478.0			100.0						gap_in_array	gap_in_array	absent	immitis	no SOWgp gene model		False	1.194	91.76	69043	False
SJV_8	1.0	1.0	0.0	1.0	1.0	0.0	1.0	1.0	0.0	1.0	1.0	0.0	1.0	1.0	0.0	True	True	False	True	True	False	672.0	672.0		98.0	98.0					gap_in_array	gap_in_array	absent	immitis	no SOWgp gene model		False	1.182	30.48	278434	False
SJV_9	1.0	1.0	0.0	1.0	1.0	0.0	1.0	1.0	0.0	1.0	1.0	0.0	1.0	1.0	0.0	True	True	False	True	True	False	570.0	570.0		100.0	100.0					gap_in_array	gap_in_array	absent	immitis	fragment only		True	0.944	24.26	317950	False
SOIL_407-0_L_OLD_CPA0001	1.0	1.0	0.0	1.0	1.0	0.0	1.0	1.0	0.0	1.0	1.0	0.0	1.0	1.0	0.0	True	True	False	True	True	False	392.0	392.0		0.0	0.0		2.0	2.0		contiguous	contiguous	absent	posadasii	fragment only		True	1.556	30.21	73219	False
SOIL_485B-0_L_OLD_CPA0020	1.0	1.0	0.0	1.0	1.0	0.0	1.0	1.0	0.0	1.0	1.0	0.0	0.865	0.865	0.0	True	True	False	True	True	False	324.0	324.0		97.0	97.0					gap_in_array	gap_in_array	absent	posadasii	no SOWgp gene model		False	1.217	37.72	93050	False
SOIL_573-2_L_NEW_CPA0035	1.0	1.0	0.0	1.0	1.0	0.0	1.0	1.0	0.0	1.0	1.0	0.0	0.85	0.85	0.0	True	True	False	True	True	False	316.0	316.0		98.0	98.0					gap_in_array	gap_in_array	absent	posadasii	no SOWgp gene model		False	1.376	41.2	74142	False
SOIL_574-2_L_NEW_CPA0042	1.0	1.0	0.0	1.0	1.0	0.0	1.0	1.0	0.0	1.0	1.0	0.0	1.0	1.0	0.0	True	True	False	True	True	False	484.0	484.0		96.0	96.0					gap_in_array	gap_in_array	absent	posadasii	fragment only		True	1.251	58.37	253961	False
SOIL_574-4_S_NEW_CPA0047		0.0	0.0		0.0	0.0		0.0	0.0		0.0	0.0		0.0	0.0		False	False		False	False											absent	absent		not in tree		False	1.363	32.8	74091	False
SOIL_578-1_A_NEW_CPA0048	2.0	2.0	0.0	2.0	2.0	0.0	0.765	0.765	0.0	0.521	0.521	0.0	1.0	1.0	0.0	False	False	False	False	False	False										gap_in_array	gap_in_array	absent	posadasii	no SOWgp gene model		False	1.398	47.73	74162	False
SOIL_580-1_L_NEW_CPA0055	1.0	1.0	0.0	1.0	1.0	0.0	1.0	1.0	0.0	1.0	1.0	0.0	1.0	1.0	0.0	True	True	False	True	True	False	392.0	392.0		0.0	0.0		2.0	2.0		contiguous	contiguous	absent	posadasii	fragment only		True	1.17	21.24	72452	False
SOIL_580-2_L_NEW_CPA0060	1.0	2.0	0.0	1.0	2.0	0.0	1.0	0.925	0.0	1.0	0.847	0.0	1.0	1.0	0.0	True	False	False	True	False	False	765.0			100.0						gap_in_array	gap_in_array	absent	posadasii	no SOWgp gene model		False	1.415	49.58	73858	False
SOIL_580-4_L_NEW_CPA0062	2.0	2.0	0.0	2.0	2.0	0.0	0.766	0.766	0.0	0.524	0.524	0.0	1.0	1.0	0.0	False	False	False	False	False	False										gap_in_array	gap_in_array	absent	posadasii	fragment only		True	1.338	72.82	303690	False
SOIL_582-1_S_NEW_CPA0065	1.0	2.0	0.0	1.0	2.0	0.0	1.0	0.529	0.0	1.0	0.389	0.0	0.844	0.844	0.0	True	False	False	True	False	False	403.0			100.0						gap_in_array	gap_in_array	absent	posadasii	fragment only		True	1.304	14.09	67541	False
SOIL_604-1_L_OLD_CPA066	1.0	2.0	0.0	1.0	2.0	0.0	1.0	0.79	0.0	1.0	0.572	0.0	1.0	1.0	0.0	True	False	False	True	False	False	547.0			100.0						gap_in_array	gap_in_array	absent	posadasii	fragment only		True	1.382	23.08	68114	False
S_670	1.0	1.0	0.0	1.0	1.0	0.0	1.0	1.0	0.0	1.0	1.0	0.0	1.0	1.0	0.0	True	True	False	True	True	False	602.0	602.0		99.0	99.0					gap_in_array	gap_in_array	absent	posadasii	fragment only		True	1.103	66.98	73884	False
S_671	1.0	1.0	0.0	1.0	1.0	0.0	1.0	1.0	0.0	1.0	1.0	0.0	1.0	1.0	0.0	True	True	False	True	True	False	786.0	786.0		0.0	0.0		4.0	4.0		contiguous	contiguous	absent	posadasii	full-length	4.0	True	1.068	54.85	73930	False
S_672	1.0	1.0	0.0	1.0	1.0	0.0	1.0	1.0	0.0	1.0	1.0	0.0	1.0	1.0	0.0	True	True	False	True	True	False	980.0	980.0		0.0	0.0		5.0	5.0		contiguous	contiguous	absent	posadasii	full-length	5.0	True	1.087	63.34	203126	False
S_673	1.0	1.0	0.0	1.0	1.0	0.0	1.0	1.0	0.0	1.0	1.0	0.0	1.0	1.0	0.0	True	True	False	True	True	False	983.0	983.0		0.0	0.0		5.0	5.0		contiguous	contiguous	absent	posadasii	full-length	4.0	True	1.109	68.02	119007	False
S_674	1.0	1.0	0.0	1.0	1.0	0.0	1.0	1.0	0.0	1.0	1.0	0.0	1.0	1.0	0.0	True	True	False	True	True	False	1019.0	1019.0		96.0	96.0					gap_in_array	gap_in_array	absent	posadasii	fragment only		True	1.206	75.95	73929	False
S_675	1.0	1.0	0.0	1.0	1.0	0.0	1.0	1.0	0.0	1.0	1.0	0.0	1.0	1.0	0.0	True	True	False	True	True	False	1019.0	1019.0		99.0	99.0					gap_in_array	gap_in_array	absent	posadasii	fragment only		True	1.002	44.05	78809	False
S_676	1.0	1.0	0.0	1.0	1.0	0.0	1.0	1.0	0.0	1.0	1.0	0.0	1.0	1.0	0.0	True	True	False	True	True	False	393.0	393.0		0.0	0.0		2.0	2.0		contiguous	contiguous	absent	posadasii	fragment only		True	1.173	54.3	73883	False
S_739	1.0	1.0	0.0	1.0	1.0	0.0	1.0	1.0	0.0	1.0	1.0	0.0	1.0	1.0	0.0	True	True	False	True	True	False	980.0	980.0		0.0	0.0		5.0	5.0		contiguous	contiguous	absent	posadasii	full-length	5.0	True	1.066	76.63	78809	False
S_740	1.0	1.0	0.0	1.0	1.0	0.0	1.0	1.0	0.0	1.0	1.0	0.0	1.0	1.0	0.0	True	True	False	True	True	False	980.0	980.0		0.0	0.0		5.0	5.0		contiguous	contiguous	absent	posadasii	full-length	3.0	True	1.064	89.67	73945	False
S_741	1.0	1.0	0.0	1.0	1.0	0.0	1.0	1.0	0.0	1.0	1.0	0.0	1.0	1.0	0.0	True	True	False	True	True	False	980.0	980.0		0.0	0.0		5.0	5.0		contiguous	contiguous	absent	posadasii	full-length	4.0	True	1.024	61.61	124103	False
S_742	1.0	1.0	0.0	1.0	1.0	0.0	1.0	1.0	0.0	1.0	1.0	0.0	1.0	1.0	0.0	True	True	False	True	True	False	786.0	786.0		0.0	0.0		4.0	4.0		contiguous	contiguous	absent	posadasii	full-length	3.0	True	1.116	93.64	194261	False
San_Antonio_1	1.0	1.0	0.0	1.0	1.0	0.0	1.0	1.0	0.0	1.0	1.0	0.0	1.0	1.0	0.0	True	True	False	True	True	False	730.0	730.0		92.0	92.0					gap_in_array	gap_in_array	absent	posadasii	no SOWgp gene model		False	1.135	70.78	146138	False
San_Diego_1	1.0	1.0	0.0	1.0	1.0	0.0	1.0	1.0	0.0	1.0	1.0	0.0	1.0	1.0	0.0	True	True	False	True	True	False	869.0	869.0		100.0	100.0					gap_in_array	gap_in_array	absent	immitis	full-length	3.0	True	1.022	47.27	82304	False
Sonora_1	3.0	3.0	0.0	2.0	2.0	0.0	1.0	1.0	0.0	1.0	1.0	0.0	1.0	1.0	0.0	True	True	False	True	True	False	318.0	318.0		100.0	100.0					gap_in_array	gap_in_array	absent	posadasii	fragment only		True	1.069	39.53	375599	False
Sonora_2	1.0	2.0	0.0	1.0	2.0	0.0	1.0	0.802	0.0	1.0	0.596	0.0	1.0	1.0	0.0	True	False	False	True	False	False	570.0			100.0						gap_in_array	gap_in_array	absent	posadasii	fragment only		True	1.066	28.67	108263	False
TX1	1.0	1.0	0.0	1.0	1.0	0.0	1.0	1.0	0.0	1.0	1.0	0.0	1.0	1.0	0.0	True	True	False	True	True	False	980.0	980.0		0.0	0.0		5.0	5.0		contiguous	contiguous	absent	posadasii	full-length	5.0	True	1.19	112.49	200316	False
TX11	1.0	1.0	0.0	1.0	1.0	0.0	1.0	1.0	0.0	1.0	1.0	0.0	1.0	1.0	0.0	True	True	False	True	True	False	586.0	586.0		0.0	0.0		3.0	3.0		contiguous	contiguous	absent	posadasii	full-length	3.0	True	1.345	22.59	72173	False
TX12	1.0	1.0	0.0	1.0	1.0	0.0	1.0	1.0	0.0	1.0	1.0	0.0	1.0	1.0	0.0	True	True	False	True	True	False	392.0	392.0		0.0	0.0		2.0	2.0		contiguous	contiguous	absent	posadasii	fragment only		True	1.301	37.88	170100	False
TX13		0.0	0.0		0.0	0.0		0.0	0.0		0.0	0.0		0.0	0.0		False	False		False	False											absent	absent		not in tree		False	0.065	2.76	49881	False
TX14	2.0	2.0	0.0	2.0	2.0	0.0	0.92	0.92	0.0	0.838	0.838	0.0	1.0	1.0	0.0	False	False	False	False	False	False										gap_in_array	gap_in_array	absent	posadasii	full-length	2.0	True	1.261	41.36	96468	False
TX17	1.0	1.0	0.0	1.0	1.0	0.0	1.0	1.0	0.0	1.0	1.0	0.0	1.0	1.0	0.0	True	True	False	True	True	False	589.0	589.0		0.0	0.0		3.0	3.0		contiguous	contiguous	absent	posadasii	full-length	3.0	True	1.216	160.66	374074	False
TX2	1.0	1.0	0.0	1.0	1.0	0.0	1.0	1.0	0.0	1.0	1.0	0.0	1.0	1.0	0.0	True	True	False	True	True	False	570.0	570.0		98.0	98.0					gap_in_array	gap_in_array	absent	posadasii	fragment only		True	1.212	140.45	215323	False
TX3	1.0	1.0	0.0	1.0	1.0	0.0	1.0	1.0	0.0	1.0	1.0	0.0	1.0	1.0	0.0	True	True	False	True	True	False	980.0	980.0		0.0	0.0		5.0	5.0		contiguous	contiguous	absent	posadasii	full-length	5.0	True	1.202	119.76	203676	False
TX4	1.0	2.0	0.0	1.0	2.0	0.0	1.0	0.791	0.0	1.0	0.575	0.0	1.0	1.0	0.0	True	False	False	True	False	False	552.0			100.0						gap_in_array	gap_in_array	absent	posadasii	fragment only		True	1.154	91.79	94067	False
TX5	1.0	1.0	0.0	1.0	1.0	0.0	1.0	1.0	0.0	1.0	1.0	0.0	1.0	1.0	0.0	True	True	False	True	True	False	586.0	586.0		0.0	0.0		3.0	3.0		contiguous	contiguous	absent	posadasii	full-length	3.0	True	1.227	168.5	541406	False
TX6	1.0	2.0	0.0	1.0	2.0	0.0	1.0	0.788	0.0	1.0	0.569	0.0	1.0	1.0	0.0	True	False	False	True	False	False	546.0			100.0						gap_in_array	gap_in_array	absent	posadasii	fragment only		True	1.36	69.25	102446	False
TX7	1.0	1.0	0.0	1.0	1.0	0.0	1.0	1.0	0.0	1.0	1.0	0.0	1.0	1.0	0.0	True	True	False	True	True	False	586.0	586.0		0.0	0.0		3.0	3.0		contiguous	contiguous	absent		not in tree		True	1.32	26.1	72145	False
TX8	2.0	2.0	0.0	2.0	2.0	0.0	0.784	0.784	0.0	0.561	0.561	0.0	1.0	1.0	0.0	False	False	False	False	False	False										gap_in_array	gap_in_array	absent	posadasii	fragment only		True	1.646	37.47	99438	False
TX9	1.0	2.0	0.0	1.0	2.0	0.0	1.0	0.831	0.0	1.0	0.656	0.0	1.0	1.0	0.0	True	False	False	True	False	False	615.0			100.0						gap_in_array	gap_in_array	absent	posadasii	fragment only		True	1.546	57.22	100993	False
Tucson_1	1.0	1.0	0.0	1.0	1.0	0.0	1.0	1.0	0.0	1.0	1.0	0.0	1.0	1.0	0.0	True	True	False	True	True	False	716.0	716.0		97.0	97.0					gap_in_array	gap_in_array	absent	posadasii	fragment only		True	1.154	54.44	73093	False
Tucson_10	1.0	1.0	0.0	1.0	1.0	0.0	1.0	1.0	0.0	1.0	1.0	0.0	1.0	1.0	0.0	True	True	False	True	True	False	731.0	731.0		99.0	99.0					gap_in_array	gap_in_array	absent	posadasii	full-length	3.0	True	0.978	87.81	407050	False
Tucson_11	1.0	1.0	0.0	1.0	1.0	0.0	1.0	1.0	0.0	1.0	1.0	0.0	1.0	1.0	0.0	True	True	False	True	True	False	451.0	451.0		97.0	97.0					gap_in_array	gap_in_array	absent	posadasii	fragment only		True	1.193	115.43	150121	False
Tucson_12	1.0	1.0	0.0	1.0	1.0	0.0	1.0	1.0	0.0	1.0	1.0	0.0	0.985	0.985	0.0	True	True	False	True	True	False	348.0	348.0		95.0	95.0					gap_in_array	gap_in_array	absent	posadasii	fragment only		True	1.172	90.42	463739	False
Tucson_13	1.0	1.0	0.0	1.0	1.0	0.0	1.0	1.0	0.0	1.0	1.0	0.0	1.0	1.0	0.0	True	True	False	True	True	False	716.0	716.0		98.0	98.0					gap_in_array	gap_in_array	absent	posadasii	fragment only		True	1.168	47.83	73575	False
Tucson_14	1.0	1.0	0.0	1.0	1.0	0.0	1.0	1.0	0.0	1.0	1.0	0.0	0.895	0.895	0.0	True	True	False	True	True	False	341.0	341.0		97.0	97.0					gap_in_array	gap_in_array	absent	posadasii	fragment only		False	0.971	31.88	102235	False
Tucson_15	1.0	1.0	0.0	1.0	1.0	0.0	1.0	1.0	0.0	1.0	1.0	0.0	1.0	1.0	0.0	True	True	False	True	True	False	913.0	913.0		98.0	98.0					gap_in_array	gap_in_array	absent	posadasii	full-length	3.0	True	1.268	30.5	75628	False
Tucson_16	1.0	1.0	0.0	1.0	1.0	0.0	1.0	1.0	0.0	1.0	1.0	0.0	1.0	1.0	0.0	True	True	False	True	True	False	786.0	786.0		0.0	0.0		4.0	4.0		contiguous	contiguous	absent	posadasii	full-length	4.0	True	1.015	61.08	176800	False
Tucson_17	2.0	2.0	0.0	1.0	1.0	0.0	1.0	1.0	0.0	1.0	1.0	0.0	1.0	1.0	0.0	True	True	False	True	True	False	786.0	786.0		0.0	0.0		4.0	4.0		contiguous	contiguous	absent	posadasii	fragment only		True	1.148	49.84	75535	False
Tucson_18	1.0	1.0	0.0	1.0	1.0	0.0	1.0	1.0	0.0	1.0	1.0	0.0	1.0	1.0	0.0	True	True	False	True	True	False	552.0	552.0		99.0	99.0					gap_in_array	gap_in_array	absent	posadasii	fragment only		True	1.159	33.3	366612	False
Tucson_19	1.0	1.0	0.0	1.0	1.0	0.0	1.0	1.0	0.0	1.0	1.0	0.0	1.0	1.0	0.0	True	True	False	True	True	False	392.0	392.0		0.0	0.0		2.0	2.0		contiguous	contiguous	absent	posadasii	fragment only		True	1.164	62.12	448621	False
Tucson_2	1.0	1.0	0.0	1.0	1.0	0.0	1.0	1.0	0.0	1.0	1.0	0.0	1.0	1.0	0.0	True	True	False	True	True	False	785.0	785.0		0.0	0.0		4.0	4.0		contiguous	contiguous	absent	posadasii	full-length	4.0	True	1.091	58.39	382697	False
Tucson_20	1.0	1.0	0.0	1.0	1.0	0.0	1.0	1.0	0.0	1.0	1.0	0.0	1.0	1.0	0.0	True	True	False	True	True	False	557.0	557.0		99.0	99.0					gap_in_array	gap_in_array	absent	posadasii	no SOWgp gene model		False	1.287	46.72	289876	False
Tucson_21	1.0	1.0	0.0	1.0	1.0	0.0	1.0	1.0	0.0	1.0	1.0	0.0	1.0	1.0	0.0	True	True	False	True	True	False	589.0	589.0		0.0	0.0		3.0	3.0		contiguous	contiguous	absent	posadasii	full-length	3.0	True	1.04	113.47	74116	False
Tucson_22	1.0	1.0	0.0	1.0	1.0	0.0	1.0	1.0	0.0	1.0	1.0	0.0	1.0	1.0	0.0	True	True	False	True	True	False	786.0	786.0		0.0	0.0		4.0	4.0		contiguous	contiguous	absent	posadasii	full-length	4.0	True	1.159	29.87	288904	False
Tucson_23	1.0	1.0	0.0	1.0	1.0	0.0	1.0	1.0	0.0	1.0	1.0	0.0	1.0	1.0	0.0	True	True	False	True	True	False	456.0	456.0		98.0	98.0					gap_in_array	gap_in_array	absent	posadasii	no SOWgp gene model		False	1.168	53.01	330130	False
Tucson_24	1.0	1.0	0.0	1.0	1.0	0.0	1.0	1.0	0.0	1.0	1.0	0.0	1.0	1.0	0.0	True	True	False	True	True	False	786.0	786.0		0.0	0.0		4.0	4.0		contiguous	contiguous	absent	posadasii	full-length	4.0	True	1.019	141.82	73505	False
Tucson_3	1.0	1.0	0.0	1.0	1.0	0.0	1.0	1.0	0.0	1.0	1.0	0.0	1.0	1.0	0.0	True	True	False	True	True	False	552.0	552.0		92.0	92.0					gap_in_array	gap_in_array	absent	posadasii	fragment only		True	1.196	202.67	168857	False
Tucson_4	1.0	1.0	0.0	1.0	1.0	0.0	1.0	1.0	0.0	1.0	1.0	0.0	1.0	1.0	0.0	True	True	False	True	True	False	716.0	716.0		99.0	99.0					gap_in_array	gap_in_array	absent	posadasii	fragment only		True	1.131	86.97	167566	False
Tucson_5	1.0	1.0	0.0	1.0	1.0	0.0	1.0	1.0	0.0	1.0	1.0	0.0	1.0	1.0	0.0	True	True	False	True	True	False	570.0	570.0		96.0	96.0					gap_in_array	gap_in_array	absent	posadasii	fragment only		True	1.045	77.37	82037	False
Tucson_6	1.0	1.0	0.0	1.0	1.0	0.0	1.0	1.0	0.0	1.0	1.0	0.0	1.0	1.0	0.0	True	True	False	True	True	False	552.0	552.0		99.0	99.0					gap_in_array	gap_in_array	absent	posadasii	fragment only		True	1.268	47.08	411925	False
Tucson_7	1.0	1.0	0.0	1.0	1.0	0.0	1.0	1.0	0.0	1.0	1.0	0.0	0.985	0.985	0.0	True	True	False	True	True	False	348.0	348.0		93.0	93.0					gap_in_array	gap_in_array	absent	posadasii	fragment only		True	1.132	91.8	183209	False
Tucson_8	1.0	1.0	0.0	1.0	1.0	0.0	1.0	1.0	0.0	1.0	1.0	0.0	1.0	1.0	0.0	True	True	False	True	True	False	618.0	618.0		96.0	96.0					gap_in_array	gap_in_array	absent	posadasii	fragment only		True	1.115	88.24	253285	False
Tucson_9	3.0	3.0	0.0	2.0	2.0	0.0	1.0	1.0	0.0	1.0	1.0	0.0	1.0	1.0	0.0	True	True	False	True	True	False	316.0	316.0		97.0	97.0					gap_in_array	gap_in_array	absent	posadasii	fragment only		True	1.129	99.43	166898	False
UCSF_10AZ	1.0	1.0	0.0	1.0	1.0	0.0	1.0	1.0	0.0	1.0	1.0	0.0	1.0	1.0	0.0	True	True	False	True	True	False	785.0	785.0		0.0	0.0		4.0	4.0		contiguous	contiguous	absent	posadasii	full-length	4.0	True	1.124	61.19	535906	False
UCSF_3490AZ	1.0	1.0	0.0	1.0	1.0	0.0	1.0	1.0	0.0	1.0	1.0	0.0	1.0	1.0	0.0	True	True	False	True	True	False	785.0	785.0		0.0	0.0		4.0	4.0		contiguous	contiguous	absent	posadasii	full-length	4.0	True	1.086	66.79	256111	False
UCSF_5AZ	1.0	1.0	0.0	1.0	1.0	0.0	1.0	1.0	0.0	1.0	1.0	0.0	1.0	1.0	0.0	True	True	False	True	True	False	600.0	600.0		0.0	0.0		3.0	3.0		contiguous	contiguous	absent	posadasii	full-length	3.0	True	0.975	72.63	539190	False
UCSF_9AZ	1.0	1.0	0.0	1.0	1.0	0.0	1.0	1.0	0.0	1.0	1.0	0.0	1.0	1.0	0.0	True	True	False	True	True	False	589.0	589.0		0.0	0.0		3.0	3.0		contiguous	contiguous	absent	posadasii	full-length	3.0	True	0.99	62.58	618620	False
UCSF_Cp_Silveira	1.0	1.0	0.0	1.0	1.0	0.0	1.0	1.0	0.0	1.0	1.0	0.0	1.0	1.0	0.0	True	True	False	True	True	False	963.0	963.0		95.0	95.0					gap_in_array	gap_in_array	absent	posadasii	fragment only		True	0.902	304.35	130152	False
UTAH_31331	1.0	1.0	0.0	1.0	1.0	0.0	1.0	1.0	0.0	1.0	1.0	0.0	1.0	1.0	0.0	True	True	False	True	True	False	785.0	785.0		0.0	0.0		4.0	4.0		contiguous	contiguous	absent	posadasii	full-length	4.0	True	1.004	48.47	174081	False
UTAH_350355	1.0	1.0	0.0	1.0	1.0	0.0	1.0	1.0	0.0	1.0	1.0	0.0	1.0	1.0	0.0	True	True	False	True	True	False	589.0	589.0		0.0	0.0		3.0	3.0		contiguous	contiguous	absent	posadasii	full-length	3.0	True	1.023	71.49	300825	False
UTAH_9443	1.0	1.0	0.0	1.0	1.0	0.0	1.0	1.0	0.0	1.0	1.0	0.0	1.0	1.0	0.0	True	True	False	True	True	False	589.0	589.0		0.0	0.0		3.0	3.0		contiguous	contiguous	absent	posadasii	full-length	3.0	True	0.931	72.2	127676	False
UTAH_9737	1.0	2.0	0.0	1.0	2.0	0.0	1.0	0.84	0.0	1.0	0.675	0.0	1.0	1.0	0.0	True	False	False	True	False	False	713.0			100.0						gap_in_array	gap_in_array	absent	posadasii	fragment only		True	1.153	42.06	568049	False
VFC043	1.0	1.0	0.0	1.0	1.0	0.0	1.0	1.0	0.0	1.0	1.0	0.0	1.0	1.0	0.0	True	True	False	True	True	False	624.0	624.0		99.0	99.0					gap_in_array	gap_in_array	absent	immitis	fragment only		True	1.333	71.3	69186	False
VFC052	1.0	1.0	0.0	1.0	1.0	0.0	1.0	1.0	0.0	1.0	1.0	0.0	1.0	1.0	0.0	True	True	False	True	True	False	505.0	505.0		96.0	96.0					gap_in_array	gap_in_array	absent	immitis	fragment only		True	1.191	62.85	67103	False
VFC054_7SA	1.0	2.0	0.0	1.0	2.0	0.0	1.0	0.535	0.0	1.0	0.35	0.0	0.869	0.869	0.0	True	False	False	True	False	False	386.0			100.0						gap_in_array	gap_in_array	absent	posadasii	fragment only		True	1.213	7.55	73883	False
VFC083	1.0	1.0	0.0	1.0	1.0	0.0	1.0	1.0	0.0	1.0	1.0	0.0	1.0	1.0	0.0	True	True	False	True	True	False	552.0	552.0		100.0	100.0					gap_in_array	gap_in_array	absent	posadasii	fragment only		True	0.673	32.45	149439	False
VFC084_CPA0067	1.0	1.0	0.0	1.0	1.0	0.0	1.0	1.0	0.0	1.0	1.0	0.0	1.0	1.0	0.0	True	True	False	True	True	False	393.0	393.0		0.0	0.0		2.0	2.0		contiguous	contiguous	absent	posadasii	fragment only		True	0.827	29.01	113584	False
VFC085_CPA0068	1.0	1.0	0.0	1.0	1.0	0.0	1.0	1.0	0.0	1.0	1.0	0.0	1.0	1.0	0.0	True	True	False	True	True	False	521.0	521.0		97.0	97.0					gap_in_array	gap_in_array	absent	posadasii	no SOWgp gene model		False	1.282	58.27	382642	False
VFC087	1.0	1.0	0.0	1.0	1.0	0.0	1.0	1.0	0.0	1.0	1.0	0.0	1.0	1.0	0.0	True	True	False	True	True	False	716.0	716.0		98.0	98.0					gap_in_array	gap_in_array	absent	posadasii	fragment only		True	0.989	69.93	74532	False
VFC088	1.0	1.0	0.0	1.0	1.0	0.0	1.0	1.0	0.0	1.0	1.0	0.0	1.0	1.0	0.0	True	True	False	True	True	False	785.0	785.0		0.0	0.0		4.0	4.0		contiguous	contiguous	absent	posadasii	full-length	4.0	True	1.145	82.58	343206	False
VFC090	1.0	1.0	0.0	1.0	1.0	0.0	1.0	1.0	0.0	1.0	1.0	0.0	1.0	1.0	0.0	True	True	False	True	True	False	393.0	393.0		0.0	0.0		2.0	2.0		contiguous	contiguous	absent	posadasii	fragment only		True	0.992	31.11	103328	False
VFC091	1.0	1.0	0.0	1.0	1.0	0.0	1.0	1.0	0.0	1.0	1.0	0.0	1.0	1.0	0.0	True	True	False	True	True	False	589.0	589.0		0.0	0.0		3.0	3.0		contiguous	contiguous	absent	posadasii	full-length	3.0	True	0.82	25.55	74419	False
VFC092	1.0	1.0	0.0	1.0	1.0	0.0	1.0	1.0	0.0	1.0	1.0	0.0	1.0	1.0	0.0	True	True	False	True	True	False	419.0	419.0		99.0	99.0					gap_in_array	gap_in_array	absent	posadasii	fragment only		True	1.252	16.13	73821	False
VFC093	1.0	1.0	0.0	1.0	1.0	0.0	1.0	1.0	0.0	1.0	1.0	0.0	1.0	1.0	0.0	True	True	False	True	True	False	785.0	785.0		0.0	0.0		4.0	4.0		contiguous	contiguous	absent	posadasii	fragment only		True	1.149	51.7	73602	False
WA31	1.0	1.0	0.0	1.0	1.0	0.0	1.0	1.0	0.0	1.0	1.0	0.0	1.0	1.0	0.0	True	True	False	True	True	False	982.0	982.0		0.0	0.0		5.0	5.0		contiguous	contiguous	absent	posadasii	full-length	5.0	True	1.194	185.01	309196	False
WA_211	1.0	1.0	0.0	1.0	1.0	0.0	1.0	1.0	0.0	1.0	1.0	0.0	1.0	1.0	0.0	True	True	False	True	True	False	785.0	785.0		0.0	0.0		4.0	4.0		contiguous	contiguous	absent	immitis	full-length	4.0	True	0.908	47.86	183949	False
WA_221	1.0	1.0	0.0	1.0	1.0	0.0	1.0	1.0	0.0	1.0	1.0	0.0	1.0	1.0	0.0	True	True	False	True	True	False	588.0	588.0		0.0	0.0		3.0	3.0		contiguous	contiguous	absent	immitis	full-length	3.0	True	1.135	22.23	75823	False
Washington_1	1.0	1.0	0.0	1.0	1.0	0.0	1.0	1.0	0.0	1.0	1.0	0.0	1.0	1.0	0.0	True	True	False	True	True	False	785.0	785.0		0.0	0.0		4.0	4.0		contiguous	contiguous	absent	immitis	full-length	4.0	True	1.051	43.41	121953	False
h5384	2.0	2.0	0.0	2.0	2.0	0.0	1.0	1.0	0.0	1.0	1.0	0.0	1.0	1.0	0.0	True	True	False	True	True	False	458.0	458.0		100.0	100.0					gap_in_array	gap_in_array	absent	immitis	fragment only		True	1.367	13.13	66532	False
