Entry	Entry Name	Protein names	Gene Names	Organism	Length	Pfam	InterPro	Signal peptide	Function [CC]
A0A0D1CKI0	HUM3_MYCMD	Class I hydrophobin hum3 [Cleaved into: Repeat-1; Repeat-2; Repeat-3; Repeat-4; Repeat-5; Repeat-6; Repeat-7; Repeat-8; Repeat-9; Repeat-10; Repeat-11; Repeat-12; Repeat-13; Repeat-14; Repeat-15; Repeat-16; Repeat-17; Linker peptide; Hydrophobin 3]	him3 UMAG_04433	Mycosarcoma maydis (Corn smut fungus) (Ustilago maydis)	828	PF01185;	IPR001338;	SIGNAL 1..22; /evidence="ECO:0000255"	FUNCTION: Aerial growth, conidiation, and dispersal of filamentous fungi in the environment depend on their ability to secrete small amphipathic proteins called hydrophobins (HPBs) with low sequence identity. Class I can self-assemble into an outermost layer of rodlet bundles on aerial cell surfaces, conferring cellular hydrophobicity that supports fungal growth, development and dispersal; whereas Class II form highly ordered films at water-air interfaces through intermolecular interactions but contribute nothing to the rodlet structure (Probable). Atypical class I hydrophobin that is preceded by a signal sequence and 17 imperfect repeats. The repeated peptides might function as repellents whereas the class I hydrophobin does not seem to be crucial for the formation of aerial hyphae (PubMed:17159213). Hydrophobins of Mycosarcoma maydis have been functionally replaced, at least partially, by repellents (PubMed:17159213). Hum3 and rsp1 together are pathogenicity proteins that share an essential function in early stages of the infection (PubMed:17917743). {ECO:0000269|PubMed:17159213, ECO:0000269|PubMed:17917743, ECO:0000305}.
P10069	BRLA_EMENI	C2H2 type master regulator of conidiophore development brlA (Bristle A protein)	brlA AN0973	Emericella nidulans (strain FGSC A4 / ATCC 38163 / CBS 112.46 / NRRL 194 / M139) (Aspergillus nidulans)	432	PF00096;	IPR036236;IPR013087;		FUNCTION: BrlA, abaA and wetA are pivotal regulators of conidiophore development and conidium maturation (PubMed:2196567, PubMed:2655931, PubMed:2823119, PubMed:5366214, PubMed:7704830, PubMed:8508769). They act individually and together to regulate their own expression and that of numerous other sporulation-specific genes (PubMed:2108321, PubMed:2655931, PubMed:2823119). Binds promoters of target genes at brlA response elements (BREs) containing the conserved sequence 5'-(C/A)(A/G)AGGG(G/A)-3' (PubMed:8417986). Controls the expression of the conidiophore-specific phenol oxidase ivoB (PubMed:1901560). Controls the expression of the hydrophobin rodA (PubMed:2065971). Mediates the developmental switch from the indeterminate, apical growth pattern of vegetative cells to the budding growth pattern of conidiophores (PubMed:3293800). Expression of brlA leads to activation of abaA, wetA and stuA, cessation of vegetative growth, cellular vacuolization and spore formation. {ECO:0000269|PubMed:1901560, ECO:0000269|PubMed:2065971, ECO:0000269|PubMed:2108321, ECO:0000269|PubMed:2196567, ECO:0000269|PubMed:2655931, ECO:0000269|PubMed:2823119, ECO:0000269|PubMed:3293800, ECO:0000269|PubMed:5366214, ECO:0000269|PubMed:7704830, ECO:0000269|PubMed:8417986, ECO:0000269|PubMed:8508769}.
P16933	SC3_SCHCO	Class I hydrophobin SC3 (Fruiting body protein SC3)	SC3	Schizophyllum commune (Split gill fungus)	136	PF01185;	IPR001338;IPR019778;	SIGNAL 1..24; /evidence="ECO:0000269|PubMed:1770359"	FUNCTION: Aerial growth, conidiation, and dispersal of filamentous fungi in the environment depend on their ability to secrete small amphipathic proteins called hydrophobins (HPBs) with low sequence identity. Class I can self-assemble into an outermost layer of rodlet bundles on aerial cell surfaces, conferring cellular hydrophobicity that supports fungal growth, development and dispersal; whereas Class II form highly ordered films at water-air interfaces through intermolecular interactions but contribute nothing to the rodlet structure (Probable). SC3 is a class I hydrophobin present in both monokaryons and dikaryons that contributes to the formation of aerial hyphae and fruiting bodies (PubMed:12324614, PubMed:9335596, PubMed:9822824). In addition to forming hydrophobic wall coatings, plays a role in adherence of fungal hyphae to hydrophobic surfaces (PubMed:16085399, PubMed:16770796, PubMed:7813424, PubMed:9335596). Adsorption of SC3 to hydrophobic surfaces is suggested to occur in bilayers with the second layer being less strongly adsorbed than the first layer (PubMed:8573679). Lowers the surface tension to allow hyphae to escape the aqueous environment (PubMed:10760177). Plays also a role in regulating the amount of mucilage present in the cell wall (PubMed:11170739). {ECO:0000269|PubMed:10760177, ECO:0000269|PubMed:11170739, ECO:0000269|PubMed:12324614, ECO:0000269|PubMed:16085399, ECO:0000269|PubMed:16770796, ECO:0000269|PubMed:7813424, ECO:0000269|PubMed:8573679, ECO:0000269|PubMed:9335596, ECO:0000269|PubMed:9822824, ECO:0000305}.
P52750	DEWA_EMENI	Class I hydrophobin dewA (Spore wall hydrophobin dewA)	dewA AN8006	Emericella nidulans (strain FGSC A4 / ATCC 38163 / CBS 112.46 / NRRL 194 / M139) (Aspergillus nidulans)	135	PF01185;	IPR001338;IPR019778;	SIGNAL 1..18; /evidence="ECO:0000255"	FUNCTION: Aerial growth, conidiation, and dispersal of filamentous fungi in the environment depend on their ability to secrete small amphipathic proteins called hydrophobins (HPBs) with low sequence identity. Class I can self-assemble into an outermost layer of rodlet bundles on aerial cell surfaces, conferring cellular hydrophobicity that supports fungal growth, development and dispersal; whereas Class II form highly ordered films at water-air interfaces through intermolecular interactions but contribute nothing to the rodlet structure (Probable). DewA is a class I hydrophobin that contributes to spore wall hydrophobicity (PubMed:12790678, PubMed:22154865, PubMed:23137797, PubMed:24722460, PubMed:7651135). {ECO:0000269|PubMed:12790678, ECO:0000269|PubMed:22154865, ECO:0000269|PubMed:23137797, ECO:0000269|PubMed:24722460, ECO:0000269|PubMed:7651135, ECO:0000305}.
P52956	CUTI1_ASPOR	Cutinase 1 (EC 3.1.1.74) (Cutin hydrolase 1) (L1)	cutL1 CutL AO090005000029	Aspergillus oryzae (strain ATCC 42149 / RIB 40) (Yellow koji mold)	213	PF01083;	IPR029058;IPR000675;IPR043580;IPR043579;IPR011150;	SIGNAL 1..16; /evidence="ECO:0000255"	FUNCTION: Catalyzes the hydrolysis of complex carboxylic polyesters found in the cell wall of plants (PubMed:15968570, PubMed:19810726, PubMed:7705606). Degrades cutin, a macromolecule that forms the structure of the plant cuticle (PubMed:15968570, PubMed:19810726). Recruited by the hydrophobin rolA that undergoes a conformational change after its adsorption to hydrophobic surfaces such as the biodegradable polyester polybutylene succinate-coadipate (PBSA), which results in condensation of cutL1 on the PBSA surface and consequent stimulation of PBSA hydrolysis (PubMed:16135240). {ECO:0000269|PubMed:15968570, ECO:0000269|PubMed:16135240, ECO:0000269|PubMed:19810726, ECO:0000269|PubMed:7705606}.
P61829	ATP9_YEAST	ATP synthase subunit 9, mitochondrial (Lipid-binding protein) (Oligomycin resistance protein 1)	OLI1 ATP9 OLI3 PHO2 Q0130	Saccharomyces cerevisiae (strain ATCC 204508 / S288c) (Baker's yeast)	76	PF00137;	IPR000454;IPR020537;IPR038662;IPR002379;IPR035921;		FUNCTION: Mitochondrial membrane ATP synthase (F(1)F(0) ATP synthase or Complex V) produces ATP from ADP in the presence of a proton gradient across the membrane which is generated by electron transport complexes of the respiratory chain. F-type ATPases consist of two structural domains, F(1) - containing the extramembraneous catalytic core and F(0) - containing the membrane proton channel, linked together by a central stalk and a peripheral stalk. During catalysis, ATP synthesis in the catalytic domain of F(1) is coupled via a rotary mechanism of the central stalk subunits to proton translocation. Part of the complex F(0) domain. A homomeric c-ring of probably 10 subunits is part of the complex rotary element.
P79073	HYP2_TRIRF	Class II hydrophobin 2 (Hydrophobin II) (HFBII)	hfb2	Trichoderma reesei (Filamentous fungus) (Hypocrea jecorina)	86	PF06766;	IPR010636;IPR036686;	SIGNAL 1..15; /evidence="ECO:0000269|PubMed:9346297"	FUNCTION: Aerial growth, conidiation, and dispersal of filamentous fungi in the environment depend on their ability to secrete small amphipathic proteins called hydrophobins (HPBs) with low sequence identity. Class I can self-assemble into an outermost layer of rodlet bundles on aerial cell surfaces, conferring cellular hydrophobicity that supports fungal growth, development and dispersal; whereas Class II form highly ordered films at water-air interfaces through intermolecular interactions but contribute nothing to the rodlet structure (Probable). Hbf2 is a class II hydrophobin that is involved in sporulation (PubMed:16243453, PubMed:9346297). {ECO:0000269|PubMed:16243453, ECO:0000269|PubMed:9346297, ECO:0000305}.
Q04571	RODL_NEUCR	Class I hydrophobin eas (Blue light-induced protein 7) (Clock-controlled gene protein 2) (Easily wettable protein) (Rodlet protein)	eas bli-7 ccg-2 NCU08457	Neurospora crassa (strain ATCC 24698 / 74-OR23-1A / CBS 708.71 / DSM 1257 / FGSC 987)	108	PF22354;	IPR001338;IPR019778;IPR036686;	SIGNAL 1..26; /evidence="ECO:0000255"	FUNCTION: Aerial growth, conidiation, and dispersal of filamentous fungi in the environment depend on their ability to secrete small amphipathic proteins called hydrophobins (HPBs) with low sequence identity. Class I can self-assemble into an outermost layer of rodlet bundles on aerial cell surfaces, conferring cellular hydrophobicity that supports fungal growth, development and dispersal; whereas class II form highly ordered films at water-air interfaces through intermolecular interactions but contribute nothing to the rodlet structure (Probable). Eas is a class I hydrophobin that forms functional amyloid fibrils called rodlets that facilitate spore formation and dispersal (PubMed:1459460, PubMed:22308366). {ECO:0000269|PubMed:1459460, ECO:0000269|PubMed:22308366, ECO:0000305}.
Q4WRY5	LAEA_ASPFU	Secondary metabolism regulator laeA (Methyltransferase laeA) (EC 2.1.1.-) (Velvet complex subunit laeA)	laeA AFUA_1G14660	Aspergillus fumigatus (strain ATCC MYA-4609 / CBS 101355 / FGSC A1100 / Af293) (Neosartorya fumigata)	373	PF13489;	IPR029063;		FUNCTION: Methyltransferase that performs automethylation (By similarity). No other methyl-accepting substrate has been identified yet (By similarity). Component of the velvet transcription factor complex that acts as a global regulator for secondary metabolite gene expression (PubMed:15075281, PubMed:17630330, PubMed:19843884, PubMed:24082142, PubMed:24116213). Positively controls expression of 20% to 40% of major classes of secondary metabolite biosynthesis genes such as nonribosomal peptide synthetases, polyketide synthases, and P450 monooxygenases (PubMed:17432932). Controls the expression of the gliotoxin gene cluster (PubMed:15075281, PubMed:17630330, PubMed:19843884). Controls the expression of the fumitremorgin, fumagillin, and pseurotin gene clusters, where genes for fumagillin and pseurotin are physically intertwined in a single supercluster (PubMed:24082142). Regulates the biosynthetic genes required for endocrocin production (PubMed:22492455). Secondary metabolites under the transcriptional regulation of laeA are necessary for inhibition of angiogenesis during invasive infection in mice (PubMed:19843884). Controls the expression of cell surface rodA, a hydrophobin that acts as an antiphagocytic molecule (PubMed:19917717). Also regulates the expression of genes involved in conidial biosynthesis (PubMed:16151250). {ECO:0000250|UniProtKB:C8VQG9, ECO:0000269|PubMed:15075281, ECO:0000269|PubMed:16151250, ECO:0000269|PubMed:17432932, ECO:0000269|PubMed:17630330, ECO:0000269|PubMed:19843884, ECO:0000269|PubMed:19917717, ECO:0000269|PubMed:22492455, ECO:0000269|PubMed:24082142, ECO:0000269|PubMed:24116213}.
Q9UVI4	THYD_CLAFS	Class II hydrophobin TH1 (CFTH1) (Trihydrophobin)	TH1	Claviceps fusiformis (Ergot fungus)	394	PF06766;	IPR010636;IPR036686;	SIGNAL 1..16; /evidence="ECO:0000269|PubMed:10336622"	FUNCTION: Aerial growth, conidiation, and dispersal of filamentous fungi in the environment depend on their ability to secrete small amphipathic proteins called hydrophobins (HPBs) with low sequence identity. Class I can self-assemble into an outermost layer of rodlet bundles on aerial cell surfaces, conferring cellular hydrophobicity that supports fungal growth, development and dispersal; whereas Class II form highly ordered films at water-air interfaces through intermolecular interactions but contribute nothing to the rodlet structure (Probable). TH1 is a class II hydrophobin that reduces water surface tension dramatically upon assembly at the water-air interface and plays a role in the formation of aerial hyphae (PubMed:10336622). {ECO:0000269|PubMed:10336622, ECO:0000305}.
A0A067N4H9	VMH2_PLEO1	Class I hydrophobin 2	vmh2 PLEOSDRAFT_1091049	Pleurotus ostreatus (strain PC15) (Oyster mushroom)	111	PF01185;	IPR001338;	SIGNAL 1..21; /evidence="ECO:0000255"	FUNCTION: Aerial growth, conidiation, and dispersal of filamentous fungi in the environment depend on their ability to secrete small amphipathic proteins called hydrophobins (HPBs) with low sequence identity. Class I can self-assemble into an outermost layer of rodlet bundles on aerial cell surfaces, conferring cellular hydrophobicity that supports fungal growth, development and dispersal; whereas Class II form highly ordered films at water-air interfaces through intermolecular interactions but contribute nothing to the rodlet structure (Probable). Vmh2 is a class I hydrophobin involved in biofilm formation and is essential for the maintenance of the surface hydrophobicity of the mycelium (PubMed:20100692, PubMed:37081785). Does not seem to be involved in hyphal resistance against environmental stress (PubMed:37081785). {ECO:0000269|PubMed:20100692, ECO:0000269|PubMed:37081785, ECO:0000305}.
A0A067N648	VMH3_PLEO1	Class I hydrophobin 3	vmh3 PLEOSDRAFT_1114379	Pleurotus ostreatus (strain PC15) (Oyster mushroom)	108	PF01185;	IPR001338;IPR019778;	SIGNAL 1..17; /evidence="ECO:0000255"	FUNCTION: Aerial growth, conidiation, and dispersal of filamentous fungi in the environment depend on their ability to secrete small amphipathic proteins called hydrophobins (HPBs) with low sequence identity. Class I can self-assemble into an outermost layer of rodlet bundles on aerial cell surfaces, conferring cellular hydrophobicity that supports fungal growth, development and dispersal; whereas Class II form highly ordered films at water-air interfaces through intermolecular interactions but contribute nothing to the rodlet structure (Probable). Vmh3 is a class I hydrophobin that is essential for the maintenance of the surface hydrophobicity of the mycelium and might be involved in the development of fruiting bodies (PubMed:12147487, PubMed:37081785). Plays an important role in hyphal resistance against environmental stress (PubMed:37081785). Necessary for the efficient biodegradation of lignin (PubMed:37061783). {ECO:0000269|PubMed:12147487, ECO:0000269|PubMed:37061783, ECO:0000269|PubMed:37081785, ECO:0000305}.
A0A6G6VYL3	HYDR1_COLSI	Class I hydrophobin 1	Hydr1 CGCSCA2_v004797	Colletotrichum siamense (Anthracnose fungus)	138	PF01185;	IPR001338;IPR019778;	SIGNAL 1..19; /evidence="ECO:0000255"	FUNCTION: Aerial growth, conidiation, and dispersal of filamentous fungi in the environment depend on their ability to secrete small amphipathic proteins called hydrophobins (HPBs) with low sequence identity. Class I can self-assemble into an outermost layer of rodlet bundles on aerial cell surfaces, conferring cellular hydrophobicity that supports fungal growth, development and dispersal; whereas Class II form highly ordered films at water-air interfaces through intermolecular interactions but contribute nothing to the rodlet structure (Probable). Hydr1 is a class I hydrophobin involved in spore germination, appressorium formation, but not in the formation of the rodlet layer of conidia (PubMed:36135702). Responsible for the full virulence on rubber tree leaves (PubMed:36135702). {ECO:0000269|PubMed:36135702, ECO:0000305}.
A4LAR6	HGF1_GRIFR	Class I hydrophobin hgfI	hgfI	Grifola frondosa (Maitake) (Polyporus frondosus)	107	PF01185;	IPR001338;IPR019778;	SIGNAL 1..24; /evidence="ECO:0000269|PubMed:18524922"	FUNCTION: Aerial growth, conidiation, and dispersal of filamentous fungi in the environment depend on their ability to secrete small amphipathic proteins called hydrophobins (HPBs) with low sequence identity. Class I can self-assemble into an outermost layer of rodlet bundles on aerial cell surfaces, conferring cellular hydrophobicity that supports fungal growth, development and dispersal; whereas Class II form highly ordered films at water-air interfaces through intermolecular interactions but contribute nothing to the rodlet structure (Probable). HgfI is a class I hydrophobin that is involved in cell surface hydrophobicity and lowers the surface tension of water and change the nature of the surfaces to which it adsorbs (PubMed:18524922). {ECO:0000269|PubMed:18524922, ECO:0000305}.
B8N406	LAEA_ASPFN	Secondary metabolism regulator laeA (Methyltransferase laeA) (EC 2.1.1.-) (Velvet complex subunit laeA)	laeA AFLA_033290 F9C07_1256857	Aspergillus flavus (strain ATCC 200026 / FGSC A1120 / IAM 13836 / NRRL 3357 / JCM 12722 / SRRC 167)	369	PF13489;	IPR029063;		FUNCTION: Methyltransferase that performs automethylation (By similarity). No other methyl-accepting substrate has been identified yet (By similarity). Component of the velvet transcription factor complex that acts as a global regulator for secondary metabolite gene expression. Required for aflR expression and subsequent aflatoxin production (PubMed:18667168, PubMed:19411623, PubMed:22289775, PubMed:24040154). Negatively regulates veA expression (PubMed:18667168, PubMed:19411623). Controls conidiophore and conidial development (PubMed:22289775, PubMed:24040154). Required for hydrophobin production which plays a role in cell surface hydrophobicity and host defense escape (PubMed:22289775). {ECO:0000250|UniProtKB:C8VQG9, ECO:0000269|PubMed:18667168, ECO:0000269|PubMed:19411623, ECO:0000269|PubMed:22289775}.
C0HK59	ATP9_PICAN	ATP synthase subunit 9, mitochondrial (ATP synthase subunit c) (Lipid-binding protein)	OLI1 ATP9	Pichia angusta (Yeast) (Hansenula polymorpha)	76	PF00137;	IPR000454;IPR020537;IPR038662;IPR002379;IPR035921;		FUNCTION: Mitochondrial membrane ATP synthase (F(1)F(0) ATP synthase or Complex V) produces ATP from ADP in the presence of a proton gradient across the membrane which is generated by electron transport complexes of the respiratory chain (PubMed:25759169). F-type ATP synthases consist of two structural domains, F(1) - containing the extramembraneous catalytic core, and F(0) - containing the membrane proton channel, linked together by a central stalk and a peripheral stalk (PubMed:27791192). During catalysis, ATP synthesis in the catalytic domain of F(1) is coupled via a rotary mechanism of the central stalk subunits to proton translocation (By similarity). Part of the complex F(0) domain (PubMed:27791192). A homomeric c-ring of 10 OLI1/ATP9 subunits is part of the complex rotary element (PubMed:27791192). {ECO:0000250|UniProtKB:Q37695, ECO:0000269|PubMed:25759169, ECO:0000269|PubMed:27791192}.
C0HK68	ATP8_PICAN	ATP synthase protein 8 (A6L) (F-ATPase subunit 8)	ATP8	Pichia angusta (Yeast) (Hansenula polymorpha)	48	PF05933;	IPR009230;		FUNCTION: Mitochondrial membrane ATP synthase (F(1)F(0) ATP synthase or Complex V) produces ATP from ADP in the presence of a proton gradient across the membrane which is generated by electron transport complexes of the respiratory chain (PubMed:25759169). F-type ATP synthases consist of two structural domains, F(1) - containing the extramembraneous catalytic core, and F(0) - containing the membrane proton channel, linked together by a central stalk and a peripheral stalk (PubMed:27791192). During catalysis, ATP synthesis in the catalytic domain of F(1) is coupled via a rotary mechanism of the central stalk subunits to proton translocation (By similarity). Part of the complex F(0) domain (PubMed:27791192). Minor subunit located with subunit a/ATP6 in the membrane (PubMed:27791192). {ECO:0000250|UniProtKB:Q36257, ECO:0000269|PubMed:25759169, ECO:0000269|PubMed:27791192}.
E9QT94	RODB_ASPFU	Class I hydrophobin B (Rodlet protein B)	rodB AFUA_1G17250	Aspergillus fumigatus (strain ATCC MYA-4609 / CBS 101355 / FGSC A1100 / Af293) (Neosartorya fumigata)	140	PF01185;	IPR001338;	SIGNAL 1..16; /evidence="ECO:0000255"	FUNCTION: Aerial growth, conidiation, and dispersal of filamentous fungi in the environment depend on their ability to secrete small amphipathic proteins called hydrophobins (HPBs) with low sequence identity. Class I can self-assemble into an outermost layer of rodlet bundles on aerial cell surfaces, conferring cellular hydrophobicity that supports fungal growth, development and dispersal; whereas Class II form highly ordered films at water-air interfaces through intermolecular interactions but contribute nothing to the rodlet structure (Probable). RodB is a class I hydrophobin that, unlike rodA, is not required for rodlet formation (PubMed:12620846, PubMed:29371496). {ECO:0000269|PubMed:12620846, ECO:0000269|PubMed:29371496, ECO:0000305}.
G2XG03	HOG1_VERDV	Mitogen-activated protein kinase HOG1 (MAP kinase HOG1) (EC 2.7.11.24) (High osmolarity glycerol response protein 1)	HOG1 VDAG_08982	Verticillium dahliae (strain VdLs.17 / ATCC MYA-4575 / FGSC 10137) (Verticillium wilt)	361	PF00069;	IPR011009;IPR003527;IPR050117;IPR008352;IPR038783;IPR000719;IPR017441;IPR008271;		FUNCTION: Proline-directed serine/threonine-protein kinase involved in a signal transduction pathway that is activated by changes in the osmolarity of the extracellular environment (PubMed:27729908). Controls osmotic regulation of transcription via the stress response element (STRE) in promoters of target genes (By similarity). The HOG1 cascade is also important for developmental processes and for full virulence on smoke tree (PubMed:27729908). Positively regulates the expression of genes involved in melanin biosynthesis, as well as the hydrophobin gene VDH1, involved in the early stage of microsclerotia formation (PubMed:26812120, PubMed:27729908). {ECO:0000250|UniProtKB:P32485, ECO:0000269|PubMed:26812120, ECO:0000269|PubMed:27729908}.
G4MWK2	MHP1_PYRO7	Class II hydrophobin MHP1 (Magnaporin MHP1)	MHP1 MGG_01173	Pyricularia oryzae (strain 70-15 / ATCC MYA-4617 / FGSC 8958) (Rice blast fungus) (Magnaporthe oryzae)	102	PF06766;	IPR010636;IPR036686;	SIGNAL 1..19; /evidence="ECO:0000255"	FUNCTION: Aerial growth, conidiation, and dispersal of filamentous fungi in the environment depend on their ability to secrete small amphipathic proteins called hydrophobins (HPBs) with low sequence identity. Class I can self-assemble into an outermost layer of rodlet bundles on aerial cell surfaces, conferring cellular hydrophobicity that supports fungal growth, development and dispersal; whereas Class II form highly ordered films at water-air interfaces through intermolecular interactions but contribute nothing to the rodlet structure (Probable). MHP1 is a class II hydrophobin that is required for conidiation and pathogenicity via its essential roles in surface hydrophobicity and infection-related fungal development such as appressorium development (PubMed:16101997). MHP1 modulates the rate of MPG1 assembly which is likely due to its effect on surface tension rather than to a specific protein:protein interaction (PubMed:27142249). {ECO:0000269|PubMed:16101997, ECO:0000269|PubMed:27142249, ECO:0000305}.
G9MQI4	TVK1_HYPVG	Mitogen-activated protein kinase tvk1 (MAPK tvk1) (EC 2.7.11.24)	tvk1 TRIVIDRAFT_74211	Hypocrea virens (strain Gv29-8 / FGSC 10586) (Gliocladium virens) (Trichoderma virens)	356	PF00069;	IPR011009;IPR003527;IPR050117;IPR000719;IPR017441;IPR008271;		FUNCTION: Mitogen-activated protein kinase that acts as a negative modulator during host sensing and sporulation (PubMed:14673101, PubMed:17600058). Plays a major role in the control of cell surface hydrophocity during development and the production of conidia through its action as a molecular switch for the expression of a set of genes involved in the corresponding developmental program (PubMed:14673101, PubMed:17600058). Negatively regulates the expression of class II hydrophobins hfb1, srh1, cfth1 and qid3 and of the plant defense elicitor Sm1, and induces the expression of class I hydrophobin hfb3 (PubMed:17600058). {ECO:0000269|PubMed:14673101, ECO:0000269|PubMed:17600058}.
J4KPV6	HYD1A_BEAB2	Class I hydrophobin A	hyd1A hyd1 BBA_03015	Beauveria bassiana (strain ARSEF 2860) (White muscardine disease fungus) (Tritirachium shiotae)	136	PF01185;	IPR001338;	SIGNAL 1..16; /evidence="ECO:0000255"	FUNCTION: Aerial growth, conidiation, and dispersal of filamentous fungi in the environment depend on their ability to secrete small amphipathic proteins called hydrophobins (HPBs) with low sequence identity. Class I can self-assemble into an outermost layer of rodlet bundles on aerial cell surfaces, conferring cellular hydrophobicity that supports fungal growth, development and dispersal; whereas Class II form highly ordered films at water-air interfaces through intermolecular interactions but contribute nothing to the rodlet structure (Probable). Hyd1A contributes to certain cell wall-related features, such as hydrophobicity but is not involved in cell wall-related events during fungal proliferation in host hemocoel (PubMed:39724799). Hyd1A and hyd1B coregulate the formation, morphology and orderly assembly of rodlet bundles required for conidial hydrophobicity and infectivity (PubMed:39724799). Contributes to the spore coat rodlet layer (PubMed:21375591). {ECO:0000269|PubMed:21375591, ECO:0000269|PubMed:39724799, ECO:0000305|PubMed:39724799}.
J4UGK4	HYD1E_BEAB2	Class I hydrophobin E	hyd1E BBA_09070	Beauveria bassiana (strain ARSEF 2860) (White muscardine disease fungus) (Tritirachium shiotae)	91	PF22354;		SIGNAL 1..16; /evidence="ECO:0000255"	FUNCTION: Aerial growth, conidiation, and dispersal of filamentous fungi in the environment depend on their ability to secrete small amphipathic proteins called hydrophobins (HPBs) with low sequence identity. Class I can self-assemble into an outermost layer of rodlet bundles on aerial cell surfaces, conferring cellular hydrophobicity that supports fungal growth, development and dispersal; whereas Class II form highly ordered films at water-air interfaces through intermolecular interactions but contribute nothing to the rodlet structure (Probable). Hyd1E contributes to certain cell wall-related features, such as hydrophobicity but is not involved in cell wall-related events during fungal proliferation in host hemocoel (PubMed:39724799). Does not contribute to conidial hydrophobicity (PubMed:39724799). {ECO:0000269|PubMed:39724799, ECO:0000305|PubMed:39724799}.
J4UJ50	HYD1F_BEAB2	Class I hydrophobin F	hyd1F BBA_07386	Beauveria bassiana (strain ARSEF 2860) (White muscardine disease fungus) (Tritirachium shiotae)	88	PF29802;	IPR062192;	SIGNAL 1..21; /evidence="ECO:0000255"	FUNCTION: Aerial growth, conidiation, and dispersal of filamentous fungi in the environment depend on their ability to secrete small amphipathic proteins called hydrophobins (HPBs) with low sequence identity. Class I can self-assemble into an outermost layer of rodlet bundles on aerial cell surfaces, conferring cellular hydrophobicity that supports fungal growth, development and dispersal; whereas Class II form highly ordered films at water-air interfaces through intermolecular interactions but contribute nothing to the rodlet structure (Probable). Hyd1F contributes to certain cell wall-related features, such as hydrophobicity but is not involved in cell wall-related events during fungal proliferation in host hemocoel (PubMed:39724799). Does not contribute to conidial hydrophobicity (PubMed:39724799). {ECO:0000269|PubMed:39724799, ECO:0000305|PubMed:39724799}.
J4VS95	HYD1D_BEAB2	Class I hydrophobin D	hyd1D BBA_09554	Beauveria bassiana (strain ARSEF 2860) (White muscardine disease fungus) (Tritirachium shiotae)	89	PF22354;		SIGNAL 1..16; /evidence="ECO:0000255"	FUNCTION: Aerial growth, conidiation, and dispersal of filamentous fungi in the environment depend on their ability to secrete small amphipathic proteins called hydrophobins (HPBs) with low sequence identity. Class I can self-assemble into an outermost layer of rodlet bundles on aerial cell surfaces, conferring cellular hydrophobicity that supports fungal growth, development and dispersal; whereas Class II form highly ordered films at water-air interfaces through intermolecular interactions but contribute nothing to the rodlet structure (Probable). Hyd1D contributes to certain cell wall-related features, such as hydrophobicity but is not involved in cell wall-related events during fungal proliferation in host hemocoel (PubMed:39724799). Does not contribute to conidial hydrophobicity (PubMed:39724799). Involved in insect hemocoel colonization independent of cell hydrophobicity (PubMed:39724799). {ECO:0000269|PubMed:39724799, ECO:0000305|PubMed:39724799}.
J4W2A8	HYD1B_BEAB2	Class I hydrophobin B	hyd1B hyd2 BBA_06599	Beauveria bassiana (strain ARSEF 2860) (White muscardine disease fungus) (Tritirachium shiotae)	116	PF01185;	IPR001338;	SIGNAL 1..16; /evidence="ECO:0000255"	FUNCTION: Aerial growth, conidiation, and dispersal of filamentous fungi in the environment depend on their ability to secrete small amphipathic proteins called hydrophobins (HPBs) with low sequence identity. Class I can self-assemble into an outermost layer of rodlet bundles on aerial cell surfaces, conferring cellular hydrophobicity that supports fungal growth, development and dispersal; whereas Class II form highly ordered films at water-air interfaces through intermolecular interactions but contribute nothing to the rodlet structure (Probable). Hyd1B contributes to certain cell wall-related features, such as hydrophobicity but is not involved in cell wall-related events during fungal proliferation in host hemocoel (PubMed:39724799). Plays a role in pre-penetration events such as surface signaling and/or penetration events such as conditioning the surface for its degradation (PubMed:21375591). Hyd1A and hyd1B coregulate the formation, morphology and orderly assembly of rodlet bundles required for conidial hydrophobicity and infectivity (PubMed:39724799). Contributes to the spore coat rodlet layer (PubMed:21375591). {ECO:0000269|PubMed:21375591, ECO:0000269|PubMed:39724799, ECO:0000305|PubMed:39724799}.
J4WDT5	HYD2A_BEAB2	Class II hydrophobin A	hyd2A hyd3 BBA_03071	Beauveria bassiana (strain ARSEF 2860) (White muscardine disease fungus) (Tritirachium shiotae)	97	PF06766;	IPR010636;IPR036686;	SIGNAL 1..15; /evidence="ECO:0000255"	FUNCTION: Aerial growth, conidiation, and dispersal of filamentous fungi in the environment depend on their ability to secrete small amphipathic proteins called hydrophobins (HPBs) with low sequence identity. Class I can self-assemble into an outermost layer of rodlet bundles on aerial cell surfaces, conferring cellular hydrophobicity that supports fungal growth, development and dispersal; whereas Class II form highly ordered films at water-air interfaces through intermolecular interactions but contribute nothing to the rodlet structure (Probable). Hyd2A contributes to certain cell wall-related features, such as hydrophobicity but is not involved in cell wall-related events during fungal proliferation in host hemocoel (PubMed:39724799). Does not contribute to conidial hydrophobicity (PubMed:39724799). Involved in insect hemocoel colonization independent of cell hydrophobicity, as well as in the asexual development (PubMed:39724799). {ECO:0000269|PubMed:39724799, ECO:0000305|PubMed:39724799}.
J4WMI6	HYD2C_BEAB2	Class II hydrophobin C	hyd2C hyd5 BBA_00530	Beauveria bassiana (strain ARSEF 2860) (White muscardine disease fungus) (Tritirachium shiotae)	299	PF06766;	IPR010636;IPR036686;	SIGNAL 1..17; /evidence="ECO:0000255"	FUNCTION: Aerial growth, conidiation, and dispersal of filamentous fungi in the environment depend on their ability to secrete small amphipathic proteins called hydrophobins (HPBs) with low sequence identity. Class I can self-assemble into an outermost layer of rodlet bundles on aerial cell surfaces, conferring cellular hydrophobicity that supports fungal growth, development and dispersal; whereas Class II form highly ordered films at water-air interfaces through intermolecular interactions but contribute nothing to the rodlet structure (Probable). Hyd2C contributes to certain cell wall-related features, such as hydrophobicity but is not involved in cell wall-related events during fungal proliferation in host hemocoel (PubMed:39724799). Does not contribute to conidial hydrophobicity (PubMed:39724799). Involved actively in the asexual development (PubMed:39724799). {ECO:0000269|PubMed:39724799, ECO:0000305|PubMed:39724799}.
J5JJC1	HYD1C_BEAB2	Class I hydrophobin C	hyd1C BBA_07597	Beauveria bassiana (strain ARSEF 2860) (White muscardine disease fungus) (Tritirachium shiotae)	89	PF22354;		SIGNAL 1..16; /evidence="ECO:0000255"	FUNCTION: Aerial growth, conidiation, and dispersal of filamentous fungi in the environment depend on their ability to secrete small amphipathic proteins called hydrophobins (HPBs) with low sequence identity. Class I can self-assemble into an outermost layer of rodlet bundles on aerial cell surfaces, conferring cellular hydrophobicity that supports fungal growth, development and dispersal; whereas Class II form highly ordered films at water-air interfaces through intermolecular interactions but contribute nothing to the rodlet structure (Probable). Hyd1C contributes to certain cell wall-related features, such as hydrophobicity but is not involved in cell wall-related events during fungal proliferation in host hemocoel (PubMed:39724799). Does not contribute to conidial hydrophobicity (PubMed:39724799). {ECO:0000269|PubMed:39724799, ECO:0000305|PubMed:39724799}.
J5JTB1	HYD2B_BEAB2	Class II hydrophobin B	hyd2B hyd4 BBA_02999	Beauveria bassiana (strain ARSEF 2860) (White muscardine disease fungus) (Tritirachium shiotae)	99	PF06766;	IPR010636;IPR036686;	SIGNAL 1..15; /evidence="ECO:0000255"	FUNCTION: Aerial growth, conidiation, and dispersal of filamentous fungi in the environment depend on their ability to secrete small amphipathic proteins called hydrophobins (HPBs) with low sequence identity. Class I can self-assemble into an outermost layer of rodlet bundles on aerial cell surfaces, conferring cellular hydrophobicity that supports fungal growth, development and dispersal; whereas Class II form highly ordered films at water-air interfaces through intermolecular interactions but contribute nothing to the rodlet structure (Probable). Hyd2B contributes to certain cell wall-related features, such as hydrophobicity but is not involved in cell wall-related events during fungal proliferation in host hemocoel (PubMed:39724799). Does not contribute to conidial hydrophobicity (PubMed:39724799). Involved in insect hemocoel colonization independent of cell hydrophobicity (PubMed:39724799). {ECO:0000269|PubMed:39724799, ECO:0000305|PubMed:39724799}.
O13300	HYPD_AGABI	Class I hydrophobin 2	abh2 abh3	Agaricus bisporus (White button mushroom)	119	PF01185;	IPR001338;IPR019778;	SIGNAL 1..22; /evidence="ECO:0000255"	FUNCTION: Aerial growth, conidiation, and dispersal of filamentous fungi in the environment depend on their ability to secrete small amphipathic proteins called hydrophobins (HPBs) with low sequence identity. Class I can self-assemble into an outermost layer of rodlet bundles on aerial cell surfaces, conferring cellular hydrophobicity that supports fungal growth, development and dispersal; whereas Class II form highly ordered films at water-air interfaces through intermolecular interactions but contribute nothing to the rodlet structure (Probable). Abh2 is a class I hydrophobin involved in the emergence of aerial hyphae and strands (PubMed:9720057). {ECO:0000269|PubMed:9720057, ECO:0000305}.
P28346	RODA_EMENI	Class I hydrophobin rodA (Rodlet protein A)	rodA AN8803	Emericella nidulans (strain FGSC A4 / ATCC 38163 / CBS 112.46 / NRRL 194 / M139) (Aspergillus nidulans)	157	PF01185;	IPR001338;IPR019778;	SIGNAL 1..41; /evidence="ECO:0000255"	FUNCTION: Aerial growth, conidiation, and dispersal of filamentous fungi in the environment depend on their ability to secrete small amphipathic proteins called hydrophobins (HPBs) with low sequence identity. Class I can self-assemble into an outermost layer of rodlet bundles on aerial cell surfaces, conferring cellular hydrophobicity that supports fungal growth, development and dispersal; whereas Class II form highly ordered films at water-air interfaces through intermolecular interactions but contribute nothing to the rodlet structure (Probable). RodA is a class I hydrophobin that contributes to surface hydrophobicity, which is important for processes such as association of hyphae in reproductive structures, dispersal of aerial spores and adhesion of pathogens to host structures (PubMed:10664979, PubMed:2065971, PubMed:24722460). Important for the formation of hydrophobic rodlet layers of asexually-produced spores (PubMed:10664979, PubMed:2065971). Promotes also biofilm formation and may enhance lignocellulose utilization via promoting a compact substrate-enzyme-fungus structure (PubMed:27437031). {ECO:0000269|PubMed:10664979, ECO:0000269|PubMed:2065971, ECO:0000269|PubMed:24722460, ECO:0000269|PubMed:27437031, ECO:0000305}.
P41746	RODA_ASPFU	Class I hydrophobin 1 (Rodlet protein A)	rodA hyp1 AFUA_5G09580	Aspergillus fumigatus (strain ATCC MYA-4609 / CBS 101355 / FGSC A1100 / Af293) (Neosartorya fumigata)	159	PF01185;	IPR001338;IPR019778;	SIGNAL 1..18; /evidence="ECO:0000255"	FUNCTION: Aerial growth, conidiation, and dispersal of filamentous fungi in the environment depend on their ability to secrete small amphipathic proteins called hydrophobins (HPBs) with low sequence identity. Class I can self-assemble into an outermost layer of rodlet bundles on aerial cell surfaces, conferring cellular hydrophobicity that supports fungal growth, development and dispersal; whereas Class II form highly ordered films at water-air interfaces through intermolecular interactions but contribute nothing to the rodlet structure (Probable). RodA is a class I hydrophobin involved in the morphogenesis of the dispersible conidia and the resistance to environmental stress (PubMed:7927699). RodA alone is responsible for rodlet formation, sporulation, conidial hydrophobicity, resistance to physical insult or anionic dyes, and immunological inertia of the conidia (PubMed:19713928, PubMed:21178439, PubMed:29371496, PubMed:35314887, PubMed:7927699, PubMed:7927700). Acts as a virulence factor that masks host Dectin-1 and Dectin-2 recognition of conidia, resulting in impaired neutrophil recruitment to the cornea and increased fungal survival and clinical disease (PubMed:23926321). {ECO:0000269|PubMed:19713928, ECO:0000269|PubMed:21178439, ECO:0000269|PubMed:23926321, ECO:0000269|PubMed:29371496, ECO:0000269|PubMed:35314887, ECO:0000269|PubMed:7927699, ECO:0000269|PubMed:7927700, ECO:0000305}.
P49072	HYPA_AGABI	Class I hydrophobin A (Hydrophobin 1)	hypA abh1 abh3	Agaricus bisporus (White button mushroom)	112	PF01185;	IPR001338;IPR019778;	SIGNAL 1..19; /evidence="ECO:0000255"	FUNCTION: Aerial growth, conidiation, and dispersal of filamentous fungi in the environment depend on their ability to secrete small amphipathic proteins called hydrophobins (HPBs) with low sequence identity. Class I can self-assemble into an outermost layer of rodlet bundles on aerial cell surfaces, conferring cellular hydrophobicity that supports fungal growth, development and dispersal; whereas Class II form highly ordered films at water-air interfaces through intermolecular interactions but contribute nothing to the rodlet structure (Probable). HypA is a class I hydrophobin that forms a protective hydrophobic layer instrumental in cap formation (PubMed:8632464). Responsible for the hydrophobicity of the fruiting-body surface but may also line air channels within fruiting bodies (PubMed:8704971). {ECO:0000269|PubMed:8632464, ECO:0000269|PubMed:8704971, ECO:0000305}.
P52751	MPG1_PYRO7	Class I hydrophobin MPG1	MPG1 MGCH7_ch7g1089 MGG_10315	Pyricularia oryzae (strain 70-15 / ATCC MYA-4617 / FGSC 8958) (Rice blast fungus) (Magnaporthe oryzae)	112	PF01185;	IPR001338;IPR019778;	SIGNAL 1..19; /evidence="ECO:0000255"	FUNCTION: Aerial growth, conidiation, and dispersal of filamentous fungi in the environment depend on their ability to secrete small amphipathic proteins called hydrophobins (HPBs) with low sequence identity. Class I can self-assemble into an outermost layer of rodlet bundles on aerial cell surfaces, conferring cellular hydrophobicity that supports fungal growth, development and dispersal; whereas Class II form highly ordered films at water-air interfaces through intermolecular interactions but contribute nothing to the rodlet structure (Probable). MPG1 is a class I hydrophobin that directs formation of a rodlet layer on conidia composed of interwoven 5 nm rodlets, which contributes to their surface hydrophobicity (PubMed:12239409). Plays a role in the elaboration of infective structures by fungi and may fulfill other functions in fungal phytopathogenesis (PubMed:8312740). Required for host recognition and acts as a morphogenetic signal for efficient induction of appressoria in response to a host surface (PubMed:8755621). {ECO:0000269|PubMed:12239409, ECO:0000269|PubMed:8312740, ECO:0000269|PubMed:8755621, ECO:0000305}.
P52753	CRYP_CRYPA	Class II hydrophobin CRP (Cryparin)	CRP	Cryphonectria parasitica (Chestnut blight fungus) (Endothia parasitica)	118	PF06766;	IPR010636;IPR036686;	SIGNAL 1..22; /evidence="ECO:0000269|PubMed:8112589"	FUNCTION: Aerial growth, conidiation, and dispersal of filamentous fungi in the environment depend on their ability to secrete small amphipathic proteins called hydrophobins (HPBs) with low sequence identity. Class I can self-assemble into an outermost layer of rodlet bundles on aerial cell surfaces, conferring cellular hydrophobicity that supports fungal growth, development and dispersal; whereas Class II form highly ordered films at water-air interfaces through intermolecular interactions but contribute nothing to the rodlet structure (Probable). Cryparin is a class II hydrophobin that is the most abundant protein produced by this fungus when grown in liquid culture and that plays an essential role in the fitness of this important plant pathogen by facilitating the eruption of the fungal fruiting bodies through the bark of its host tree (PubMed:15879527). {ECO:0000269|PubMed:15879527, ECO:0000305}.
P52754	HYP1_TRIRF	Class II hydrophobin 1 (Hydrophobin I) (HFBI)	hfb1	Trichoderma reesei (Filamentous fungus) (Hypocrea jecorina)	97	PF06766;	IPR010636;IPR036686;	SIGNAL 1..16; /evidence="ECO:0000255"	FUNCTION: Aerial growth, conidiation, and dispersal of filamentous fungi in the environment depend on their ability to secrete small amphipathic proteins called hydrophobins (HPBs) with low sequence identity. Class I can self-assemble into an outermost layer of rodlet bundles on aerial cell surfaces, conferring cellular hydrophobicity that supports fungal growth, development and dispersal; whereas Class II form highly ordered films at water-air interfaces through intermolecular interactions but contribute nothing to the rodlet structure (Probable). Hbf1 is a class II hydrophobin that has a role in hyphal development and is in particular required for the formation of aerial hyphae (PubMed:16243453). {ECO:0000269|PubMed:16243453, ECO:0000305}.
Q2U3W7	ROLA_ASPOR	Class I hydrophobin A (RodA-like protein A)	rolA AO090020000588	Aspergillus oryzae (strain ATCC 42149 / RIB 40) (Yellow koji mold)	151	PF01185;	IPR001338;	SIGNAL 1..17; /evidence="ECO:0000255"	FUNCTION: Aerial growth, conidiation, and dispersal of filamentous fungi in the environment depend on their ability to secrete small amphipathic proteins called hydrophobins (HPBs) with low sequence identity. Class I can self-assemble into an outermost layer of rodlet bundles on aerial cell surfaces, conferring cellular hydrophobicity that supports fungal growth, development and dispersal; whereas Class II form highly ordered films at water-air interfaces through intermolecular interactions but contribute nothing to the rodlet structure (Probable). RolA is a class I hydrophobin that undergoes a conformational change after its adsorption to hydrophobic surfaces such as the biodegradable polyester polybutylene succinate-coadipate (PBSA) and recruits the cutinase cutL1, resulting in condensation of cutL1 on the PBSA surface and consequent stimulation of PBSA hydrolysis (PubMed:16135240, PubMed:25273133). Increases also the activity of polyethylene terephthalate hydrolase (PETase) that hydrolyzes polyethylene terephthalate (PET), one of the most well-known polyesters that is widely used as packaging material, when the PET samples are preincubated with the hydrophobin. The wetting effect of rolA probably acts on PET surface to become hydrophilic, which leads PETase easier to contact and attack the surface (PubMed:32506284). {ECO:0000269|PubMed:16135240, ECO:0000269|PubMed:25273133, ECO:0000269|PubMed:32506284, ECO:0000305}.
Q36257	ATP8_YARLI	ATP synthase protein 8 (A6L) (F-ATPase subunit 8)	ATP8	Yarrowia lipolytica (strain CLIB 122 / E 150) (Yeast) (Candida lipolytica)	48	PF05933;	IPR009230;		FUNCTION: Mitochondrial membrane ATP synthase (F(1)F(0) ATP synthase or Complex V) produces ATP from ADP in the presence of a proton gradient across the membrane which is generated by electron transport complexes of the respiratory chain (PubMed:25759169). F-type ATP synthases consist of two structural domains, F(1) - containing the extramembraneous catalytic core, and F(0) - containing the membrane proton channel, linked together by a central stalk and a peripheral stalk (PubMed:27373333). During catalysis, ATP synthesis in the catalytic domain of F(1) is coupled via a rotary mechanism of the central stalk subunits to proton translocation (PubMed:27373333). Part of the complex F(0) domain (PubMed:27373333). Minor subunit located with subunit a/ATP6 in the membrane (PubMed:27373333). {ECO:0000269|PubMed:25759169, ECO:0000269|PubMed:27373333}.
Q37695	ATP9_YARLI	ATP synthase subunit 9, mitochondrial (ATP synthase subunit c) (Lipid-binding protein)	OLI1 ATP9	Yarrowia lipolytica (strain CLIB 122 / E 150) (Yeast) (Candida lipolytica)	76	PF00137;	IPR000454;IPR020537;IPR038662;IPR002379;IPR035921;		FUNCTION: Mitochondrial membrane ATP synthase (F(1)F(0) ATP synthase or Complex V) produces ATP from ADP in the presence of a proton gradient across the membrane which is generated by electron transport complexes of the respiratory chain (PubMed:25759169). F-type ATP synthases consist of two structural domains, F(1) - containing the extramembraneous catalytic core, and F(0) - containing the membrane proton channel, linked together by a central stalk and a peripheral stalk (PubMed:27373333). During catalysis, ATP synthesis in the catalytic domain of F(1) is coupled via a rotary mechanism of the central stalk subunits to proton translocation (PubMed:27373333). Part of the complex F(0) domain. A homomeric c-ring of 10 OLI1/ATP9 subunits is part of the complex rotary element (PubMed:27373333). {ECO:0000269|PubMed:25759169, ECO:0000269|PubMed:27373333}.
Q9Y7H0	VMH3_PLEOS	Class I hydrophobin 3	vhm33	Pleurotus ostreatus (Oyster mushroom) (Agaricus ostreatus)	108	PF01185;	IPR001338;IPR019778;	SIGNAL 1..17; /evidence="ECO:0000255"	FUNCTION: Aerial growth, conidiation, and dispersal of filamentous fungi in the environment depend on their ability to secrete small amphipathic proteins called hydrophobins (HPBs) with low sequence identity. Class I can self-assemble into an outermost layer of rodlet bundles on aerial cell surfaces, conferring cellular hydrophobicity that supports fungal growth, development and dispersal; whereas Class II form highly ordered films at water-air interfaces through intermolecular interactions but contribute nothing to the rodlet structure (Probable). Vmh3 is a class I hydrophobin that is essential for the maintenance of the surface hydrophobicity of the mycelium and might be involved in the development of fruiting bodies (PubMed:12147487, PubMed:37081785). Plays an important role in hyphal resistance against environmental stress (PubMed:37081785). Necessary for the efficient biodegradation of lignin (PubMed:37061783). {ECO:0000269|PubMed:12147487, ECO:0000269|PubMed:37061783, ECO:0000269|PubMed:37081785, ECO:0000305}.
A0A067N4P3	HYD12_PLEO1	Class I hydrophobin 12	Hydph12 PLEOSDRAFT_1114709	Pleurotus ostreatus (strain PC15) (Oyster mushroom)	104	PF01185;	IPR001338;	SIGNAL 1..25; /evidence="ECO:0000255"	FUNCTION: Aerial growth, conidiation, and dispersal of filamentous fungi in the environment depend on their ability to secrete small amphipathic proteins called hydrophobins (HPBs) with low sequence identity. Class I can self-assemble into an outermost layer of rodlet bundles on aerial cell surfaces, conferring cellular hydrophobicity that supports fungal growth, development and dispersal; whereas Class II form highly ordered films at water-air interfaces through intermolecular interactions but contribute nothing to the rodlet structure (Probable). Hydph12 is a class I hydrophobin involved in the formation of mycelium knots (PubMed:33636611). {ECO:0000269|PubMed:33636611, ECO:0000305}.
A0A067NGV3	FBH1_PLEO1	Fruiting body-specific class I hydrophobin fbh1	fbh1 PLEOSDRAFT_47325	Pleurotus ostreatus (strain PC15) (Oyster mushroom)	113	PF01185;	IPR001338;	SIGNAL 1..20; /evidence="ECO:0000255"	FUNCTION: Aerial growth, conidiation, and dispersal of filamentous fungi in the environment depend on their ability to secrete small amphipathic proteins called hydrophobins (HPBs) with low sequence identity. Class I can self-assemble into an outermost layer of rodlet bundles on aerial cell surfaces, conferring cellular hydrophobicity that supports fungal growth, development and dispersal; whereas Class II form highly ordered films at water-air interfaces through intermolecular interactions but contribute nothing to the rodlet structure (Probable). Fbh1 is a fruiting body-specific class I hydrophobin that is involved in the growth rate and primordia formation (PubMed:33636611). {ECO:0000269|PubMed:33636611, ECO:0000305}.
A0A067NHE1	HYD17_PLEO1	Class I hydrophobin 17	Hydph17 PLEOSDRAFT_171316	Pleurotus ostreatus (strain PC15) (Oyster mushroom)	112	PF01185;	IPR001338;	SIGNAL 1..19; /evidence="ECO:0000255"	FUNCTION: Aerial growth, conidiation, and dispersal of filamentous fungi in the environment depend on their ability to secrete small amphipathic proteins called hydrophobins (HPBs) with low sequence identity. Class I can self-assemble into an outermost layer of rodlet bundles on aerial cell surfaces, conferring cellular hydrophobicity that supports fungal growth, development and dispersal; whereas Class II form highly ordered films at water-air interfaces through intermolecular interactions but contribute nothing to the rodlet structure (Probable). Hydph17 is a class I hydrophobin involved in mycelial growth (PubMed:33636611). {ECO:0000269|PubMed:33636611, ECO:0000305}.
A0A067P1K6	VMH1_PLEO1	Class I hydrophobin 1	vmh1 PLEOSDRAFT_1061626	Pleurotus ostreatus (strain PC15) (Oyster mushroom)	116	PF01185;	IPR001338;	SIGNAL 1..19; /evidence="ECO:0000255"	FUNCTION: Aerial growth, conidiation, and dispersal of filamentous fungi in the environment depend on their ability to secrete small amphipathic proteins called hydrophobins (HPBs) with low sequence identity. Class I can self-assemble into an outermost layer of rodlet bundles on aerial cell surfaces, conferring cellular hydrophobicity that supports fungal growth, development and dispersal; whereas Class II form highly ordered films at water-air interfaces through intermolecular interactions but contribute nothing to the rodlet structure. {ECO:0000305}.
A0A067P943	HYD16_PLEO1	Class I hydrophobin 16	Hydph16 PLEOSDRAFT_1060612	Pleurotus ostreatus (strain PC15) (Oyster mushroom)	136	PF01185;	IPR001338;	SIGNAL 1..19; /evidence="ECO:0000255"	FUNCTION: Aerial growth, conidiation, and dispersal of filamentous fungi in the environment depend on their ability to secrete small amphipathic proteins called hydrophobins (HPBs) with low sequence identity. Class I can self-assemble into an outermost layer of rodlet bundles on aerial cell surfaces, conferring cellular hydrophobicity that supports fungal growth, development and dispersal; whereas Class II form highly ordered films at water-air interfaces through intermolecular interactions but contribute nothing to the rodlet structure (Probable). Hydph16 is a class I hydrophobin that has specific functions in aerial mycelium formation, cell wall stress protection, and cell wall structure formation, but does not seem to be involved in mycelial hydrophobicity (PubMed:39612978). Specifically functions in resisting cell wall synthesis inhibitors (PubMed:39612978). {ECO:0000269|PubMed:39612978, ECO:0000305}.
A0A0A2IC94	HFBC_PENEN	Class I hydrophobin C	HfbC rodA PEX2_011640	Penicillium expansum (Blue mold rot fungus)	140	PF01185;	IPR001338;	SIGNAL 1..23; /evidence="ECO:0000255"	FUNCTION: Aerial growth, conidiation, and dispersal of filamentous fungi in the environment depend on their ability to secrete small amphipathic proteins called hydrophobins (HPBs) with low sequence identity. Class I can self-assemble into an outermost layer of rodlet bundles on aerial cell surfaces, conferring cellular hydrophobicity that supports fungal growth, development and dispersal; whereas Class II form highly ordered films at water-air interfaces through intermolecular interactions but contribute nothing to the rodlet structure (Probable). In P.expansum, hydrophobins contribute to germination, tolerance to cold stress and mycotoxins patulin and citrinin production (PubMed:36374077). HfbC is involved in the virulence on apple (PubMed:30047230). {ECO:0000269|PubMed:30047230, ECO:0000269|PubMed:36374077, ECO:0000305|PubMed:36374077}.
A0A0A2J434	HFBG_PENEN	Class I hydrophobin G	HfbG dewE PEX2_067450	Penicillium expansum (Blue mold rot fungus)	109	PF01185;	IPR001338;	SIGNAL 1..19; /evidence="ECO:0000255"	FUNCTION: Aerial growth, conidiation, and dispersal of filamentous fungi in the environment depend on their ability to secrete small amphipathic proteins called hydrophobins (HPBs) with low sequence identity. Class I can self-assemble into an outermost layer of rodlet bundles on aerial cell surfaces, conferring cellular hydrophobicity that supports fungal growth, development and dispersal; whereas Class II form highly ordered films at water-air interfaces through intermolecular interactions but contribute nothing to the rodlet structure (Probable). In P.expansum, hydrophobins contribute to germination, tolerance to cold stress and mycotoxins patulin and citrinin production (PubMed:36374077). {ECO:0000269|PubMed:36374077, ECO:0000305|PubMed:36374077}.
A0A0A2JK41	HFBF_PENEN	Unclassified hydrophobin F	HfbF dewD PEX2_004990	Penicillium expansum (Blue mold rot fungus)	97	PF28987;	IPR062132;	SIGNAL 1..17; /evidence="ECO:0000255"	FUNCTION: Aerial growth, conidiation, and dispersal of filamentous fungi in the environment rely upon a capability of their secreting small amphipathic proteins called hydrophobins (HPBs) with low sequence identity. Class I can self-assemble into an outermost layer of rodlet bundles on aerial cell surfaces, conferring cellular hydrophobicity that supports fungal growth, development and dispersal; whereas Class II form highly ordered films at water-air interfaces through intermolecular interactions but contribute nothing to the rodlet structure (Probable). In P.expansum, hydrophobins contribute to germination, tolerance to cold stress and mycotoxins patulin and citrinin production (PubMed:36374077). HfbC, HfbD, HfbE, and HfbF have functional redundancy in fungal surface hydrophobicity (PubMed:36374077). {ECO:0000269|PubMed:36374077, ECO:0000305|PubMed:36374077}.
A0A0A2JSZ6	HFBB_PENEN	Class I hydrophobin B	HfbB rodA PEX2_098720	Penicillium expansum (Blue mold rot fungus)	156	PF01185;	IPR001338;	SIGNAL 1..18; /evidence="ECO:0000255"	FUNCTION: Aerial growth, conidiation, and dispersal of filamentous fungi in the environment depend on their ability to secrete small amphipathic proteins called hydrophobins (HPBs) with low sequence identity. Class I can self-assemble into an outermost layer of rodlet bundles on aerial cell surfaces, conferring cellular hydrophobicity that supports fungal growth, development and dispersal; whereas Class II form highly ordered films at water-air interfaces through intermolecular interactions but contribute nothing to the rodlet structure (Probable). In P.expansum, hydrophobins contribute to germination, tolerance to cold stress and mycotoxins patulin and citrinin production (PubMed:36374077). HfbA and HfbB are essential for fungal surface hydrophobicity (PubMed:36374077). {ECO:0000269|PubMed:36374077, ECO:0000305|PubMed:36374077}.
A0A0A2K7M3	HFBA_PENEN	Class I hydrophobin A	HfbA rodA PEX2_043940	Penicillium expansum (Blue mold rot fungus)	227	PF01185;	IPR001338;	SIGNAL 1..18; /evidence="ECO:0000255"	FUNCTION: Aerial growth, conidiation, and dispersal of filamentous fungi in the environment depend on their ability to secrete small amphipathic proteins called hydrophobins (HPBs) with low sequence identity. Class I can self-assemble into an outermost layer of rodlet bundles on aerial cell surfaces, conferring cellular hydrophobicity that supports fungal growth, development and dispersal; whereas Class II form highly ordered films at water-air interfaces through intermolecular interactions but contribute nothing to the rodlet structure (Probable). In P.expansum, hydrophobins contribute to germination, tolerance to cold stress and mycotoxins patulin and citrinin production (PubMed:36374077). HfbA and HfbB are essential for fungal surface hydrophobicity and HfbA mediates air and water dispersal (PubMed:36374077). {ECO:0000269|PubMed:36374077, ECO:0000305|PubMed:36374077}.
A0A0A2KI06	HFBE_PENEN	Class I hydrophobin E	HfbE PEX2_000510	Penicillium expansum (Blue mold rot fungus)	170			SIGNAL 1..19; /evidence="ECO:0000255"	FUNCTION: Aerial growth, conidiation, and dispersal of filamentous fungi in the environment depend on their ability to secrete small amphipathic proteins called hydrophobins (HPBs) with low sequence identity. Class I can self-assemble into an outermost layer of rodlet bundles on aerial cell surfaces, conferring cellular hydrophobicity that supports fungal growth, development and dispersal; whereas Class II form highly ordered films at water-air interfaces through intermolecular interactions but contribute nothing to the rodlet structure (Probable). In P.expansum, hydrophobins contribute to germination, tolerance to cold stress and mycotoxins patulin and citrinin production (PubMed:36374077). {ECO:0000269|PubMed:36374077, ECO:0000305|PubMed:36374077}.
A0A0C3D4E3	SSP1_OIDMZ	Class I hydrophobin SSP1 (Small secreted protein 1)	SSP1 OIDMADRAFT_182936	Oidiodendron maius (strain Zn)	93	PF22354;		SIGNAL 1..26; /evidence="ECO:0000255"	FUNCTION: Aerial growth, conidiation, and dispersal of filamentous fungi in the environment depend on their ability to secrete small amphipathic proteins called hydrophobins (HPBs) with low sequence identity. Class I can self-assemble into an outermost layer of rodlet bundles on aerial cell surfaces, conferring cellular hydrophobicity that supports fungal growth, development and dispersal; whereas Class II form highly ordered films at water-air interfaces through intermolecular interactions but contribute nothing to the rodlet structure (Probable). SSP1 is a class I hydrophobin that acts as an effector in the ericoid mycorrhizal interaction with Vaccinium myrtillus (PubMed:29765384). May enhance attachment of the fungus to the root surface and protect the fungal hypha from plant defense compounds (PubMed:29765384). {ECO:0000269|PubMed:29765384, ECO:0000305}.
A0A0D1BZL3	HUM2_MYCMD	Class I hydrophobin hum2	hum2 UMAG_11562	Mycosarcoma maydis (Corn smut fungus) (Ustilago maydis)	118	PF01185;	IPR001338;	SIGNAL 1..19; /evidence="ECO:0000255"	FUNCTION: Aerial growth, conidiation, and dispersal of filamentous fungi in the environment depend on their ability to secrete small amphipathic proteins called hydrophobins (HPBs) with low sequence identity. Class I can self-assemble into an outermost layer of rodlet bundles on aerial cell surfaces, conferring cellular hydrophobicity that supports fungal growth, development and dispersal; whereas Class II form highly ordered films at water-air interfaces through intermolecular interactions but contribute nothing to the rodlet structure (Probable). Hum2 is a class I hydrophobin which that plays a role in, but does not seem to be crucial for the formation of aerial hyphae (PubMed:17159213). Hydrophobins of Mycosarcoma maydis have been functionally replaced, at least partially, by repellents (PubMed:17159213). {ECO:0000269|PubMed:17159213, ECO:0000305}.
A0A0G4PJR9	RODA_PENC3	Class I hydrophobin rodA (Rodlet protein A)	rodA PCAMFM013_S018g000104	Penicillium camemberti (strain FM 013)	164	PF01185;	IPR001338;IPR019778;	SIGNAL 1..18; /evidence="ECO:0000255"	FUNCTION: Aerial growth, conidiation, and dispersal of filamentous fungi in the environment depend on their ability to secrete small amphipathic proteins called hydrophobins (HPBs) with low sequence identity. Class I can self-assemble into an outermost layer of rodlet bundles on aerial cell surfaces, conferring cellular hydrophobicity that supports fungal growth, development and dispersal; whereas Class II form highly ordered films at water-air interfaces through intermolecular interactions but contribute nothing to the rodlet structure (Probable). RodA is a class I hydrophobin involved in the cell surface hydrophobicity (PubMed:18093806). The surface rodlet layer of the conidial cell wall makes airborne conidia of filamentous fungi inert to both innate and adaptive immunity (PubMed:19713928). {ECO:0000269|PubMed:18093806, ECO:0000269|PubMed:19713928, ECO:0000305}.
A0A0J9UHQ6	HYD48_FUSO4	Class II hydrophobin FOXG_02748	FOXG_02748	Fusarium oxysporum f. sp. lycopersici (strain 4287 / CBS 123668 / FGSC 9935 / NRRL 34936) (Fusarium vascular wilt of tomato)	566	PF06766;	IPR010636;IPR036686;	SIGNAL 1..22; /evidence="ECO:0000255"	FUNCTION: Aerial growth, conidiation, and dispersal of filamentous fungi in the environment depend on their ability to secrete small amphipathic proteins called hydrophobins (HPBs) with low sequence identity. Class I can self-assemble into an outermost layer of rodlet bundles on aerial cell surfaces, conferring cellular hydrophobicity that supports fungal growth, development and dispersal; whereas Class II form highly ordered films at water-air interfaces through intermolecular interactions but contribute nothing to the rodlet structure (Probable). FOXG_02748 is a class II hydrophobin that is likely required for plant colonization (PubMed:36986302). {ECO:0000269|PubMed:36986302, ECO:0000305}.
A0A1I9QLC3	HYD2_FLAVE	Class I hydrophobin 2	Hyd-2	Flammulina velutipes (Agaricus velutipes)	105	PF01185;	IPR001338;	SIGNAL 1..20; /evidence="ECO:0000255"	FUNCTION: Aerial growth, conidiation, and dispersal of filamentous fungi in the environment depend on their ability to secrete small amphipathic proteins called hydrophobins (HPBs) with low sequence identity. Class I can self-assemble into an outermost layer of rodlet bundles on aerial cell surfaces, conferring cellular hydrophobicity that supports fungal growth, development and dispersal; whereas Class II form highly ordered films at water-air interfaces through intermolecular interactions but contribute nothing to the rodlet structure. {ECO:0000305}.
A0A1I9QLC4	HYD3_FLAVE	Class I hydrophobin 3	Hyd-3	Flammulina velutipes (Agaricus velutipes)	105	PF01185;	IPR001338;	SIGNAL 1..20; /evidence="ECO:0000255"	FUNCTION: Aerial growth, conidiation, and dispersal of filamentous fungi in the environment depend on their ability to secrete small amphipathic proteins called hydrophobins (HPBs) with low sequence identity. Class I can self-assemble into an outermost layer of rodlet bundles on aerial cell surfaces, conferring cellular hydrophobicity that supports fungal growth, development and dispersal; whereas Class II form highly ordered films at water-air interfaces through intermolecular interactions but contribute nothing to the rodlet structure. {ECO:0000305}.
A0A1I9QLC5	HYD4_FLAVE	Class I hydrophobin 4	Hyd-4	Flammulina velutipes (Agaricus velutipes)	122	PF01185;	IPR001338;	SIGNAL 1..20; /evidence="ECO:0000255"	FUNCTION: Aerial growth, conidiation, and dispersal of filamentous fungi in the environment depend on their ability to secrete small amphipathic proteins called hydrophobins (HPBs) with low sequence identity. Class I can self-assemble into an outermost layer of rodlet bundles on aerial cell surfaces, conferring cellular hydrophobicity that supports fungal growth, development and dispersal; whereas Class II form highly ordered films at water-air interfaces through intermolecular interactions but contribute nothing to the rodlet structure. {ECO:0000305}.
A0A1I9QLC6	HYD5_FLAVE	Class I hydrophobin 5	Hyd-5	Flammulina velutipes (Agaricus velutipes)	112	PF01185;	IPR001338;	SIGNAL 1..17; /evidence="ECO:0000255"	FUNCTION: Aerial growth, conidiation, and dispersal of filamentous fungi in the environment depend on their ability to secrete small amphipathic proteins called hydrophobins (HPBs) with low sequence identity. Class I can self-assemble into an outermost layer of rodlet bundles on aerial cell surfaces, conferring cellular hydrophobicity that supports fungal growth, development and dispersal; whereas Class II form highly ordered films at water-air interfaces through intermolecular interactions but contribute nothing to the rodlet structure. {ECO:0000305}.
A0A1I9QLC7	HYD6_FLAVE	Class I hydrophobin 6	Hyd-6	Flammulina velutipes (Agaricus velutipes)	112	PF01185;	IPR001338;	SIGNAL 1..17; /evidence="ECO:0000255"	FUNCTION: Aerial growth, conidiation, and dispersal of filamentous fungi in the environment depend on their ability to secrete small amphipathic proteins called hydrophobins (HPBs) with low sequence identity. Class I can self-assemble into an outermost layer of rodlet bundles on aerial cell surfaces, conferring cellular hydrophobicity that supports fungal growth, development and dispersal; whereas Class II form highly ordered films at water-air interfaces through intermolecular interactions but contribute nothing to the rodlet structure. {ECO:0000305}.
A0A1I9QLC8	HYD7_FLAVE	Class I hydrophobin 7	Hyd-7	Flammulina velutipes (Agaricus velutipes)	112	PF01185;	IPR001338;	SIGNAL 1..23; /evidence="ECO:0000255"	FUNCTION: Aerial growth, conidiation, and dispersal of filamentous fungi in the environment depend on their ability to secrete small amphipathic proteins called hydrophobins (HPBs) with low sequence identity. Class I can self-assemble into an outermost layer of rodlet bundles on aerial cell surfaces, conferring cellular hydrophobicity that supports fungal growth, development and dispersal; whereas Class II form highly ordered films at water-air interfaces through intermolecular interactions but contribute nothing to the rodlet structure. {ECO:0000305}.
A0A1I9QLC9	HYD8_FLAVE	Class I hydrophobin 8	Hyd-8	Flammulina velutipes (Agaricus velutipes)	128	PF01185;	IPR001338;	SIGNAL 1..20; /evidence="ECO:0000255"	FUNCTION: Aerial growth, conidiation, and dispersal of filamentous fungi in the environment depend on their ability to secrete small amphipathic proteins called hydrophobins (HPBs) with low sequence identity. Class I can self-assemble into an outermost layer of rodlet bundles on aerial cell surfaces, conferring cellular hydrophobicity that supports fungal growth, development and dispersal; whereas Class II form highly ordered films at water-air interfaces through intermolecular interactions but contribute nothing to the rodlet structure. {ECO:0000305}.
A0A1I9QLD0	HYD9_FLAVE	Class I hydrophobin 9	Hyd-9	Flammulina velutipes (Agaricus velutipes)	131	PF01185;	IPR001338;	SIGNAL 1..23; /evidence="ECO:0000255"	FUNCTION: Aerial growth, conidiation, and dispersal of filamentous fungi in the environment depend on their ability to secrete small amphipathic proteins called hydrophobins (HPBs) with low sequence identity. Class I can self-assemble into an outermost layer of rodlet bundles on aerial cell surfaces, conferring cellular hydrophobicity that supports fungal growth, development and dispersal; whereas Class II form highly ordered films at water-air interfaces through intermolecular interactions but contribute nothing to the rodlet structure. {ECO:0000305}.
A0A1I9QLD1	HYD10_FLAVE	Class I hydrophobin 10	Hyd-10	Flammulina velutipes (Agaricus velutipes)	118	PF01185;	IPR001338;	SIGNAL 1..20; /evidence="ECO:0000255"	FUNCTION: Aerial growth, conidiation, and dispersal of filamentous fungi in the environment depend on their ability to secrete small amphipathic proteins called hydrophobins (HPBs) with low sequence identity. Class I can self-assemble into an outermost layer of rodlet bundles on aerial cell surfaces, conferring cellular hydrophobicity that supports fungal growth, development and dispersal; whereas Class II form highly ordered films at water-air interfaces through intermolecular interactions but contribute nothing to the rodlet structure. {ECO:0000305}.
A0A219TTW8	HYD1_TRIHA	Class II hydrophobin 1	hyd1	Trichoderma harzianum (Hypocrea lixii)	93	PF06766;	IPR010636;IPR036686;	SIGNAL 1..16; /evidence="ECO:0000255"	FUNCTION: Aerial growth, conidiation, and dispersal of filamentous fungi in the environment depend on their ability to secrete small amphipathic proteins called hydrophobins (HPBs) with low sequence identity. Class I can self-assemble into an outermost layer of rodlet bundles on aerial cell surfaces, conferring cellular hydrophobicity that supports fungal growth, development and dispersal; whereas Class II form highly ordered films at water-air interfaces through intermolecular interactions but contribute nothing to the rodlet structure (Probable). Hyd1 is a class II hydrophobin that acts as an elicitor of induced systemic resistance (ISR) in plants (PubMed:30803127). During interaction with the plant, binds with the maize target protein UBL in order to recruit more UBL proteins in maize roots to elicit plant defense responses, including cell death as well as brassinosteroid, jasmonate (JA) and ethylene (ET) signaling (PubMed:30803127). {ECO:0000269|PubMed:30803127, ECO:0000305}.
A0A2H4S6M4	QHYD_CORMI	Quadr-hydrophobin	QHYD A9K55_003394	Cordyceps militaris (Caterpillar fungus) (Clavaria militaris)	537	PF06766;	IPR010636;IPR036686;	SIGNAL 1..17; /evidence="ECO:0000255"	FUNCTION: Aerial growth, conidiation, and dispersal of filamentous fungi in the environment depend on their ability to secrete small amphipathic proteins called hydrophobins (HPBs) with low sequence identity. Class I can self-assemble into an outermost layer of rodlet bundles on aerial cell surfaces, conferring cellular hydrophobicity that supports fungal growth, development and dispersal; whereas Class II form highly ordered films at water-air interfaces through intermolecular interactions but contribute nothing to the rodlet structure. {ECO:0000305}.
A0A2H4SBS0	HYD1_CORMI	Class II hydrophobin 1	HYD1 A9K55_005453	Cordyceps militaris (Caterpillar fungus) (Clavaria militaris)	105	PF06766;	IPR010636;IPR036686;	SIGNAL 1..15; /evidence="ECO:0000255"	FUNCTION: Aerial growth, conidiation, and dispersal of filamentous fungi in the environment depend on their ability to secrete small amphipathic proteins called hydrophobins (HPBs) with low sequence identity. Class I can self-assemble into an outermost layer of rodlet bundles on aerial cell surfaces, conferring cellular hydrophobicity that supports fungal growth, development and dispersal; whereas Class II form highly ordered films at water-air interfaces through intermolecular interactions but contribute nothing to the rodlet structure (Probable). HYD1 is a class II hydrophobin that plays roles in conidiation and cuticle-bypassing infection by regulating the transcripts of frequency clock protein frq, and velvet protein vosA, as well as primordium formation via the mitogen-activated protein kinase signaling pathway (PubMed:33440688, PubMed:34436213). Also participates in stress response, including tolerance of mycelia to osmotic and oxidative stresses, and conidia to high or low temperature (PubMed:34436213). Acts as a defensive factor against Calcarisporium cordycipiticola infection, probably via the formation of a physical barrier to inhibit the pathogen infection owing to its hydrophobicity or binding to the effector of C.cordycipiticola, hindering the recognition of the pathogen (PubMed:37807760). Finally, regulates the transcription of the AreA transcription factor at different developmental stages via a positive feedback loop (PubMed:34436213). {ECO:0000269|PubMed:33440688, ECO:0000269|PubMed:34436213, ECO:0000269|PubMed:37807760, ECO:0000305}.
A0A2H4SI69	HYD4_CORMI	Class I hydrophobin 4	HYD4 A9K55_007066	Cordyceps militaris (Caterpillar fungus) (Clavaria militaris)	104	PF01185;	IPR001338;	SIGNAL 1..16; /evidence="ECO:0000255"	FUNCTION: Aerial growth, conidiation, and dispersal of filamentous fungi in the environment depend on their ability to secrete small amphipathic proteins called hydrophobins (HPBs) with low sequence identity. Class I can self-assemble into an outermost layer of rodlet bundles on aerial cell surfaces, conferring cellular hydrophobicity that supports fungal growth, development and dispersal; whereas Class II form highly ordered films at water-air interfaces through intermolecular interactions but contribute nothing to the rodlet structure (Probable). HYD4 is a class I hydrophobin that negatively regulates aerial mycelial growth, conidiation, carotenoid and adenosine synthesis, resistance to oxidant stress, and fruiting body development (PubMed:33440688, PubMed:36902017). Does not seem to be involved in the mycelial growth rate, the hydrophobicity of the mycelia and conidia, nor the conidial virulence on silkworm pupae (PubMed:36902017). {ECO:0000269|PubMed:33440688, ECO:0000269|PubMed:36902017, ECO:0000305}.
A0A2H4SKW2	HYD3_CORMI	Class I hydrophobin 3	HYD3 A9K55_008043	Cordyceps militaris (Caterpillar fungus) (Clavaria militaris)	138	PF01185;	IPR001338;	SIGNAL 1..16; /evidence="ECO:0000255"	FUNCTION: Aerial growth, conidiation, and dispersal of filamentous fungi in the environment depend on their ability to secrete small amphipathic proteins called hydrophobins (HPBs) with low sequence identity. Class I can self-assemble into an outermost layer of rodlet bundles on aerial cell surfaces, conferring cellular hydrophobicity that supports fungal growth, development and dispersal; whereas Class II form highly ordered films at water-air interfaces through intermolecular interactions but contribute nothing to the rodlet structure (Probable). HYD3 is a class I hydrophobin that contributes to the formation of aerial hyphae and fruiting bodies (PubMed:33440688). {ECO:0000269|PubMed:33440688, ECO:0000305}.
A0A384JJH8	BHL1_BOTFB	Hydrophobin-like protein 1	Bhl1 BCIN_06g00450	Botrytis cinerea (strain B05.10) (Noble rot fungus) (Botryotinia fuckeliana)	145	PF29465;	IPR063347;	SIGNAL 1..20; /evidence="ECO:0000255"	FUNCTION: Aerial growth, conidiation, and dispersal of filamentous fungi in the environment rely upon a capability of their secreting small amphipathic proteins called hydrophobins (HPBs) with low sequence identity. Class I can self-assemble into an outermost layer of rodlet bundles on aerial cell surfaces, conferring cellular hydrophobicity that supports fungal growth, development and dispersal; whereas Class II form highly ordered films at water-air interfaces through intermolecular interactions but contribute nothing to the rodlet structure (Probable). In Botryotinia fuckeliana, hydrophobins are not involved in conferring surface hydrophobicity to conidia and aerial hyphae and their function in sclerotia and fruiting bodies remains to be investigated (PubMed:21232149). {ECO:0000269|PubMed:21232149, ECO:0000305|PubMed:21232149}.
A0A384JJM8	BHP3_BOTFB	Class II hydrophobin 3	Bhp3 BCIN_06g00510	Botrytis cinerea (strain B05.10) (Noble rot fungus) (Botryotinia fuckeliana)	98	PF06766;	IPR010636;IPR036686;	SIGNAL 1..18; /evidence="ECO:0000255"	FUNCTION: Aerial growth, conidiation, and dispersal of filamentous fungi in the environment depend on their ability to secrete small amphipathic proteins called hydrophobins (HPBs) with low sequence identity. Class I can self-assemble into an outermost layer of rodlet bundles on aerial cell surfaces, conferring cellular hydrophobicity that supports fungal growth, development and dispersal; whereas Class II form highly ordered films at water-air interfaces through intermolecular interactions but contribute nothing to the rodlet structure (Probable). In Botryotinia fuckeliana, hydrophobins are not involved in conferring surface hydrophobicity to conidia and aerial hyphae and their function in sclerotia and fruiting bodies remains to be investigated (PubMed:21232149). {ECO:0000269|PubMed:21232149, ECO:0000305|PubMed:21232149}.
A0A384JW35	BHP2_BOTFB	Class II hydrophobin 2	Bhp2 BCIN_11g01450	Botrytis cinerea (strain B05.10) (Noble rot fungus) (Botryotinia fuckeliana)	98	PF06766;	IPR010636;IPR036686;	SIGNAL 1..21; /evidence="ECO:0000255"	FUNCTION: Aerial growth, conidiation, and dispersal of filamentous fungi in the environment depend on their ability to secrete small amphipathic proteins called hydrophobins (HPBs) with low sequence identity. Class I can self-assemble into an outermost layer of rodlet bundles on aerial cell surfaces, conferring cellular hydrophobicity that supports fungal growth, development and dispersal; whereas Class II form highly ordered films at water-air interfaces through intermolecular interactions but contribute nothing to the rodlet structure (Probable). In Botryotinia fuckeliana, hydrophobins are not involved in conferring surface hydrophobicity to conidia and aerial hyphae and their function in sclerotia and fruiting bodies remains to be investigated (PubMed:21232149). {ECO:0000269|PubMed:21232149, ECO:0000305|PubMed:21232149}.
A0A3N2PQC3	HFB1_SODAK	Class II hydrophobin 1	HFB1 SODALDRAFT_334916	Sodiomyces alkalinus (strain CBS 110278 / VKM F-3762 / F11) (Alkaliphilic filamentous fungus)	99	PF06766;	IPR010636;IPR036686;	SIGNAL 1..26; /evidence="ECO:0000269|PubMed:35887416"	FUNCTION: Aerial growth, conidiation, and dispersal of filamentous fungi in the environment depend on their ability to secrete small amphipathic proteins called hydrophobins (HPBs) with low sequence identity. Class I can self-assemble into an outermost layer of rodlet bundles on aerial cell surfaces, conferring cellular hydrophobicity that supports fungal growth, development and dispersal; whereas Class II form highly ordered films at water-air interfaces through intermolecular interactions but contribute nothing to the rodlet structure (Probable). HFB1 is a class II hydrophobin that shows antifungal activity against pathogenic and opportunistic fungi such as Cryptococcus neoformans, Nakaseomyces glabrataa, or Candida tropicalis (PubMed:35887416). {ECO:0000269|PubMed:35887416, ECO:0000305}.
A0A6V8R0V1	HYD1_TRIAP	Class I hydrophobin 1	Hyd1 TASIC1_0009025200	Trichoderma asperellum (Filamentous fungus)	145			SIGNAL 1..18; /evidence="ECO:0000255"	FUNCTION: Aerial growth, conidiation, and dispersal of filamentous fungi in the environment depend on their ability to secrete small amphipathic proteins called hydrophobins (HPBs) with low sequence identity. Class I can self-assemble into an outermost layer of rodlet bundles on aerial cell surfaces, conferring cellular hydrophobicity that supports fungal growth, development and dispersal; whereas Class II form highly ordered films at water-air interfaces through intermolecular interactions but contribute nothing to the rodlet structure (Probable). Hyd1 is a class I hydrophobin that is involved in plant root attachment and colonization, and that might also protect the growing hyphae from locally synthesized plant defense compounds during the first stages of cucumber interaction, allowing this opportunistic, non-pathogenic fungus to colonize the intercellular spaces of the plant root (PubMed:20507444). {ECO:0000269|PubMed:20507444, ECO:0000305}.
A0A8A5N547	HGF2_GRIFR	Class I hydrophobin hgfII	hgfII	Grifola frondosa (Maitake) (Polyporus frondosus)	108	PF01185;	IPR001338;	SIGNAL 1..19; /evidence="ECO:0000255"	FUNCTION: Aerial growth, conidiation, and dispersal of filamentous fungi in the environment depend on their ability to secrete small amphipathic proteins called hydrophobins (HPBs) with low sequence identity. Class I can self-assemble into an outermost layer of rodlet bundles on aerial cell surfaces, conferring cellular hydrophobicity that supports fungal growth, development and dispersal; whereas Class II form highly ordered films at water-air interfaces through intermolecular interactions but contribute nothing to the rodlet structure (Probable). HgfII is a class I hydrophobin that is involved in cell surface hydrophobicity and might play a key role during the growth and development of hyphae cultured in liquid medium (PubMed:36160239). {ECO:0000269|PubMed:36160239, ECO:0000305}.
A0A9E8S4N7	HYD1_GANLU	Class I hydrophobin 1	hyd1	Ganoderma lucidum (Ling zhi medicinal fungus) (Bracket fungus)	145	PF01185;	IPR001338;	SIGNAL 1..19; /evidence="ECO:0000255"	FUNCTION: Aerial growth, conidiation, and dispersal of filamentous fungi in the environment depend on their ability to secrete small amphipathic proteins called hydrophobins (HPBs) with low sequence identity. Class I can self-assemble into an outermost layer of rodlet bundles on aerial cell surfaces, conferring cellular hydrophobicity that supports fungal growth, development and dispersal; whereas Class II form highly ordered films at water-air interfaces through intermolecular interactions but contribute nothing to the rodlet structure (Probable). Hyd1 is a class I hydrophobin that is crucial for the initiation of primordia formation (PubMed:37296219). Plays also important roles in nitrogen regulation and resistance to abiotic stresses (PubMed:37296219). {ECO:0000269|PubMed:37296219, ECO:0000305}.
A1XCI9	AFPA_FUSCU	Alkaline foam protein A (Fungispumin ApfA)	AfpA	Fusarium culmorum	191	PF30672;		SIGNAL 1..18; /evidence="ECO:0000269|PubMed:17584451"	FUNCTION: Non-hydrophobin surface-active protein of which natural function remains to be elucidated. {ECO:0000269|PubMed:17584451}.
A8P9W4	HYD1_COPC7	Class I hydrophobin 1	hyd1 CC1G_09189	Coprinopsis cinerea (strain Okayama-7 / 130 / ATCC MYA-4618 / FGSC 9003) (Inky cap fungus) (Hormographiella aspergillata)	118	PF01185;	IPR001338;	SIGNAL 1..20; /evidence="ECO:0000255"	FUNCTION: Aerial growth, conidiation, and dispersal of filamentous fungi in the environment depend on their ability to secrete small amphipathic proteins called hydrophobins (HPBs) with low sequence identity. Class I can self-assemble into an outermost layer of rodlet bundles on aerial cell surfaces, conferring cellular hydrophobicity that supports fungal growth, development and dispersal; whereas Class II form highly ordered films at water-air interfaces through intermolecular interactions but contribute nothing to the rodlet structure. {ECO:0000305}.
A8PA37	HYD2_COPC7	Class I hydrophobin 2	hyd2 CC1G_06086	Coprinopsis cinerea (strain Okayama-7 / 130 / ATCC MYA-4618 / FGSC 9003) (Inky cap fungus) (Hormographiella aspergillata)	135	PF01185;	IPR001338;	SIGNAL 1..20; /evidence="ECO:0000255"	FUNCTION: Aerial growth, conidiation, and dispersal of filamentous fungi in the environment depend on their ability to secrete small amphipathic proteins called hydrophobins (HPBs) with low sequence identity. Class I can self-assemble into an outermost layer of rodlet bundles on aerial cell surfaces, conferring cellular hydrophobicity that supports fungal growth, development and dispersal; whereas Class II form highly ordered films at water-air interfaces through intermolecular interactions but contribute nothing to the rodlet structure. {ECO:0000305}.
D4ARW0	HYPA_ARTBC	Class I hydrophobin A	HYPA ARB_06975	Arthroderma benhamiae (strain ATCC MYA-4681 / CBS 112371) (Trichophyton mentagrophytes)	139	PF01185;	IPR001338;IPR019778;	SIGNAL 1..18; /evidence="ECO:0000255"	FUNCTION: Aerial growth, conidiation, and dispersal of filamentous fungi in the environment depend on their ability to secrete small amphipathic proteins called hydrophobins (HPBs) with low sequence identity. Class I can self-assemble into an outermost layer of rodlet bundles on aerial cell surfaces, conferring cellular hydrophobicity that supports fungal growth, development and dispersal; whereas Class II form highly ordered films at water-air interfaces through intermolecular interactions but contribute nothing to the rodlet structure (Probable). HYPA is a class I hydrophobin that contributes to surface hydrophobicity, and prevents recognition by the cellular immune defense system. {ECO:0000269|PubMed:22408226, ECO:0000305}.
D8QCG9	SC16_SCHCM	Class I hydrophobin SC16	SC16 HYD1 SCHCODRAFT_58269	Schizophyllum commune (strain H4-8 / FGSC 9210) (Split gill fungus)	114	PF01185;	IPR001338;IPR019778;	SIGNAL 1..17; /evidence="ECO:0000255"	FUNCTION: Aerial growth, conidiation, and dispersal of filamentous fungi in the environment depend on their ability to secrete small amphipathic proteins called hydrophobins (HPBs) with low sequence identity. Class I can self-assemble into an outermost layer of rodlet bundles on aerial cell surfaces, conferring cellular hydrophobicity that supports fungal growth, development and dispersal; whereas Class II form highly ordered films at water-air interfaces through intermolecular interactions but contribute nothing to the rodlet structure. {ECO:0000305}.
E9DZB1	HYD3_METAQ	Class I hydrophobin 3	HYD3 MAC_02959	Metarhizium acridum (strain CQMa 102)	91	PF29802;	IPR062192;	SIGNAL 1..17; /evidence="ECO:0000255"	FUNCTION: Aerial growth, conidiation, and dispersal of filamentous fungi in the environment depend on their ability to secrete small amphipathic proteins called hydrophobins (HPBs) with low sequence identity. Class I can self-assemble into an outermost layer of rodlet bundles on aerial cell surfaces, conferring cellular hydrophobicity that supports fungal growth, development and dispersal; whereas Class II form highly ordered films at water-air interfaces through intermolecular interactions but contribute nothing to the rodlet structure (Probable). HYD3 is a class I hydrophobin located on the conidial surface that activates specifically the humoral and cellular immunity of Metarhizium acridum's own host insect, Locusta migratoria manilensis (Meyen) but not that of other non-host insects (PubMed:33022346). Improves the resistance of locusts to both specialist and generalist fungal pathogens (wide host range) when topically applied to the cuticle, but has no effect on the fungal resistance of other insects, including Spodoptera frugiperda and Galleria mellonella (PubMed:33022346). {ECO:0000269|PubMed:33022346, ECO:0000305}.
E9EN44	HYD3_METRA	Class II hydrophobin 3	hyd3 MAA_01182	Metarhizium robertsii (strain ARSEF 23 / ATCC MYA-3075) (Metarhizium anisopliae (strain ARSEF 23))	95	PF06766;	IPR010636;IPR036686;	SIGNAL 1..16; /evidence="ECO:0000255"	FUNCTION: Aerial growth, conidiation, and dispersal of filamentous fungi in the environment depend on their ability to secrete small amphipathic proteins called hydrophobins (HPBs) with low sequence identity. Class I can self-assemble into an outermost layer of rodlet bundles on aerial cell surfaces, conferring cellular hydrophobicity that supports fungal growth, development and dispersal; whereas Class II form highly ordered films at water-air interfaces through intermolecular interactions but contribute nothing to the rodlet structure (Probable). Hyd3 plays a neglectable role in hyphal growth and asexual development and does not seem involved in cellular hydrophobicity, conidial adhesion, stress tolerance nor insect pathogenicity (PubMed:37844657). {ECO:0000269|PubMed:37844657, ECO:0000305|PubMed:37844657}.
E9FBT2	HYD2_METRA	Class I hydrophobin 2	hyd2 MAA_09731	Metarhizium robertsii (strain ARSEF 23 / ATCC MYA-3075) (Metarhizium anisopliae (strain ARSEF 23))	96	PF01185;	IPR001338;IPR019778;	SIGNAL 1..15; /evidence="ECO:0000255"	FUNCTION: Aerial growth, conidiation, and dispersal of filamentous fungi in the environment depend on their ability to secrete small amphipathic proteins called hydrophobins (HPBs) with low sequence identity. Class I can self-assemble into an outermost layer of rodlet bundles on aerial cell surfaces, conferring cellular hydrophobicity that supports fungal growth, development and dispersal; whereas Class II form highly ordered films at water-air interfaces through intermolecular interactions but contribute nothing to the rodlet structure (Probable). Hyd2 plays a neglectable role in hyphal growth and asexual development and does not seem involved in cellular hydrophobicity, conidial adhesion, stress tolerance nor insect pathogenicity (PubMed:37844657). {ECO:0000269|PubMed:37844657, ECO:0000305|PubMed:37844657}.
E9FDE9	HYD1_METRA	Class I hydrophobin 1	hyd1 MAA_10298	Metarhizium robertsii (strain ARSEF 23 / ATCC MYA-3075) (Metarhizium anisopliae (strain ARSEF 23))	102	PF22354;	IPR001338;	SIGNAL 1..18; /evidence="ECO:0000255"	FUNCTION: Aerial growth, conidiation, and dispersal of filamentous fungi in the environment depend on their ability to secrete small amphipathic proteins called hydrophobins (HPBs) with low sequence identity. Class I can self-assemble into an outermost layer of rodlet bundles on aerial cell surfaces, conferring cellular hydrophobicity that supports fungal growth, development and dispersal; whereas Class II form highly ordered films at water-air interfaces through intermolecular interactions but contribute nothing to the rodlet structure (Probable). Hyd1 is essential for stress tolerance, conidial hydrophobicity, adhesion to insect cuticle, and insect infectivity/pathogenicity (PubMed:37844657). Plays a neglectable role in hyphal growth and asexual development (PubMed:37844657). {ECO:0000269|PubMed:37844657, ECO:0000305|PubMed:37844657}.
G0RVE5	HYP3_TRIR6	Class II hydrophobin 3 (Hydrophobin III) (HFBIII)	hfb3 TRIREDRAFT_123967	Trichoderma reesei (strain QM6a) (Filamentous fungus) (Hypocrea jecorina)	102	PF06766;	IPR010636;IPR036686;	SIGNAL 1..16; /evidence="ECO:0000255"	FUNCTION: Aerial growth, conidiation, and dispersal of filamentous fungi in the environment depend on their ability to secrete small amphipathic proteins called hydrophobins (HPBs) with low sequence identity. Class I can self-assemble into an outermost layer of rodlet bundles on aerial cell surfaces, conferring cellular hydrophobicity that supports fungal growth, development and dispersal; whereas Class II form highly ordered films at water-air interfaces through intermolecular interactions but contribute nothing to the rodlet structure (Probable). Hbf3 is a class II hydrophobin that has a role in vegetative growth and asexual development (PubMed:28013240). {ECO:0000269|PubMed:28013240, ECO:0000305}.
G2WSJ0	VDH4_VERDV	Hydrophobin 4	VDH4 VDAG_01586	Verticillium dahliae (strain VdLs.17 / ATCC MYA-4575 / FGSC 10137) (Verticillium wilt)	94	PF06766;	IPR010636;IPR036686;	SIGNAL 1..17; /evidence="ECO:0000255"	FUNCTION: Aerial growth, conidiation, and dispersal of filamentous fungi in the environment depend on their ability to secrete small amphipathic proteins called hydrophobins (HPBs) with low sequence identity. Class I can self-assemble into an outermost layer of rodlet bundles on aerial cell surfaces, conferring cellular hydrophobicity that supports fungal growth, development and dispersal; whereas Class II form highly ordered films at water-air interfaces through intermolecular interactions but contribute nothing to the rodlet structure (Probable). VDH4 is a class II hydrophobin that is dispensable for development, stress response and initial colonization of tomato hypocotyls, while it contributes to full disease development in tomato plants by acting at later colonization stages (PubMed:36547586). {ECO:0000269|PubMed:36547586, ECO:0000305}.
G2WVD2	VDH1_VERDV	Hydrophobin 1	VDAG_02273	Verticillium dahliae (strain VdLs.17 / ATCC MYA-4575 / FGSC 10137) (Verticillium wilt)	99	PF06766;	IPR010636;IPR036686;	SIGNAL 1..17; /evidence="ECO:0000255"	FUNCTION: Aerial growth, conidiation, and dispersal of filamentous fungi in the environment depend on their ability to secrete small amphipathic proteins called hydrophobins (HPBs) with low sequence identity. Class I can self-assemble into an outermost layer of rodlet bundles on aerial cell surfaces, conferring cellular hydrophobicity that supports fungal growth, development and dispersal; whereas Class II form highly ordered films at water-air interfaces through intermolecular interactions but contribute nothing to the rodlet structure (Probable). VDH1 is a class II hydrophobin that mediates the development of microsclerotia through the fusion of aerial structures, including conidiophores (PubMed:16488633, PubMed:18951989, PubMed:24015849). {ECO:0000269|PubMed:16488633, ECO:0000269|PubMed:18951989, ECO:0000269|PubMed:24015849, ECO:0000305}.
G2XCG9	VDH5_VERDV	Hydrophobin 5	VDH5 VDAG_07851	Verticillium dahliae (strain VdLs.17 / ATCC MYA-4575 / FGSC 10137) (Verticillium wilt)	254	PF06766;	IPR010636;IPR036686;IPR008119;	SIGNAL 1..17; /evidence="ECO:0000255"	FUNCTION: Aerial growth, conidiation, and dispersal of filamentous fungi in the environment depend on their ability to secrete small amphipathic proteins called hydrophobins (HPBs) with low sequence identity. Class I can self-assemble into an outermost layer of rodlet bundles on aerial cell surfaces, conferring cellular hydrophobicity that supports fungal growth, development and dispersal; whereas Class II form highly ordered films at water-air interfaces through intermolecular interactions but contribute nothing to the rodlet structure (Probable). VDH5 is a class II hydrophobin that is dispensable for development, stress response and initial colonization of tomato hypocotyls, while it contributes to full disease development in tomato plants by acting at later colonization stages (PubMed:36547586). {ECO:0000269|PubMed:36547586, ECO:0000305}.
G2XED6	ZFPF_VERDV	Zn(2)-C6 fungal-type transcription factor PF	PF VDAG_08521	Verticillium dahliae (strain VdLs.17 / ATCC MYA-4575 / FGSC 10137) (Verticillium wilt)	898	PF04082;PF00172;	IPR050987;IPR007219;IPR036864;IPR001138;		FUNCTION: Transcription factor that regulates melanized microsclerotia formation, conidia production and pathogenicity (PubMed:26857810). Directly regulates cAMP and the G protein-coupled signaling pathways via binding to the promoters of the sole adenylate cyclase gene (VDAG_04508), the only cAMP-dependent PKA gene (VDAG_06474), the G protein-coupled receptors GP1 (VDAG_04611), GP2 (VDAG_02846) and GP3 (VDAG_09140), but not to the MAP kinase kinase MKK1 (VDAG_09823) nor the MAP kinase kinase kinase MKH1 (VDAG_00874) (PubMed:26857810). Positively regulates the expression of VDH1 (a class II hydrophobin) and GRP1 (glutamic acid-rich protein 1) which have been shown to play important roles in microsclerotia formation as well as the expression of the melanin biosynthetic genes BRN1, BRN2 and SCD1 (PubMed:26857810). Binds to the promoters of PKS1 and SCD1, but not to the promoters of BRN1 or BRN2, indicating that G protein-coupled signaling may be involved in the regulation of melanin biosynthesis (PubMed:26857810). Also regulates PKAC1, SNF1, SGE1, NLP1 and NLP2, which have been demonstrated to be major virulence factors (PubMed:26857810). Finally, can also bind to its own promoter (PubMed:26857810). {ECO:0000269|PubMed:26857810}.
G2XFX7	VDH2_VERDV	Hydrophobin 2 (Hydrophobic protein 1)	VDH2 HP1 VDAG_08956	Verticillium dahliae (strain VdLs.17 / ATCC MYA-4575 / FGSC 10137) (Verticillium wilt)	95	PF06766;	IPR010636;IPR036686;	SIGNAL 1..16; /evidence="ECO:0000255"	FUNCTION: Aerial growth, conidiation, and dispersal of filamentous fungi in the environment depend on their ability to secrete small amphipathic proteins called hydrophobins (HPBs) with low sequence identity. Class I can self-assemble into an outermost layer of rodlet bundles on aerial cell surfaces, conferring cellular hydrophobicity that supports fungal growth, development and dispersal; whereas Class II form highly ordered films at water-air interfaces through intermolecular interactions but contribute nothing to the rodlet structure (Probable). VDH2 is a class II hydrophobin that negatively regulates the virulence and plays an important role in development, adaptability and pathogenicity (PubMed:35377232). Involved in regulating the decomposition and utilization of skim milk, cellulose, and starch during mycelial growth (PubMed:35377232). Induces cell death and activates plant immune responses during infection (PubMed:35377232). Is dispensable for vegetative growth, microsclerotia formation, conidiation, and stress response (PubMed:36547586). {ECO:0000269|PubMed:35377232, ECO:0000269|PubMed:36547586, ECO:0000305}.
G9MKB2	HFB3_HYPVG	Class I hydrophobin Hfb3	Hfb3 TRIVIDRAFT_54663	Hypocrea virens (strain Gv29-8 / FGSC 10586) (Gliocladium virens) (Trichoderma virens)	133			SIGNAL 1..18; /evidence="ECO:0000255"	FUNCTION: Aerial growth, conidiation, and dispersal of filamentous fungi in the environment depend on their ability to secrete small amphipathic proteins called hydrophobins (HPBs) with low sequence identity. Class I can self-assemble into an outermost layer of rodlet bundles on aerial cell surfaces, conferring cellular hydrophobicity that supports fungal growth, development and dispersal; whereas Class II form highly ordered films at water-air interfaces through intermolecular interactions but contribute nothing to the rodlet structure (Probable). Hfb3 is a class I hydrophobin that does not play a role during conidiation in submerged cultures, in contrast to class II hydrophobins (PubMed:17600058). {ECO:0000269|PubMed:17600058, ECO:0000305}.
G9MQW8	SRH1_HYPVG	Class II hydrophobin Srh1	Srh1 TRIVIDRAFT_91466	Hypocrea virens (strain Gv29-8 / FGSC 10586) (Gliocladium virens) (Trichoderma virens)	93	PF06766;	IPR010636;IPR036686;	SIGNAL 1..16; /evidence="ECO:0000255"	FUNCTION: Aerial growth, conidiation, and dispersal of filamentous fungi in the environment depend on their ability to secrete small amphipathic proteins called hydrophobins (HPBs) with low sequence identity. Class I can self-assemble into an outermost layer of rodlet bundles on aerial cell surfaces, conferring cellular hydrophobicity that supports fungal growth, development and dispersal; whereas Class II form highly ordered films at water-air interfaces through intermolecular interactions but contribute nothing to the rodlet structure (Probable). Srh1 is a class II hydrophobin that plays an important role during conidiation in submerged cultures and is especially involved in the breakage of the liquid-air interface (PubMed:17600058). {ECO:0000269|PubMed:17600058, ECO:0000305}.
I1RDP9	HYD1_GIBZE	Class I hydrophobin 1	Hyd1 FG01763 FGRAMPH1_01T04285	Gibberella zeae (strain ATCC MYA-4620 / CBS 123657 / FGSC 9075 / NRRL 31084 / PH-1) (Wheat head blight fungus) (Fusarium graminearum)	117			SIGNAL 1..17; /evidence="ECO:0000255"	FUNCTION: Aerial growth, conidiation, and dispersal of filamentous fungi in the environment depend on their ability to secrete small amphipathic proteins called hydrophobins (HPBs) with low sequence identity. Class I can self-assemble into an outermost layer of rodlet bundles on aerial cell surfaces, conferring cellular hydrophobicity that supports fungal growth, development and dispersal; whereas Class II form highly ordered films at water-air interfaces through intermolecular interactions but contribute nothing to the rodlet structure (Probable). Hyd1 is a class I hydrophobin involved in aerial growth, water-air interface penetration, and hyphal hydrophobicity (PubMed:35278684). All five hydrophobins act cumulatively to regulate conidiation, pathogenicity and deoxynivalenol (DON) production (PubMed:35278684). {ECO:0000269|PubMed:35278684, ECO:0000305}.
I1RDQ0	HYD2_GIBZE	Class I hydrophobin 2	Hyd2 FG01764 FGRAMPH1_01T04287	Gibberella zeae (strain ATCC MYA-4620 / CBS 123657 / FGSC 9075 / NRRL 31084 / PH-1) (Wheat head blight fungus) (Fusarium graminearum)	157			SIGNAL 1..18; /evidence="ECO:0000255"	FUNCTION: Aerial growth, conidiation, and dispersal of filamentous fungi in the environment depend on their ability to secrete small amphipathic proteins called hydrophobins (HPBs) with low sequence identity. Class I can self-assemble into an outermost layer of rodlet bundles on aerial cell surfaces, conferring cellular hydrophobicity that supports fungal growth, development and dispersal; whereas Class II form highly ordered films at water-air interfaces through intermolecular interactions but contribute nothing to the rodlet structure (Probable). Hyd2 is a class I hydrophobin involved in the ability to penetrate through the water-air interface and to attach to hydrophobic surfaces such as the spike tissue (PubMed:31031728, PubMed:35278684). All five hydrophobins act cumulatively to regulate conidiation, pathogenicity and deoxynivalenol (DON) production (PubMed:35278684). {ECO:0000269|PubMed:31031728, ECO:0000269|PubMed:35278684, ECO:0000305}.
I1RDW3	HYD5_GIBZE	Class II hydrophobin 5	Hyd5 FG01831 FGRAMPH1_01T04429	Gibberella zeae (strain ATCC MYA-4620 / CBS 123657 / FGSC 9075 / NRRL 31084 / PH-1) (Wheat head blight fungus) (Fusarium graminearum)	98	PF06766;	IPR010636;IPR036686;	SIGNAL 1..17; /evidence="ECO:0000255"	FUNCTION: Aerial growth, conidiation, and dispersal of filamentous fungi in the environment depend on their ability to secrete small amphipathic proteins called hydrophobins (HPBs) with low sequence identity. Class I can self-assemble into an outermost layer of rodlet bundles on aerial cell surfaces, conferring cellular hydrophobicity that supports fungal growth, development and dispersal; whereas Class II form highly ordered films at water-air interfaces through intermolecular interactions but contribute nothing to the rodlet structure (Probable). Hyd5 is a class II hydrophobin that role in conveying surface hydrophobicity to the aerial mycelium (PubMed:24742833, PubMed:35278684). May act as an important factor within the plante-fungus interaction leading to the infection of cereals probably via the establishment of hyphae or conidia during colonization of a host plant (PubMed:24742833, PubMed:35278684). All five hydrophobins act cumulatively to regulate conidiation, pathogenicity and deoxynivalenol (DON) production (PubMed:35278684). {ECO:0000269|PubMed:24742833, ECO:0000269|PubMed:35278684, ECO:0000305}.
I1RJE5	HYD4_GIBZE	Class I hydrophobin 4	Hyd4 FG03960 FGRAMPH1_01T14129	Gibberella zeae (strain ATCC MYA-4620 / CBS 123657 / FGSC 9075 / NRRL 31084 / PH-1) (Wheat head blight fungus) (Fusarium graminearum)	170	PF01185;	IPR001338;	SIGNAL 1..17; /evidence="ECO:0000255"	FUNCTION: Aerial growth, conidiation, and dispersal of filamentous fungi in the environment depend on their ability to secrete small amphipathic proteins called hydrophobins (HPBs) with low sequence identity. Class I can self-assemble into an outermost layer of rodlet bundles on aerial cell surfaces, conferring cellular hydrophobicity that supports fungal growth, development and dispersal; whereas Class II form highly ordered films at water-air interfaces through intermolecular interactions but contribute nothing to the rodlet structure (Probable). Hyd4 is a class I hydrophobin involved in the ability to penetrate through the water-air interface and to attach to hydrophobic surfaces such as the spike tissue (PubMed:31031728, PubMed:35278684). All five hydrophobins act cumulatively to regulate conidiation, pathogenicity and deoxynivalenol (DON) production (PubMed:35278684). {ECO:0000269|PubMed:31031728, ECO:0000269|PubMed:35278684, ECO:0000305}.
I1RXJ5	HYD3_GIBZE	Class I hydrophobin 3	Hyd3 FG09066 FGRAMPH1_01T28003	Gibberella zeae (strain ATCC MYA-4620 / CBS 123657 / FGSC 9075 / NRRL 31084 / PH-1) (Wheat head blight fungus) (Fusarium graminearum)	82	PF22354;		SIGNAL 1..18; /evidence="ECO:0000255"	FUNCTION: Aerial growth, conidiation, and dispersal of filamentous fungi in the environment depend on their ability to secrete small amphipathic proteins called hydrophobins (HPBs) with low sequence identity. Class I can self-assemble into an outermost layer of rodlet bundles on aerial cell surfaces, conferring cellular hydrophobicity that supports fungal growth, development and dispersal; whereas Class II form highly ordered films at water-air interfaces through intermolecular interactions but contribute nothing to the rodlet structure (Probable). Hyd3 is a class I hydrophobin involved in the ability to penetrate through the water-air interface and to attach to hydrophobic surfaces such as the spike tissue (PubMed:31031728, PubMed:35278684). Specifically necessary for fungal colonization or infection in plants (PubMed:35278684). All five hydrophobins act cumulatively to regulate conidiation, pathogenicity and deoxynivalenol (DON) production (PubMed:35278684). {ECO:0000269|PubMed:31031728, ECO:0000269|PubMed:35278684, ECO:0000305}.
O13502	POH1_PLEOS	Class I hydrophobin POH1	POH1	Pleurotus ostreatus (Oyster mushroom) (Agaricus ostreatus)	113	PF01185;	IPR001338;	SIGNAL 1..26; /evidence="ECO:0000255"	FUNCTION: Aerial growth, conidiation, and dispersal of filamentous fungi in the environment depend on their ability to secrete small amphipathic proteins called hydrophobins (HPBs) with low sequence identity. Class I can self-assemble into an outermost layer of rodlet bundles on aerial cell surfaces, conferring cellular hydrophobicity that supports fungal growth, development and dispersal; whereas Class II form highly ordered films at water-air interfaces through intermolecular interactions but contribute nothing to the rodlet structure (Probable). POH1 is a class I hydrophobin that is involved in the formation of mycelium knots and subsequent fruiting bodies (PubMed:33636611, PubMed:9846731). {ECO:0000269|PubMed:33636611, ECO:0000269|PubMed:9846731, ECO:0000305}.
O13503	POH2_PLEOS	Class I hydrophobin POH2	POH2	Pleurotus ostreatus (Oyster mushroom) (Agaricus ostreatus)	131	PF01185;	IPR001338;IPR019778;	SIGNAL 1..21; /evidence="ECO:0000255"	FUNCTION: Aerial growth, conidiation, and dispersal of filamentous fungi in the environment depend on their ability to secrete small amphipathic proteins called hydrophobins (HPBs) with low sequence identity. Class I can self-assemble into an outermost layer of rodlet bundles on aerial cell surfaces, conferring cellular hydrophobicity that supports fungal growth, development and dispersal; whereas Class II form highly ordered films at water-air interfaces through intermolecular interactions but contribute nothing to the rodlet structure (Probable). POH2 is a class I hydrophobin that causes a large drop in the water-surface tension, enabling hyphae to breach the interface and grow into the air, in both the primary and the secondary mycelium. In the latter mycelium POH2 maight also play a role in the emergence of fruiting bodies (PubMed:9846731). Secreted POH2 could also play a role in facilitating lignin degradation (PubMed:9846731). {ECO:0000269|PubMed:9846731, ECO:0000305}.
O43122	HYPB_AGABI	Class I hydrophobin B	hypB abh4	Agaricus bisporus (White button mushroom)	119	PF01185;	IPR001338;IPR019778;	SIGNAL 1..26; /evidence="ECO:0000255"	FUNCTION: Aerial growth, conidiation, and dispersal of filamentous fungi in the environment depend on their ability to secrete small amphipathic proteins called hydrophobins (HPBs) with low sequence identity. Class I can self-assemble into an outermost layer of rodlet bundles on aerial cell surfaces, conferring cellular hydrophobicity that supports fungal growth, development and dispersal; whereas Class II form highly ordered films at water-air interfaces through intermolecular interactions but contribute nothing to the rodlet structure. {ECO:0000305}.
O60047	FBH1_PLEOS	Fruiting body-specific class I hydrophobin fbh1	fbh1	Pleurotus ostreatus (Oyster mushroom) (Agaricus ostreatus)	113	PF01185;	IPR001338;	SIGNAL 1..23; /evidence="ECO:0000255"	FUNCTION: Aerial growth, conidiation, and dispersal of filamentous fungi in the environment depend on their ability to secrete small amphipathic proteins called hydrophobins (HPBs) with low sequence identity. Class I can self-assemble into an outermost layer of rodlet bundles on aerial cell surfaces, conferring cellular hydrophobicity that supports fungal growth, development and dispersal; whereas Class II form highly ordered films at water-air interfaces through intermolecular interactions but contribute nothing to the rodlet structure (Probable). Fbh1 is a fruiting body-specific class I hydrophobin that is involved in the growth rate and primordia formation (PubMed:33636611). {ECO:0000269|PubMed:33636611, ECO:0000305}.
O60048	POH3_PLEOS	Class I hydrophobin POH3	POH3	Pleurotus ostreatus (Oyster mushroom) (Agaricus ostreatus)	113	PF01185;	IPR001338;	SIGNAL 1..21; /evidence="ECO:0000255"	FUNCTION: Aerial growth, conidiation, and dispersal of filamentous fungi in the environment depend on their ability to secrete small amphipathic proteins called hydrophobins (HPBs) with low sequence identity. Class I can self-assemble into an outermost layer of rodlet bundles on aerial cell surfaces, conferring cellular hydrophobicity that supports fungal growth, development and dispersal; whereas Class II form highly ordered films at water-air interfaces through intermolecular interactions but contribute nothing to the rodlet structure (Probable). POH3 is a class I hydrophobin that causes a large drop in the water-surface tension, enabling hyphae to breach the interface and grow into the air, in both the primary and the secondary mycelium. In the latter mycelium POH3 maight also play a role in the emergence of fruiting bodies (PubMed:9846731). Secreted POH3 could also play a role in facilitating lignin degradation (PubMed:9846731). {ECO:0000269|PubMed:9846731, ECO:0000305}.
O94217	HCF2_FULFL	Class I hydrophobin 2	hcf-2 CLAFUR5_13715	Fulvia fulva (Tomato leaf mold) (Passalora fulva)	121			SIGNAL 1..18; /evidence="ECO:0000255"	FUNCTION: Aerial growth, conidiation, and dispersal of filamentous fungi in the environment depend on their ability to secrete small amphipathic proteins called hydrophobins (HPBs) with low sequence identity. Class I can self-assemble into an outermost layer of rodlet bundles on aerial cell surfaces, conferring cellular hydrophobicity that supports fungal growth, development and dispersal; whereas Class II form highly ordered films at water-air interfaces through intermolecular interactions but contribute nothing to the rodlet structure (Probable). Hcf-2 is a class I hydrophobin that is not necessary for the development of hyphae or conidia but contributes to cell surface hydrophobicity (PubMed:11343402). {ECO:0000269|PubMed:11343402, ECO:0000305}.
P04158	SC1_SCHCO	Class I hydrophobin SC1 (Fruiting body protein SC1)	SC1 1G2	Schizophyllum commune (Split gill fungus)	109	PF01185;	IPR001338;IPR019778;	SIGNAL 1..22; /evidence="ECO:0000255"	FUNCTION: Aerial growth, conidiation, and dispersal of filamentous fungi in the environment depend on their ability to secrete small amphipathic proteins called hydrophobins (HPBs) with low sequence identity. Class I can self-assemble into an outermost layer of rodlet bundles on aerial cell surfaces, conferring cellular hydrophobicity that supports fungal growth, development and dispersal; whereas Class II form highly ordered films at water-air interfaces through intermolecular interactions but contribute nothing to the rodlet structure (Probable). SC1 is a dikaryon-specific class I hydrophobin that contributes to the formation of aerial hyphae and fruiting bodies (PubMed:12324614). {ECO:0000269|PubMed:12324614, ECO:0000305}.
P16934	SC4_SCHCO	Class I hydrophobin SC4 (Fruiting body protein SC4)	SC4	Schizophyllum commune (Split gill fungus)	111	PF01185;	IPR001338;IPR019778;	SIGNAL 1..25; /evidence="ECO:0000255"	FUNCTION: Aerial growth, conidiation, and dispersal of filamentous fungi in the environment depend on their ability to secrete small amphipathic proteins called hydrophobins (HPBs) with low sequence identity. Class I can self-assemble into an outermost layer of rodlet bundles on aerial cell surfaces, conferring cellular hydrophobicity that supports fungal growth, development and dispersal; whereas Class II form highly ordered films at water-air interfaces through intermolecular interactions but contribute nothing to the rodlet structure (Probable). SC4 is a dikaryon-specific class I hydrophobin that contributes to the formation of aerial hyphae and fruiting bodies (PubMed:10760177, PubMed:12324614). Plays a role within fruiting bodies by preventing gas channels filling with water under wet conditions, probably serving uninterrupted gas exchange (PubMed:10760177). SC4 cannot fully substitute for SC3 (PubMed:10760177). Involved in the unusual characteristic of mounds to adhere to and completely envelop adjacent fruiting bodies on mosaic colonies (PubMed:18093852). {ECO:0000269|PubMed:10760177, ECO:0000269|PubMed:12324614, ECO:0000269|PubMed:18093852, ECO:0000305}.
P52748	HYP1_PISTI	Class I hydrophobin 1	hydPt-1	Pisolithus tinctorius (Dead man's foot) (Scleroderma tinctorium)	140	PF01185;	IPR001338;IPR019778;	SIGNAL 1..18; /evidence="ECO:0000255"	FUNCTION: Aerial growth, conidiation, and dispersal of filamentous fungi in the environment depend on their ability to secrete small amphipathic proteins called hydrophobins (HPBs) with low sequence identity. Class I can self-assemble into an outermost layer of rodlet bundles on aerial cell surfaces, conferring cellular hydrophobicity that supports fungal growth, development and dispersal; whereas Class II form highly ordered films at water-air interfaces through intermolecular interactions but contribute nothing to the rodlet structure. {ECO:0000305}.
P52755	QID3_TRIHA	Class II hydrophobin qid3	qid3	Trichoderma harzianum (Hypocrea lixii)	143	PF06766;	IPR010636;IPR036686;	SIGNAL 1..17; /evidence="ECO:0000255"	FUNCTION: Aerial growth, conidiation, and dispersal of filamentous fungi in the environment depend on their ability to secrete small amphipathic proteins called hydrophobins (HPBs) with low sequence identity. Class I can self-assemble into an outermost layer of rodlet bundles on aerial cell surfaces, conferring cellular hydrophobicity that supports fungal growth, development and dispersal; whereas Class II form highly ordered films at water-air interfaces through intermolecular interactions but contribute nothing to the rodlet structure (Probable). Qid3 is a class II hydrophobin that might acts as a chitinase inhibitor at the cell surface that blocks the degradation of the chitin rings localized in the budding region of dividing cells (PubMed:8121402). {ECO:0000269|PubMed:8121402, ECO:0000305}.
P61828	ATP9_SACPA	ATP synthase subunit 9, mitochondrial (Lipid-binding protein)	ATP9 OLI1 PHO2	Saccharomyces paradoxus (Yeast) (Saccharomyces douglasii)	76	PF00137;	IPR000454;IPR020537;IPR038662;IPR002379;IPR035921;		FUNCTION: Mitochondrial membrane ATP synthase (F(1)F(0) ATP synthase or Complex V) produces ATP from ADP in the presence of a proton gradient across the membrane which is generated by electron transport complexes of the respiratory chain. F-type ATPases consist of two structural domains, F(1) - containing the extramembraneous catalytic core and F(0) - containing the membrane proton channel, linked together by a central stalk and a peripheral stalk. During catalysis, ATP synthesis in the catalytic domain of F(1) is coupled via a rotary mechanism of the central stalk subunits to proton translocation. Part of the complex F(0) domain. A homomeric c-ring of probably 10 subunits is part of the complex rotary element.
P78601	COH1_COPCI	Class I hydrophobin 1	coH1	Coprinopsis cinerea (Inky cap fungus) (Hormographiella aspergillata)	113	PF01185;	IPR001338;IPR019778;	SIGNAL 1..17; /evidence="ECO:0000255"	FUNCTION: Aerial growth, conidiation, and dispersal of filamentous fungi in the environment depend on their ability to secrete small amphipathic proteins called hydrophobins (HPBs) with low sequence identity. Class I can self-assemble into an outermost layer of rodlet bundles on aerial cell surfaces, conferring cellular hydrophobicity that supports fungal growth, development and dispersal; whereas Class II form highly ordered films at water-air interfaces through intermolecular interactions but contribute nothing to the rodlet structure (Probable). CoH1 is an asexual monokaryon-specific class I hydrophobin that is involved in aerial growth of mycelia (PubMed:9344631). {ECO:0000269|PubMed:9344631, ECO:0000305}.
P78602	COH2_COPCI	Class I hydrophobin 2	coH2	Coprinopsis cinerea (Inky cap fungus) (Hormographiella aspergillata)	110	PF01185;	IPR001338;IPR019778;	SIGNAL 1..17; /evidence="ECO:0000255"	FUNCTION: Aerial growth, conidiation, and dispersal of filamentous fungi in the environment depend on their ability to secrete small amphipathic proteins called hydrophobins (HPBs) with low sequence identity. Class I can self-assemble into an outermost layer of rodlet bundles on aerial cell surfaces, conferring cellular hydrophobicity that supports fungal growth, development and dispersal; whereas Class II form highly ordered films at water-air interfaces through intermolecular interactions but contribute nothing to the rodlet structure (Probable). CoH2 is an asexual monokaryon-specific class I hydrophobin that is involved in aerial growth of mycelia (PubMed:9344631). {ECO:0000269|PubMed:9344631, ECO:0000305}.
Q00367	HCF1_FULFL	Class I hydrophobin 1	hcf-1 CLAFUR5_04324	Fulvia fulva (Tomato leaf mold) (Passalora fulva)	105			SIGNAL 1..17; /evidence="ECO:0000255"	FUNCTION: Aerial growth, conidiation, and dispersal of filamentous fungi in the environment depend on their ability to secrete small amphipathic proteins called hydrophobins (HPBs) with low sequence identity. Class I can self-assemble into an outermost layer of rodlet bundles on aerial cell surfaces, conferring cellular hydrophobicity that supports fungal growth, development and dispersal; whereas Class II form highly ordered films at water-air interfaces through intermolecular interactions but contribute nothing to the rodlet structure (Probable). Hcf-1 is a class I hydrophobin that is not necessary for the development of hyphae or conidia but acts as the main determinant of conidium hydrophobicity and, thus, is required for efficient water-mediated dispersal of conidia (PubMed:11343402, PubMed:15121084). Forms a component of the rodlet layer, but other hydrophobins must also participate in this proces (PubMed:15121084). {ECO:0000269|PubMed:11343402, ECO:0000269|PubMed:15121084, ECO:0000305}.
Q06153	CEUL_OPHUL	Class II hydrophobin CU (Cerato-ulmin) (CU) (Dutch elm disease toxin)	CU	Ophiostoma ulmi (Dutch elm disease fungus)	100	PF06766;	IPR010636;IPR036686;	SIGNAL 1..25; /evidence="ECO:0000269|Ref.4"	FUNCTION: Aerial growth, conidiation, and dispersal of filamentous fungi in the environment depend on their ability to secrete small amphipathic proteins called hydrophobins (HPBs) with low sequence identity. Class I can self-assemble into an outermost layer of rodlet bundles on aerial cell surfaces, conferring cellular hydrophobicity that supports fungal growth, development and dispersal; whereas Class II form highly ordered films at water-air interfaces through intermolecular interactions but contribute nothing to the rodlet structure (Probable). CU is a class II hydrophobin that is implicated in the pathogenicity of this fungus on elm trees (PubMed:10656584, PubMed:25139300, PubMed:9344630). Required for hydrophobicity and adherence of the cells and acts as a parasitic fitness factor by protecting infectious propagules from desiccation (PubMed:9344630). Reduces the interfacial tension of both oil-water and air-water interfaces (PubMed:29413625). {ECO:0000269|PubMed:10656584, ECO:0000269|PubMed:25139300, ECO:0000269|PubMed:29413625, ECO:0000269|PubMed:9344630, ECO:0000305}.
Q0KKA0	PSH_FLAVE	Pileus specific hydrophobin-like protein	psh	Flammulina velutipes (Agaricus velutipes)	515			SIGNAL 1..17; /evidence="ECO:0000255"	FUNCTION: Aerial growth, conidiation, and dispersal of filamentous fungi in the environment rely upon a capability of their secreting small amphipathic proteins called hydrophobins (HPBs) with low sequence identity. Class I can self-assemble into an outermost layer of rodlet bundles on aerial cell surfaces, conferring cellular hydrophobicity that supports fungal growth, development and dispersal; whereas Class II form highly ordered films at water-air interfaces through intermolecular interactions but contribute nothing to the rodlet structure (Probable). Psh is an unclassified hydrophobin that is involved in light-induced pileus induction (PubMed:16877016). {ECO:0000269|PubMed:16877016, ECO:0000305}.
Q1I187	RODA_PENCA	Class I hydrophobin rodA (Rodlet protein A)	rodA	Penicillium camemberti	164	PF01185;	IPR001338;IPR019778;	SIGNAL 1..18; /evidence="ECO:0000255"	FUNCTION: Aerial growth, conidiation, and dispersal of filamentous fungi in the environment depend on their ability to secrete small amphipathic proteins called hydrophobins (HPBs) with low sequence identity. Class I can self-assemble into an outermost layer of rodlet bundles on aerial cell surfaces, conferring cellular hydrophobicity that supports fungal growth, development and dispersal; whereas Class II form highly ordered films at water-air interfaces through intermolecular interactions but contribute nothing to the rodlet structure (Probable). RodA is a class I hydrophobin involved in the cell surface hydrophobicity and conidiation under aerial conditions (PubMed:18093806). The surface rodlet layer of the conidial cell wall makes airborne conidia of filamentous fungi inert to both innate and adaptive immunity (PubMed:19713928). {ECO:0000269|PubMed:18093806, ECO:0000269|PubMed:19713928, ECO:0000305}.
Q3HS86	HAH1_HETAN	Class I hydrophobin 1	Hah1	Heterobasidion annosum (Root rot fungus) (Polyporus annosus)	139	PF01185;	IPR001338;	SIGNAL 1..21; /evidence="ECO:0000255"	FUNCTION: Aerial growth, conidiation, and dispersal of filamentous fungi in the environment depend on their ability to secrete small amphipathic proteins called hydrophobins (HPBs) with low sequence identity. Class I can self-assemble into an outermost layer of rodlet bundles on aerial cell surfaces, conferring cellular hydrophobicity that supports fungal growth, development and dispersal; whereas Class II form highly ordered films at water-air interfaces through intermolecular interactions but contribute nothing to the rodlet structure (Probable). Hah1 is a class I hydrophobin that is involved in aerial growth of mycelia, but does not play a role in pathogenesis (PubMed:17682775). {ECO:0000269|PubMed:17682775, ECO:0000305}.
Q3HS87	HAH2_HETAN	Class I hydrophobin 2	Hah2	Heterobasidion annosum (Root rot fungus) (Polyporus annosus)	122	PF01185;	IPR001338;	SIGNAL 1..22; /evidence="ECO:0000255"	FUNCTION: Aerial growth, conidiation, and dispersal of filamentous fungi in the environment depend on their ability to secrete small amphipathic proteins called hydrophobins (HPBs) with low sequence identity. Class I can self-assemble into an outermost layer of rodlet bundles on aerial cell surfaces, conferring cellular hydrophobicity that supports fungal growth, development and dispersal; whereas Class II form highly ordered films at water-air interfaces through intermolecular interactions but contribute nothing to the rodlet structure (Probable). Hah2 is a class I hydrophobin that is involved in aerial growth of mycelia, but does not play a role in pathogenesis (PubMed:17682775). {ECO:0000269|PubMed:17682775, ECO:0000305}.
Q4WBR8	RODC_ASPFU	Class I hydrophobin C (Rodlet protein C)	rodC AFUA_8G07060	Aspergillus fumigatus (strain ATCC MYA-4609 / CBS 101355 / FGSC A1100 / Af293) (Neosartorya fumigata)	155	PF01185;	IPR001338;	SIGNAL 1..22; /evidence="ECO:0000255"	FUNCTION: Aerial growth, conidiation, and dispersal of filamentous fungi in the environment depend on their ability to secrete small amphipathic proteins called hydrophobins (HPBs) with low sequence identity. Class I can self-assemble into an outermost layer of rodlet bundles on aerial cell surfaces, conferring cellular hydrophobicity that supports fungal growth, development and dispersal; whereas Class II form highly ordered films at water-air interfaces through intermolecular interactions but contribute nothing to the rodlet structure (Probable). RodC is a class I hydrophobin that, unlike rodA, is not required for rodlet formation (PubMed:29371496). {ECO:0000269|PubMed:29371496, ECO:0000305}.
Q4WC31	RODE_ASPFU	Class I hydrophobin rodE (Rodlet protein E)	rodE AFUA_8G05890	Aspergillus fumigatus (strain ATCC MYA-4609 / CBS 101355 / FGSC A1100 / Af293) (Neosartorya fumigata)	145	PF01185;	IPR001338;		FUNCTION: Aerial growth, conidiation, and dispersal of filamentous fungi in the environment depend on their ability to secrete small amphipathic proteins called hydrophobins (HPBs) with low sequence identity. Class I can self-assemble into an outermost layer of rodlet bundles on aerial cell surfaces, conferring cellular hydrophobicity that supports fungal growth, development and dispersal; whereas Class II form highly ordered films at water-air interfaces through intermolecular interactions but contribute nothing to the rodlet structure (Probable). RodE is a class I hydrophobin that, unlike rodA, is not required for rodlet formation (PubMed:29371496). {ECO:0000269|PubMed:29371496, ECO:0000305}.
Q4WEK0	RODF_ASPFU	Class III hydrophobin F (Rodlet protein F)	rodF AFUA_5G03280	Aspergillus fumigatus (strain ATCC MYA-4609 / CBS 101355 / FGSC A1100 / Af293) (Neosartorya fumigata)	190	PF01185;	IPR001338;	SIGNAL 1..18; /evidence="ECO:0000255"	FUNCTION: Aerial growth, conidiation, and dispersal of filamentous fungi in the environment depend on their ability to secrete small amphipathic proteins called hydrophobins (HPBs) with low sequence identity. Class I can self-assemble into an outermost layer of rodlet bundles on aerial cell surfaces, conferring cellular hydrophobicity that supports fungal growth, development and dispersal; whereas Class II form highly ordered films at water-air interfaces through intermolecular interactions but contribute nothing to the rodlet structure (Probable). RodF and rodG belong to Class III, which contains hydrophobins with intermediate (between classes I and II) or atypical characteristics (Probable). RodF, unlike rodA, is not required for rodlet formation (PubMed:29371496). {ECO:0000269|PubMed:29371496, ECO:0000305, ECO:0000305|PubMed:29371496}.
Q4X055	RODG_ASPFU	Class III hydrophobin G (Rodlet protein G)	rodG AFUA_2G14661	Aspergillus fumigatus (strain ATCC MYA-4609 / CBS 101355 / FGSC A1100 / Af293) (Neosartorya fumigata)	125	PF01185;	IPR001338;	SIGNAL 1..20; /evidence="ECO:0000255"	FUNCTION: Aerial growth, conidiation, and dispersal of filamentous fungi in the environment depend on their ability to secrete small amphipathic proteins called hydrophobins (HPBs) with low sequence identity. Class I can self-assemble into an outermost layer of rodlet bundles on aerial cell surfaces, conferring cellular hydrophobicity that supports fungal growth, development and dispersal; whereas Class II form highly ordered films at water-air interfaces through intermolecular interactions but contribute nothing to the rodlet structure (Probable). RodF and rodG belong to Class III, which contains hydrophobins with intermediate (between classes I and II) or atypical characteristics (Probable). RodG, unlike rodA, is not required for rodlet formation (PubMed:29371496). {ECO:0000269|PubMed:29371496, ECO:0000305, ECO:0000305|PubMed:29371496}.
Q5AVZ1	DEWE_EMENI	Class I hydrophobin dewE	dewE ANIA_07539	Emericella nidulans (strain FGSC A4 / ATCC 38163 / CBS 112.46 / NRRL 194 / M139) (Aspergillus nidulans)	109	PF01185;	IPR001338;	SIGNAL 1..20; /evidence="ECO:0000255"	FUNCTION: Aerial growth, conidiation, and dispersal of filamentous fungi in the environment depend on their ability to secrete small amphipathic proteins called hydrophobins (HPBs) with low sequence identity. Class I can self-assemble into an outermost layer of rodlet bundles on aerial cell surfaces, conferring cellular hydrophobicity that supports fungal growth, development and dispersal; whereas Class II form highly ordered films at water-air interfaces through intermolecular interactions but contribute nothing to the rodlet structure (Probable). DewE is a class I hydrophobin that contributes to the hydrophobicity of the spore surface (PubMed:24722460). {ECO:0000269|PubMed:24722460, ECO:0000305}.
Q5AZ79	DEWC_EMENI	Class I hydrophobin dewC	dewC ANIA_06401	Emericella nidulans (strain FGSC A4 / ATCC 38163 / CBS 112.46 / NRRL 194 / M139) (Aspergillus nidulans)	162	PF01185;	IPR001338;	SIGNAL 1..21; /evidence="ECO:0000255"	FUNCTION: Aerial growth, conidiation, and dispersal of filamentous fungi in the environment depend on their ability to secrete small amphipathic proteins called hydrophobins (HPBs) with low sequence identity. Class I can self-assemble into an outermost layer of rodlet bundles on aerial cell surfaces, conferring cellular hydrophobicity that supports fungal growth, development and dispersal; whereas Class II form highly ordered films at water-air interfaces through intermolecular interactions but contribute nothing to the rodlet structure (Probable). DewC is a class I hydrophobin that contributes to the hydrophobicity of the spore surface (PubMed:24722460). {ECO:0000269|PubMed:24722460, ECO:0000305}.
Q5BC93	DEWB_EMENI	Class I hydrophobin dewB	dewB ANIA_01837	Emericella nidulans (strain FGSC A4 / ATCC 38163 / CBS 112.46 / NRRL 194 / M139) (Aspergillus nidulans)	135	PF01185;	IPR001338;	SIGNAL 1..17; /evidence="ECO:0000255"	FUNCTION: Aerial growth, conidiation, and dispersal of filamentous fungi in the environment depend on their ability to secrete small amphipathic proteins called hydrophobins (HPBs) with low sequence identity. Class I can self-assemble into an outermost layer of rodlet bundles on aerial cell surfaces, conferring cellular hydrophobicity that supports fungal growth, development and dispersal; whereas Class II form highly ordered films at water-air interfaces through intermolecular interactions but contribute nothing to the rodlet structure (Probable). DewB is a class I hydrophobin that contributes to the hydrophobicity of the spore surface (PubMed:24722460). {ECO:0000269|PubMed:24722460, ECO:0000305}.
Q5BEU0	DEWD_EMENI	Unclassified hydrophobin dewD	dewD ANIA_00940	Emericella nidulans (strain FGSC A4 / ATCC 38163 / CBS 112.46 / NRRL 194 / M139) (Aspergillus nidulans)	101	PF28987;	IPR062132;	SIGNAL 1..21; /evidence="ECO:0000255"	FUNCTION: Aerial growth, conidiation, and dispersal of filamentous fungi in the environment rely upon a capability of their secreting small amphipathic proteins called hydrophobins (HPBs) with low sequence identity. Class I can self-assemble into an outermost layer of rodlet bundles on aerial cell surfaces, conferring cellular hydrophobicity that supports fungal growth, development and dispersal; whereas Class II form highly ordered films at water-air interfaces through intermolecular interactions but contribute nothing to the rodlet structure (Probable). DewD is an unclassified hydrophobin that contributes to the hydrophobicity of the spore surface (PubMed:24722460). {ECO:0000269|PubMed:24722460, ECO:0000305}.
Q6YD93	HYD5_GIBMO	Class II hydrophobin 5	HYD5	Gibberella moniliformis (Maize ear and stalk rot fungus) (Fusarium verticillioides)	98	PF06766;	IPR010636;IPR036686;	SIGNAL 1..17; /evidence="ECO:0000255"	FUNCTION: Aerial growth, conidiation, and dispersal of filamentous fungi in the environment depend on their ability to secrete small amphipathic proteins called hydrophobins (HPBs) with low sequence identity. Class I can self-assemble into an outermost layer of rodlet bundles on aerial cell surfaces, conferring cellular hydrophobicity that supports fungal growth, development and dispersal; whereas Class II form highly ordered films at water-air interfaces through intermolecular interactions but contribute nothing to the rodlet structure (Probable). Does not seem to be important for the ability to cause seedling disease (PubMed:15288021). {ECO:0000269|PubMed:15288021, ECO:0000305|PubMed:15288021}.
Q6YF29	HYD4_GIBMO	Class II hydrophobin 4	HYD4	Gibberella moniliformis (Maize ear and stalk rot fungus) (Fusarium verticillioides)	100	PF06766;	IPR010636;IPR036686;	SIGNAL 1..17; /evidence="ECO:0000255"	FUNCTION: Aerial growth, conidiation, and dispersal of filamentous fungi in the environment depend on their ability to secrete small amphipathic proteins called hydrophobins (HPBs) with low sequence identity. Class I can self-assemble into an outermost layer of rodlet bundles on aerial cell surfaces, conferring cellular hydrophobicity that supports fungal growth, development and dispersal; whereas Class II form highly ordered films at water-air interfaces through intermolecular interactions but contribute nothing to the rodlet structure (Probable). Does not seem to be important for the ability to cause seedling disease (PubMed:15288021). {ECO:0000269|PubMed:15288021, ECO:0000305|PubMed:15288021}.
Q6YF30	HYD3_GIBMO	Class I hydrophobin 3	HYD3	Gibberella moniliformis (Maize ear and stalk rot fungus) (Fusarium verticillioides)	96	PF22354;		SIGNAL 1..18; /evidence="ECO:0000255"	FUNCTION: Aerial growth, conidiation, and dispersal of filamentous fungi in the environment depend on their ability to secrete small amphipathic proteins called hydrophobins (HPBs) with low sequence identity. Class I can self-assemble into an outermost layer of rodlet bundles on aerial cell surfaces, conferring cellular hydrophobicity that supports fungal growth, development and dispersal; whereas Class II form highly ordered films at water-air interfaces through intermolecular interactions but contribute nothing to the rodlet structure (Probable). Does not seem to be important for the ability to cause seedling disease (PubMed:15288021). {ECO:0000269|PubMed:15288021, ECO:0000305|PubMed:15288021}.
Q6YF31	HYD2_GIBMO	Class I hydrophobin 2	HYD2	Gibberella moniliformis (Maize ear and stalk rot fungus) (Fusarium verticillioides)	123	PF01185;	IPR001338;	SIGNAL 1..16; /evidence="ECO:0000255"	FUNCTION: Aerial growth, conidiation, and dispersal of filamentous fungi in the environment depend on their ability to secrete small amphipathic proteins called hydrophobins (HPBs) with low sequence identity. Class I can self-assemble into an outermost layer of rodlet bundles on aerial cell surfaces, conferring cellular hydrophobicity that supports fungal growth, development and dispersal; whereas Class II form highly ordered films at water-air interfaces through intermolecular interactions but contribute nothing to the rodlet structure (Probable). HYD1 and HYD2 are required for the structural integrity of the long aerial chains of microconidia (PubMed:15288021). Does not seem to be important for the ability to cause seedling disease (PubMed:15288021). {ECO:0000269|PubMed:15288021, ECO:0000305|PubMed:15288021}.
Q6YF32	HYD1_GIBMO	Class I hydrophobin 1	HYD1	Gibberella moniliformis (Maize ear and stalk rot fungus) (Fusarium verticillioides)	126	PF01185;	IPR001338;	SIGNAL 1..16; /evidence="ECO:0000255"	FUNCTION: Aerial growth, conidiation, and dispersal of filamentous fungi in the environment depend on their ability to secrete small amphipathic proteins called hydrophobins (HPBs) with low sequence identity. Class I can self-assemble into an outermost layer of rodlet bundles on aerial cell surfaces, conferring cellular hydrophobicity that supports fungal growth, development and dispersal; whereas Class II form highly ordered films at water-air interfaces through intermolecular interactions but contribute nothing to the rodlet structure (Probable). HYD1 and HYD2 are required for the structural integrity of the long aerial chains of microconidia (PubMed:15288021). Does not seem to be important for the ability to cause seedling disease (PubMed:15288021). {ECO:0000269|PubMed:15288021, ECO:0000305|PubMed:15288021}.
Q75T84	HYD1_FLAVE	Class I hydrophobin 1	Hyd-1 45c fv-hyd1 hyd1	Flammulina velutipes (Agaricus velutipes)	121	PF01185;	IPR001338;	SIGNAL 1..21; /evidence="ECO:0000255"	FUNCTION: Aerial growth, conidiation, and dispersal of filamentous fungi in the environment depend on their ability to secrete small amphipathic proteins called hydrophobins (HPBs) with low sequence identity. Class I can self-assemble into an outermost layer of rodlet bundles on aerial cell surfaces, conferring cellular hydrophobicity that supports fungal growth, development and dispersal; whereas Class II form highly ordered films at water-air interfaces through intermolecular interactions but contribute nothing to the rodlet structure (Probable). Hyd-1 is a class I hydrophobin involved in fruiting body development (PubMed:15834718). {ECO:0000269|PubMed:15834718, ECO:0000305}.
Q7S3P5	NC2_NEUCR	Class II hydrophobin NC2	NC2 NCU08192	Neurospora crassa (strain ATCC 24698 / 74-OR23-1A / CBS 708.71 / DSM 1257 / FGSC 987)	97	PF06766;	IPR010636;IPR036686;	SIGNAL 1..17; /evidence="ECO:0000255"	FUNCTION: Aerial growth, conidiation, and dispersal of filamentous fungi in the environment depend on their ability to secrete small amphipathic proteins called hydrophobins (HPBs) with low sequence identity. Class I can self-assemble into an outermost layer of rodlet bundles on aerial cell surfaces, conferring cellular hydrophobicity that supports fungal growth, development and dispersal; whereas Class II form highly ordered films at water-air interfaces through intermolecular interactions but contribute nothing to the rodlet structure (Probable). NC2 is a class II hydrophobin that has the potential to adsorb to the hydrophobic interface at the hydrophobic-hydrophilic interface at very high rate but the predicted self-assembly NC2 film possesses a lower flexural rigidity than other class II hydrophobins such as HFBII from Hypocrea jecorina (also known as Trichoderma reesei) (PubMed:24218020, PubMed:32739772). {ECO:0000269|PubMed:24218020, ECO:0000269|PubMed:32739772, ECO:0000305}.
Q7Z9L4	HCF4_FULFL	Class I hydrophobin 4	hcf-4	Fulvia fulva (Tomato leaf mold) (Passalora fulva)	227			SIGNAL 1..18; /evidence="ECO:0000255"	FUNCTION: Aerial growth, conidiation, and dispersal of filamentous fungi in the environment depend on their ability to secrete small amphipathic proteins called hydrophobins (HPBs) with low sequence identity. Class I can self-assemble into an outermost layer of rodlet bundles on aerial cell surfaces, conferring cellular hydrophobicity that supports fungal growth, development and dispersal; whereas Class II form highly ordered films at water-air interfaces through intermolecular interactions but contribute nothing to the rodlet structure (Probable). Hcf-4 is a class I hydrophobin that is involved in the development and germination of conidia (PubMed:11343402). {ECO:0000269|PubMed:11343402, ECO:0000305}.
Q7Z9L5	HCF3_FULFL	Class I hydrophobin 3	hcf-3	Fulvia fulva (Tomato leaf mold) (Passalora fulva)	102	PF22354;		SIGNAL 1..16; /evidence="ECO:0000255"	FUNCTION: Aerial growth, conidiation, and dispersal of filamentous fungi in the environment depend on their ability to secrete small amphipathic proteins called hydrophobins (HPBs) with low sequence identity. Class I can self-assemble into an outermost layer of rodlet bundles on aerial cell surfaces, conferring cellular hydrophobicity that supports fungal growth, development and dispersal; whereas Class II form highly ordered films at water-air interfaces through intermolecular interactions but contribute nothing to the rodlet structure (Probable). Hcf-3 is a class I hydrophobin that is involved in the development and germination of conidia (PubMed:11343402). {ECO:0000269|PubMed:11343402, ECO:0000305}.
Q8X1T7	PNH3_PHOMI	Class I hydrophobin 3 (Inorganic phosphate deficiency-inducible protein 315)	pnh3 pdi315	Pholiota microspora (White-rot fungus) (Pholiota nameko)	107	PF01185;	IPR001338;	SIGNAL 1..18; /evidence="ECO:0000255"	FUNCTION: Aerial growth, conidiation, and dispersal of filamentous fungi in the environment depend on their ability to secrete small amphipathic proteins called hydrophobins (HPBs) with low sequence identity. Class I can self-assemble into an outermost layer of rodlet bundles on aerial cell surfaces, conferring cellular hydrophobicity that supports fungal growth, development and dispersal; whereas Class II form highly ordered films at water-air interfaces through intermolecular interactions but contribute nothing to the rodlet structure (Probable). Pnh3 is a class I hydrophobin that might be involved in the attachment of the hydrophilic wall of hyphae to the hydrophobic surface of wood under inorganic phosphate (Pi)-deficient conditions and enable the mycelium to degrade efficiently the components of wood and to acquire nutrients containing Pi (PubMed:14608471). {ECO:0000269|PubMed:14608471, ECO:0000305}.
Q8X1T8	PNH2_PHOMI	Class I hydrophobin 2 (Inorganic phosphate deficiency-inducible protein 263)	pnh2 pdi263	Pholiota microspora (White-rot fungus) (Pholiota nameko)	110	PF01185;	IPR001338;	SIGNAL 1..19; /evidence="ECO:0000255"	FUNCTION: Aerial growth, conidiation, and dispersal of filamentous fungi in the environment depend on their ability to secrete small amphipathic proteins called hydrophobins (HPBs) with low sequence identity. Class I can self-assemble into an outermost layer of rodlet bundles on aerial cell surfaces, conferring cellular hydrophobicity that supports fungal growth, development and dispersal; whereas Class II form highly ordered films at water-air interfaces through intermolecular interactions but contribute nothing to the rodlet structure (Probable). Pnh2 is a class I hydrophobin that might be involved in the attachment of the hydrophilic wall of hyphae to the hydrophobic surface of wood under inorganic phosphate (Pi)-deficient conditions and enable the mycelium to degrade efficiently the components of wood and to acquire nutrients containing Pi (PubMed:14608471). {ECO:0000269|PubMed:14608471, ECO:0000305}.
Q8X1T9	PNH1_PHOMI	Class I hydrophobin 1 (Inorganic phosphate deficiency-inducible protein 251)	pnh1 pdi251	Pholiota microspora (White-rot fungus) (Pholiota nameko)	114	PF01185;	IPR001338;	SIGNAL 1..20; /evidence="ECO:0000255"	FUNCTION: Aerial growth, conidiation, and dispersal of filamentous fungi in the environment depend on their ability to secrete small amphipathic proteins called hydrophobins (HPBs) with low sequence identity. Class I can self-assemble into an outermost layer of rodlet bundles on aerial cell surfaces, conferring cellular hydrophobicity that supports fungal growth, development and dispersal; whereas Class II form highly ordered films at water-air interfaces through intermolecular interactions but contribute nothing to the rodlet structure (Probable). Pnh1 is a class I hydrophobin that might be involved in the attachment of the hydrophilic wall of hyphae to the hydrophobic surface of wood under inorganic phosphate (Pi)-deficient conditions and enable the mycelium to degrade efficiently the components of wood and to acquire nutrients containing Pi (PubMed:14608471). {ECO:0000269|PubMed:14608471, ECO:0000305}.
Q9C2X0	HFC6_FULFL	Class II hydrophobin 6	hcf-6 CLAFUR5_14044	Fulvia fulva (Tomato leaf mold) (Passalora fulva)	184	PF06766;	IPR010636;IPR036686;	SIGNAL 1..16; /evidence="ECO:0000255"	FUNCTION: Aerial growth, conidiation, and dispersal of filamentous fungi in the environment depend on their ability to secrete small amphipathic proteins called hydrophobins (HPBs) with low sequence identity. Class I can self-assemble into an outermost layer of rodlet bundles on aerial cell surfaces, conferring cellular hydrophobicity that supports fungal growth, development and dispersal; whereas Class II form highly ordered films at water-air interfaces through intermolecular interactions but contribute nothing to the rodlet structure (Probable). Hcf-6 is a class II hydrophobin that is involved in adhesion and in tomato plants infection (PubMed:15121084, PubMed:18958901). Is secreted to form a coat both around and beneath the fungus (PubMed:18958901). {ECO:0000269|PubMed:15121084, ECO:0000269|PubMed:18958901, ECO:0000305}.
Q9HDD5	FVH1_FLAVE	Class I hydrophobin fvh1	fvh1	Flammulina velutipes (Agaricus velutipes)	113	PF01185;	IPR001338;	SIGNAL 1..20; /evidence="ECO:0000255"	FUNCTION: Aerial growth, conidiation, and dispersal of filamentous fungi in the environment depend on their ability to secrete small amphipathic proteins called hydrophobins (HPBs) with low sequence identity. Class I can self-assemble into an outermost layer of rodlet bundles on aerial cell surfaces, conferring cellular hydrophobicity that supports fungal growth, development and dispersal; whereas Class II form highly ordered films at water-air interfaces through intermolecular interactions but contribute nothing to the rodlet structure (Probable). Fvh1 is a class I hydrophobin involved in fruiting body initiation (PubMed:11409181). {ECO:0000269|PubMed:11409181, ECO:0000305}.
Q9P8S9	HYD2_LENED	Class I hydrophobin 2	hyd2 LENED_012872	Lentinula edodes (Shiitake mushroom) (Lentinus edodes)	109	PF01185;	IPR001338;	SIGNAL 1..18; /evidence="ECO:0000255"	FUNCTION: Aerial growth, conidiation, and dispersal of filamentous fungi in the environment depend on their ability to secrete small amphipathic proteins called hydrophobins (HPBs) with low sequence identity. Class I can self-assemble into an outermost layer of rodlet bundles on aerial cell surfaces, conferring cellular hydrophobicity that supports fungal growth, development and dispersal; whereas Class II form highly ordered films at water-air interfaces through intermolecular interactions but contribute nothing to the rodlet structure (Probable). Hyd2 is a class I hydrophobin that may allow the dikaryotic mycelia to attach to the hydrophobic surface of the substrate (PubMed:10754238). Higher expression in dikaryotic mycelia than in monokaryotic mycelia indicates that dikaryons require more hyd2 hydrophobin than the monokaryons, presumably for a higher rate of hyphal growth (PubMed:10754238). {ECO:0000269|PubMed:10754238, ECO:0000305}.
Q9P8T0	HYD1_LENED	Class I hydrophobin 1	hyd1 LENED_005690	Lentinula edodes (Shiitake mushroom) (Lentinus edodes)	127	PF01185;	IPR001338;	SIGNAL 1..20; /evidence="ECO:0000255"	FUNCTION: Aerial growth, conidiation, and dispersal of filamentous fungi in the environment depend on their ability to secrete small amphipathic proteins called hydrophobins (HPBs) with low sequence identity. Class I can self-assemble into an outermost layer of rodlet bundles on aerial cell surfaces, conferring cellular hydrophobicity that supports fungal growth, development and dispersal; whereas Class II form highly ordered films at water-air interfaces through intermolecular interactions but contribute nothing to the rodlet structure (Probable). Hyd1 is a class I hydrophobin that plays a role in fruiting body initiation rather than in mature fruit body maintenance (PubMed:10754238, PubMed:12400697). Seems to be involved in the formation in the extracellular matrix of lined air channels with a hydrophobic membrane. These channels may help to provide gas exchange during respiration in mycelial tissues of developing fruiting bodies and are formed all over the mycelial tissues of these developing fruiting bodies except for the top parts of the pileus (cap) and for the prehymenophore (PubMed:12400697). {ECO:0000269|PubMed:10754238, ECO:0000269|PubMed:12400697, ECO:0000305}.
Q9Y7G9	VMH1_PLEOS	Class I hydrophobin 1	vmh1	Pleurotus ostreatus (Oyster mushroom) (Agaricus ostreatus)	116	PF01185;	IPR001338;	SIGNAL 1..19; /evidence="ECO:0000255"	FUNCTION: Aerial growth, conidiation, and dispersal of filamentous fungi in the environment depend on their ability to secrete small amphipathic proteins called hydrophobins (HPBs) with low sequence identity. Class I can self-assemble into an outermost layer of rodlet bundles on aerial cell surfaces, conferring cellular hydrophobicity that supports fungal growth, development and dispersal; whereas Class II form highly ordered films at water-air interfaces through intermolecular interactions but contribute nothing to the rodlet structure. {ECO:0000305}.
W8NQ71	HYD3_BIOOC	Class II hydrophobin 3	Hyd3 BN869_000012325_1	Bionectria ochroleuca (Gliocladium roseum)	99	PF06766;	IPR010636;IPR036686;	SIGNAL 1..18; /evidence="ECO:0000255"	FUNCTION: Aerial growth, conidiation, and dispersal of filamentous fungi in the environment depend on their ability to secrete small amphipathic proteins called hydrophobins (HPBs) with low sequence identity. Class I can self-assemble into an outermost layer of rodlet bundles on aerial cell surfaces, conferring cellular hydrophobicity that supports fungal growth, development and dispersal; whereas Class II form highly ordered films at water-air interfaces through intermolecular interactions but contribute nothing to the rodlet structure (Probable). Hyd3 is a class II hydrophobin required for barley root colonization (PubMed:24483277). Hyd1 and Hyd3 are jointly required for conidial hydrophobicity and dispersal, but seem not to be involved in mycelia hydrophobicity (PubMed:24483277). Inhibits conidial germination in environments not suitable for mycelial growth (PubMed:24483277). Plays probably a role in intraspecific signaling or hyphal fusion (PubMed:24483277). {ECO:0000269|PubMed:24483277, ECO:0000305}.
W8P1J0	HYD1_BIOOC	Class II hydrophobin 1	Hyd1 BN869_000008261_1	Bionectria ochroleuca (Gliocladium roseum)	98	PF06766;	IPR010636;IPR036686;	SIGNAL 1..16; /evidence="ECO:0000255"	FUNCTION: Aerial growth, conidiation, and dispersal of filamentous fungi in the environment depend on their ability to secrete small amphipathic proteins called hydrophobins (HPBs) with low sequence identity. Class I can self-assemble into an outermost layer of rodlet bundles on aerial cell surfaces, conferring cellular hydrophobicity that supports fungal growth, development and dispersal; whereas Class II form highly ordered films at water-air interfaces through intermolecular interactions but contribute nothing to the rodlet structure (Probable). Hyd1 is a class II hydrophobin that plays probably a role during conidiophore development and in intraspecific signaling or hyphal fusion (PubMed:24483277). Hyd1 and Hyd3 are jointly required for conidial hydrophobicity and dispersal, but seem not to be involved in mycelia hydrophobicity (PubMed:24483277). Inhibits conidial germination in environments not suitable for mycelial growth (PubMed:24483277). Not necessary for root adhesion and colonization (PubMed:24483277). {ECO:0000269|PubMed:24483277, ECO:0000305}.
A0A067N4P7	HYD9_PLEO1	Unclassified hydrophobin 9	Hydph9 PLEOSDRAFT_172202	Pleurotus ostreatus (strain PC15) (Oyster mushroom)	123	PF01185;	IPR001338;	SIGNAL 1..24; /evidence="ECO:0000255"	FUNCTION: Aerial growth, conidiation, and dispersal of filamentous fungi in the environment depend on their ability to secrete small amphipathic proteins called hydrophobins (HPBs) with low sequence identity. Class I can self-assemble into an outermost layer of rodlet bundles on aerial cell surfaces, conferring cellular hydrophobicity that supports fungal growth, development and dispersal; whereas Class II form highly ordered films at water-air interfaces through intermolecular interactions but contribute nothing to the rodlet structure. {ECO:0000305}.
A0A067N582	HYD5_PLEO1	Unclassified hydrophobin 5	Hydph5 PLEOSDRAFT_163865	Pleurotus ostreatus (strain PC15) (Oyster mushroom)	127	PF01185;	IPR001338;IPR019778;	SIGNAL 1..24; /evidence="ECO:0000255"	FUNCTION: Aerial growth, conidiation, and dispersal of filamentous fungi in the environment depend on their ability to secrete small amphipathic proteins called hydrophobins (HPBs) with low sequence identity. Class I can self-assemble into an outermost layer of rodlet bundles on aerial cell surfaces, conferring cellular hydrophobicity that supports fungal growth, development and dispersal; whereas Class II form highly ordered films at water-air interfaces through intermolecular interactions but contribute nothing to the rodlet structure. {ECO:0000305}.
A0A067N7P3	HYD20_PLEO1	Class I hydrophobin 20	Hydph20 PLEOSDRAFT_163649	Pleurotus ostreatus (strain PC15) (Oyster mushroom)	143	PF01185;	IPR001338;	SIGNAL 1..22; /evidence="ECO:0000255"	FUNCTION: Aerial growth, conidiation, and dispersal of filamentous fungi in the environment depend on their ability to secrete small amphipathic proteins called hydrophobins (HPBs) with low sequence identity. Class I can self-assemble into an outermost layer of rodlet bundles on aerial cell surfaces, conferring cellular hydrophobicity that supports fungal growth, development and dispersal; whereas Class II form highly ordered films at water-air interfaces through intermolecular interactions but contribute nothing to the rodlet structure (Probable). Hydph20 is a class I hydrophobin involved in mycelial growth (PubMed:33636611). {ECO:0000269|PubMed:33636611, ECO:0000305}.
A0A067NEJ5	HYD18_PLEO1	Class I hydrophobin 18	Hydph18 PLEOSDRAFT_31875	Pleurotus ostreatus (strain PC15) (Oyster mushroom)	109	PF01185;	IPR001338;	SIGNAL 1..20; /evidence="ECO:0000255"	FUNCTION: Aerial growth, conidiation, and dispersal of filamentous fungi in the environment depend on their ability to secrete small amphipathic proteins called hydrophobins (HPBs) with low sequence identity. Class I can self-assemble into an outermost layer of rodlet bundles on aerial cell surfaces, conferring cellular hydrophobicity that supports fungal growth, development and dispersal; whereas Class II form highly ordered films at water-air interfaces through intermolecular interactions but contribute nothing to the rodlet structure. {ECO:0000305}.
A0A067NFU6	HYD8_PLEO1	Unclassified hydrophobin 8	Hydph8 PLEOSDRAFT_163835	Pleurotus ostreatus (strain PC15) (Oyster mushroom)	125	PF01185;	IPR001338;	SIGNAL 1..20; /evidence="ECO:0000255"	FUNCTION: Aerial growth, conidiation, and dispersal of filamentous fungi in the environment depend on their ability to secrete small amphipathic proteins called hydrophobins (HPBs) with low sequence identity. Class I can self-assemble into an outermost layer of rodlet bundles on aerial cell surfaces, conferring cellular hydrophobicity that supports fungal growth, development and dispersal; whereas Class II form highly ordered films at water-air interfaces through intermolecular interactions but contribute nothing to the rodlet structure (Probable). Hydph8 is an unclassified hydrophobin involved in mycelial growth (PubMed:33636611). {ECO:0000269|PubMed:33636611, ECO:0000305}.
A0A067NHW8	HYD15_PLEO1	Class I hydrophobin 15	Hydph15 PLEOSDRAFT_35044	Pleurotus ostreatus (strain PC15) (Oyster mushroom)	135	PF01185;	IPR001338;IPR019778;	SIGNAL 1..21; /evidence="ECO:0000255"	FUNCTION: Aerial growth, conidiation, and dispersal of filamentous fungi in the environment depend on their ability to secrete small amphipathic proteins called hydrophobins (HPBs) with low sequence identity. Class I can self-assemble into an outermost layer of rodlet bundles on aerial cell surfaces, conferring cellular hydrophobicity that supports fungal growth, development and dispersal; whereas Class II form highly ordered films at water-air interfaces through intermolecular interactions but contribute nothing to the rodlet structure. {ECO:0000305}.
A0A067NMT6	HYD21_PLEO1	Class I hydrophobin 21	Hydph21 PLEOSDRAFT_160070	Pleurotus ostreatus (strain PC15) (Oyster mushroom)	115	PF01185;	IPR001338;	SIGNAL 1..20; /evidence="ECO:0000255"	FUNCTION: Aerial growth, conidiation, and dispersal of filamentous fungi in the environment depend on their ability to secrete small amphipathic proteins called hydrophobins (HPBs) with low sequence identity. Class I can self-assemble into an outermost layer of rodlet bundles on aerial cell surfaces, conferring cellular hydrophobicity that supports fungal growth, development and dispersal; whereas Class II form highly ordered films at water-air interfaces through intermolecular interactions but contribute nothing to the rodlet structure. {ECO:0000305}.
A0A067NN74	HYD10_PLEO1	Class I hydrophobin 10	Hydph10 PLEOSDRAFT_167436	Pleurotus ostreatus (strain PC15) (Oyster mushroom)	111	PF01185;	IPR001338;	SIGNAL 1..17; /evidence="ECO:0000255"	FUNCTION: Aerial growth, conidiation, and dispersal of filamentous fungi in the environment depend on their ability to secrete small amphipathic proteins called hydrophobins (HPBs) with low sequence identity. Class I can self-assemble into an outermost layer of rodlet bundles on aerial cell surfaces, conferring cellular hydrophobicity that supports fungal growth, development and dispersal; whereas Class II form highly ordered films at water-air interfaces through intermolecular interactions but contribute nothing to the rodlet structure. {ECO:0000305}.
A0A067NRJ8	HYD19_PLEO1	Class I hydrophobin 19	Hydph19 PLEOSDRAFT_1072120	Pleurotus ostreatus (strain PC15) (Oyster mushroom)	128	PF01185;	IPR001338;IPR019778;	SIGNAL 1..?; /evidence="ECO:0000305"	FUNCTION: Aerial growth, conidiation, and dispersal of filamentous fungi in the environment depend on their ability to secrete small amphipathic proteins called hydrophobins (HPBs) with low sequence identity. Class I can self-assemble into an outermost layer of rodlet bundles on aerial cell surfaces, conferring cellular hydrophobicity that supports fungal growth, development and dispersal; whereas Class II form highly ordered films at water-air interfaces through intermolecular interactions but contribute nothing to the rodlet structure. {ECO:0000305}.
A0A067NRQ5	HYD14_PLEO1	Unclassified hydrophobin 14	Hydph14 PLEOSDRAFT_159783	Pleurotus ostreatus (strain PC15) (Oyster mushroom)	133	PF01185;	IPR001338;	SIGNAL 1..25; /evidence="ECO:0000255"	FUNCTION: Aerial growth, conidiation, and dispersal of filamentous fungi in the environment depend on their ability to secrete small amphipathic proteins called hydrophobins (HPBs) with low sequence identity. Class I can self-assemble into an outermost layer of rodlet bundles on aerial cell surfaces, conferring cellular hydrophobicity that supports fungal growth, development and dispersal; whereas Class II form highly ordered films at water-air interfaces through intermolecular interactions but contribute nothing to the rodlet structure. {ECO:0000305}.
A0A067P0I9	HYD11_PLEO1	Class I hydrophobin 11	Hydph11 PLEOSDRAFT_156845	Pleurotus ostreatus (strain PC15) (Oyster mushroom)	129	PF01185;	IPR001338;	SIGNAL 1..19; /evidence="ECO:0000255"	FUNCTION: Aerial growth, conidiation, and dispersal of filamentous fungi in the environment depend on their ability to secrete small amphipathic proteins called hydrophobins (HPBs) with low sequence identity. Class I can self-assemble into an outermost layer of rodlet bundles on aerial cell surfaces, conferring cellular hydrophobicity that supports fungal growth, development and dispersal; whereas Class II form highly ordered films at water-air interfaces through intermolecular interactions but contribute nothing to the rodlet structure. {ECO:0000305}.
A0A067P1E6	HYD7_PLEO1	Class I hydrophobin 7	Hydph7 PLEOSDRAFT_154910	Pleurotus ostreatus (strain PC15) (Oyster mushroom)	109	PF01185;	IPR001338;IPR019778;	SIGNAL 1..17; /evidence="ECO:0000255"	FUNCTION: Aerial growth, conidiation, and dispersal of filamentous fungi in the environment depend on their ability to secrete small amphipathic proteins called hydrophobins (HPBs) with low sequence identity. Class I can self-assemble into an outermost layer of rodlet bundles on aerial cell surfaces, conferring cellular hydrophobicity that supports fungal growth, development and dispersal; whereas Class II form highly ordered films at water-air interfaces through intermolecular interactions but contribute nothing to the rodlet structure (Probable). Hydph7 is a class I hydrophobin involved in fruiting body development (PubMed:33636611). {ECO:0000269|PubMed:33636611, ECO:0000305}.
A0A067P494	HYD13_PLEO1	Class I hydrophobin 13	Hydph13 PLEOSDRAFT_1026039	Pleurotus ostreatus (strain PC15) (Oyster mushroom)	95	PF01185;	IPR001338;		FUNCTION: Aerial growth, conidiation, and dispersal of filamentous fungi in the environment depend on their ability to secrete small amphipathic proteins called hydrophobins (HPBs) with low sequence identity. Class I can self-assemble into an outermost layer of rodlet bundles on aerial cell surfaces, conferring cellular hydrophobicity that supports fungal growth, development and dispersal; whereas Class II form highly ordered films at water-air interfaces through intermolecular interactions but contribute nothing to the rodlet structure. {ECO:0000305}.
A0A067PCX8	HYD6_PLEO1	Class I hydrophobin 6	Hydph6 PLEOSDRAFT_19935	Pleurotus ostreatus (strain PC15) (Oyster mushroom)	114	PF01185;	IPR001338;IPR019778;	SIGNAL 1..19; /evidence="ECO:0000255"	FUNCTION: Aerial growth, conidiation, and dispersal of filamentous fungi in the environment depend on their ability to secrete small amphipathic proteins called hydrophobins (HPBs) with low sequence identity. Class I can self-assemble into an outermost layer of rodlet bundles on aerial cell surfaces, conferring cellular hydrophobicity that supports fungal growth, development and dispersal; whereas Class II form highly ordered films at water-air interfaces through intermolecular interactions but contribute nothing to the rodlet structure. {ECO:0000305}.
A0A0A2K253	HFBD_PENEN	Unclassified hydrophobin D	HfbD PEX2_017030	Penicillium expansum (Blue mold rot fungus)	105	PF29785;		SIGNAL 1..18; /evidence="ECO:0000255"	FUNCTION: Aerial growth, conidiation, and dispersal of filamentous fungi in the environment rely upon a capability of their secreting small amphipathic proteins called hydrophobins (HPBs) with low sequence identity. Class I can self-assemble into an outermost layer of rodlet bundles on aerial cell surfaces, conferring cellular hydrophobicity that supports fungal growth, development and dispersal; whereas Class II form highly ordered films at water-air interfaces through intermolecular interactions but contribute nothing to the rodlet structure (Probable). In P.expansum, hydrophobins contribute to germination, tolerance to cold stress and mycotoxins patulin and citrinin production (PubMed:36374077). {ECO:0000269|PubMed:36374077, ECO:0000305|PubMed:36374077}.
A0A0J9UJP6	HYD46_FUSO4	Class II hydrophobin FOXG_02746	FOXG_02746	Fusarium oxysporum f. sp. lycopersici (strain 4287 / CBS 123668 / FGSC 9935 / NRRL 34936) (Fusarium vascular wilt of tomato)	100	PF06766;	IPR010636;IPR036686;	SIGNAL 1..17; /evidence="ECO:0000255"	FUNCTION: Aerial growth, conidiation, and dispersal of filamentous fungi in the environment depend on their ability to secrete small amphipathic proteins called hydrophobins (HPBs) with low sequence identity. Class I can self-assemble into an outermost layer of rodlet bundles on aerial cell surfaces, conferring cellular hydrophobicity that supports fungal growth, development and dispersal; whereas Class II form highly ordered films at water-air interfaces through intermolecular interactions but contribute nothing to the rodlet structure (Probable). FOXG_02746 is a class II hydrophobin that is likely required for plant colonization (PubMed:36986302). {ECO:0000269|PubMed:36986302, ECO:0000305}.
A0A2H4SHM4	HYD2_CORMI	Class II hydrophobin 2	HYD2 A9K55_008053	Cordyceps militaris (Caterpillar fungus) (Clavaria militaris)	99	PF06766;	IPR010636;IPR036686;	SIGNAL 1..15; /evidence="ECO:0000255"	FUNCTION: Aerial growth, conidiation, and dispersal of filamentous fungi in the environment depend on their ability to secrete small amphipathic proteins called hydrophobins (HPBs) with low sequence identity. Class I can self-assemble into an outermost layer of rodlet bundles on aerial cell surfaces, conferring cellular hydrophobicity that supports fungal growth, development and dispersal; whereas Class II form highly ordered films at water-air interfaces through intermolecular interactions but contribute nothing to the rodlet structure (Probable). HYD2 is a class II hydrophobin that contributes to the fruiting body development (PubMed:33440688). {ECO:0000269|PubMed:33440688, ECO:0000305}.
A0A2T3YYV2	HFB27_TRIA4	Class II hydrophobin 7	HFB2-7 M441DRAFT_60885	Trichoderma asperellum (strain ATCC 204424 / CBS 433.97 / NBRC 101777)	142	PF06766;	IPR010636;IPR036686;	SIGNAL 1..16; /evidence="ECO:0000255"	FUNCTION: Aerial growth, conidiation, and dispersal of filamentous fungi in the environment depend on their ability to secrete small amphipathic proteins called hydrophobins (HPBs) with low sequence identity. Class I can self-assemble into an outermost layer of rodlet bundles on aerial cell surfaces, conferring cellular hydrophobicity that supports fungal growth, development and dispersal; whereas Class II form highly ordered films at water-air interfaces through intermolecular interactions but contribute nothing to the rodlet structure. {ECO:0000305}.
A0A2T3Z3L3	HFB23_TRIA4	Class II hydrophobin 3	HFB2-3 M441DRAFT_59451	Trichoderma asperellum (strain ATCC 204424 / CBS 433.97 / NBRC 101777)	97	PF06766;	IPR010636;IPR036686;	SIGNAL 1..16; /evidence="ECO:0000255"	FUNCTION: Aerial growth, conidiation, and dispersal of filamentous fungi in the environment depend on their ability to secrete small amphipathic proteins called hydrophobins (HPBs) with low sequence identity. Class I can self-assemble into an outermost layer of rodlet bundles on aerial cell surfaces, conferring cellular hydrophobicity that supports fungal growth, development and dispersal; whereas Class II form highly ordered films at water-air interfaces through intermolecular interactions but contribute nothing to the rodlet structure. {ECO:0000305}.
A0A2T3ZAF2	HFB26_TRIA4	Class II hydrophobin 6	HFB2-6 M441DRAFT_57894	Trichoderma asperellum (strain ATCC 204424 / CBS 433.97 / NBRC 101777)	106	PF06766;	IPR010636;IPR036686;	SIGNAL 1..16; /evidence="ECO:0000255"	FUNCTION: Aerial growth, conidiation, and dispersal of filamentous fungi in the environment depend on their ability to secrete small amphipathic proteins called hydrophobins (HPBs) with low sequence identity. Class I can self-assemble into an outermost layer of rodlet bundles on aerial cell surfaces, conferring cellular hydrophobicity that supports fungal growth, development and dispersal; whereas Class II form highly ordered films at water-air interfaces through intermolecular interactions but contribute nothing to the rodlet structure (Probable). HFB2-6 is a class II hydrophobin that has a function in root colonization (PubMed:25644947). Acts as an effector in poplar by up-regulating the expression of genes related to both the jasmonic acid and salicylic acid signal transduction pathways, which not only causes induced systemic resistance (ISR), but also systemic acquired resistance (SAR), giving poplar broad-spectrum resistance to pathogens (PubMed:25644947). Also induces genes related to auxin signal transduction to promote poplar growth (PubMed:25644947). Plays roles in interactions with both biotic and abiotic environmental conditions such as the presence of the pathogen Alternaria alternata or nutrient starvation conditions (PubMed:25644947). {ECO:0000269|PubMed:25644947, ECO:0000305}.
A0A2T3ZC06	HFB22_TRIA4	Class II hydrophobin 2	HFB2-2 M441DRAFT_57108	Trichoderma asperellum (strain ATCC 204424 / CBS 433.97 / NBRC 101777)	89	PF06766;	IPR010636;IPR036686;	SIGNAL 1..15; /evidence="ECO:0000255"	FUNCTION: Aerial growth, conidiation, and dispersal of filamentous fungi in the environment depend on their ability to secrete small amphipathic proteins called hydrophobins (HPBs) with low sequence identity. Class I can self-assemble into an outermost layer of rodlet bundles on aerial cell surfaces, conferring cellular hydrophobicity that supports fungal growth, development and dispersal; whereas Class II form highly ordered films at water-air interfaces through intermolecular interactions but contribute nothing to the rodlet structure. {ECO:0000305}.
A0A2T3ZCF4	HFB25_TRIA4	Class II hydrophobin 5	HFB2-5 M441DRAFT_57227	Trichoderma asperellum (strain ATCC 204424 / CBS 433.97 / NBRC 101777)	101	PF06766;	IPR010636;IPR036686;	SIGNAL 1..15; /evidence="ECO:0000255"	FUNCTION: Aerial growth, conidiation, and dispersal of filamentous fungi in the environment depend on their ability to secrete small amphipathic proteins called hydrophobins (HPBs) with low sequence identity. Class I can self-assemble into an outermost layer of rodlet bundles on aerial cell surfaces, conferring cellular hydrophobicity that supports fungal growth, development and dispersal; whereas Class II form highly ordered films at water-air interfaces through intermolecular interactions but contribute nothing to the rodlet structure. {ECO:0000305}.
A0A2T3ZJ73	HFB28_TRIA4	Class II hydrophobin 8	HFB2-8 M441DRAFT_130650	Trichoderma asperellum (strain ATCC 204424 / CBS 433.97 / NBRC 101777)	160	PF06766;	IPR010636;IPR036686;		FUNCTION: Aerial growth, conidiation, and dispersal of filamentous fungi in the environment depend on their ability to secrete small amphipathic proteins called hydrophobins (HPBs) with low sequence identity. Class I can self-assemble into an outermost layer of rodlet bundles on aerial cell surfaces, conferring cellular hydrophobicity that supports fungal growth, development and dispersal; whereas Class II form highly ordered films at water-air interfaces through intermolecular interactions but contribute nothing to the rodlet structure. {ECO:0000305}.
A0A2T3ZJV9	HFB24_TRIA4	Class II hydrophobin 4	HFB2-4 M441DRAFT_54184	Trichoderma asperellum (strain ATCC 204424 / CBS 433.97 / NBRC 101777)	97	PF06766;	IPR010636;IPR036686;	SIGNAL 1..16; /evidence="ECO:0000255"	FUNCTION: Aerial growth, conidiation, and dispersal of filamentous fungi in the environment depend on their ability to secrete small amphipathic proteins called hydrophobins (HPBs) with low sequence identity. Class I can self-assemble into an outermost layer of rodlet bundles on aerial cell surfaces, conferring cellular hydrophobicity that supports fungal growth, development and dispersal; whereas Class II form highly ordered films at water-air interfaces through intermolecular interactions but contribute nothing to the rodlet structure (Probable). HFB2-4 is a class II hydrophobin that acts as an effector in poplar by up-regulating the transcription of genes related to hormone signal transduction, disease resistance and defense-response, and thus, enhances resistance of seedlings to the Alternaria alternata pathogen (PubMed:30982213). {ECO:0000269|PubMed:30982213, ECO:0000305}.
A0A2T3ZKC8	HFB21_TRIA4	Class II hydrophobin 1	HFB2-1 M441DRAFT_54328	Trichoderma asperellum (strain ATCC 204424 / CBS 433.97 / NBRC 101777)	88	PF06766;	IPR010636;IPR036686;	SIGNAL 1..15; /evidence="ECO:0000255"	FUNCTION: Aerial growth, conidiation, and dispersal of filamentous fungi in the environment depend on their ability to secrete small amphipathic proteins called hydrophobins (HPBs) with low sequence identity. Class I can self-assemble into an outermost layer of rodlet bundles on aerial cell surfaces, conferring cellular hydrophobicity that supports fungal growth, development and dispersal; whereas Class II form highly ordered films at water-air interfaces through intermolecular interactions but contribute nothing to the rodlet structure. {ECO:0000305}.
A0A384JA57	BHP1_BOTFB	Class I hydrophobin 1	Bhp1 BCIN_02g07970	Botrytis cinerea (strain B05.10) (Noble rot fungus) (Botryotinia fuckeliana)	124	PF22354;		SIGNAL 1..18; /evidence="ECO:0000255"	FUNCTION: Aerial growth, conidiation, and dispersal of filamentous fungi in the environment depend on their ability to secrete small amphipathic proteins called hydrophobins (HPBs) with low sequence identity. Class I can self-assemble into an outermost layer of rodlet bundles on aerial cell surfaces, conferring cellular hydrophobicity that supports fungal growth, development and dispersal; whereas Class II form highly ordered films at water-air interfaces through intermolecular interactions but contribute nothing to the rodlet structure (Probable). In Botryotinia fuckeliana, hydrophobins are not involved in conferring surface hydrophobicity to conidia and aerial hyphae and their function in sclerotia and fruiting bodies remains to be investigated (PubMed:21232149). {ECO:0000269|PubMed:21232149, ECO:0000305|PubMed:21232149}.
A9NIV5	HYD5_FUSCU	Class II hydrophobin 5	Hyd5 FCULG_00004579 HYE67_009652	Fusarium culmorum	98	PF06766;	IPR010636;IPR036686;	SIGNAL 1..17; /evidence="ECO:0000255"	FUNCTION: Aerial growth, conidiation, and dispersal of filamentous fungi in the environment depend on their ability to secrete small amphipathic proteins called hydrophobins (HPBs) with low sequence identity. Class I can self-assemble into an outermost layer of rodlet bundles on aerial cell surfaces, conferring cellular hydrophobicity that supports fungal growth, development and dispersal; whereas Class II form highly ordered films at water-air interfaces through intermolecular interactions but contribute nothing to the rodlet structure (Probable). Hyd5 is a class II hydrophobin that is involved in surface hydrophobicity (PubMed:20442005). May act as an important factor within the plante-fungus interaction leading to the infection of cereals probably via the establishment of hyphae or conidia during colonization of a host plant (By similarity). {ECO:0000250|UniProtKB:I1RDW3, ECO:0000269|PubMed:20442005, ECO:0000305}.
A9NIV6	HYD3_FUSCU	Class I hydrophobin 3	Hyd3	Fusarium culmorum	83	PF22354;		SIGNAL 1..18; /evidence="ECO:0000255"	FUNCTION: Aerial growth, conidiation, and dispersal of filamentous fungi in the environment depend on their ability to secrete small amphipathic proteins called hydrophobins (HPBs) with low sequence identity. Class I can self-assemble into an outermost layer of rodlet bundles on aerial cell surfaces, conferring cellular hydrophobicity that supports fungal growth, development and dispersal; whereas Class II form highly ordered films at water-air interfaces through intermolecular interactions but contribute nothing to the rodlet structure (Probable). Hyd3 is a class I hydrophobin involved in the ability to penetrate through the water-air interface and to attach to hydrophobic surfaces such as the spike tissue (By similarity). Specifically necessary for fungal colonization or infection in plants (By similarity). {ECO:0000250|UniProtKB:I1RXJ5, ECO:0000305}.
D6RQ66	HYD3_COPC7	Class I hydrophobin 3	hyd3 CC1G_15241	Coprinopsis cinerea (strain Okayama-7 / 130 / ATCC MYA-4618 / FGSC 9003) (Inky cap fungus) (Hormographiella aspergillata)	162	PF01185;	IPR001338;	SIGNAL 1..?; /evidence="ECO:0000305"	FUNCTION: Aerial growth, conidiation, and dispersal of filamentous fungi in the environment depend on their ability to secrete small amphipathic proteins called hydrophobins (HPBs) with low sequence identity. Class I can self-assemble into an outermost layer of rodlet bundles on aerial cell surfaces, conferring cellular hydrophobicity that supports fungal growth, development and dispersal; whereas Class II form highly ordered films at water-air interfaces through intermolecular interactions but contribute nothing to the rodlet structure. {ECO:0000305}.
G2XCF6	VDH3_VERDV	Hydrophobin 3	VDAG_07838	Verticillium dahliae (strain VdLs.17 / ATCC MYA-4575 / FGSC 10137) (Verticillium wilt)	98	PF06766;	IPR010636;IPR036686;	SIGNAL 1..17; /evidence="ECO:0000255"	FUNCTION: Aerial growth, conidiation, and dispersal of filamentous fungi in the environment depend on their ability to secrete small amphipathic proteins called hydrophobins (HPBs) with low sequence identity. Class I can self-assemble into an outermost layer of rodlet bundles on aerial cell surfaces, conferring cellular hydrophobicity that supports fungal growth, development and dispersal; whereas Class II form highly ordered films at water-air interfaces through intermolecular interactions but contribute nothing to the rodlet structure (Probable). VDH3 is a class II hydrophobin that does not seem to be involved in pathogenicity. Its function has still to be dttermined (PubMed:36547586). {ECO:0000269|PubMed:36547586, ECO:0000305}.
I1RV60	AFPA_GIBZE	Alkaline foam protein A (Fungispumin ApfA)	AfpA FG08122.1	Gibberella zeae (strain ATCC MYA-4620 / CBS 123657 / FGSC 9075 / NRRL 31084 / PH-1) (Wheat head blight fungus) (Fusarium graminearum)	191	PF30672;		SIGNAL 1..18; /evidence="ECO:0000255"	FUNCTION: Non-hydrophobin moderately surface-active protein of which natural function remains to be elucidated. {ECO:0000269|PubMed:21450361}.
I7AQG9	HFB26_TRIAP	Class II hydrophobin 6	HFB2-6	Trichoderma asperellum (Filamentous fungus)	106	PF06766;	IPR010636;IPR036686;	SIGNAL 1..16; /evidence="ECO:0000255"	FUNCTION: Aerial growth, conidiation, and dispersal of filamentous fungi in the environment depend on their ability to secrete small amphipathic proteins called hydrophobins (HPBs) with low sequence identity. Class I can self-assemble into an outermost layer of rodlet bundles on aerial cell surfaces, conferring cellular hydrophobicity that supports fungal growth, development and dispersal; whereas Class II form highly ordered films at water-air interfaces through intermolecular interactions but contribute nothing to the rodlet structure (Probable). HFB2-6 is a class II hydrophobin that has a function in root colonization (PubMed:25644947). Acts as an effector in poplar by up-regulating the expression of genes related to both the jasmonic acid and salicylic acid signal transduction pathways, which not only causes induced systemic resistance (ISR), but also systemic acquired resistance (SAR), giving poplar broad-spectrum resistance to pathogens (PubMed:25644947). Also induces genes related to auxin signal transduction to promote poplar growth (PubMed:25644947). Plays roles in interactions with both biotic and abiotic environmental conditions such as the presence of the pathogen Alternaria alternata or nutrient starvation conditions (PubMed:25644947). {ECO:0000269|PubMed:25644947, ECO:0000305}.
O74300	SC6_SCHCO	Class I hydrophobin SC6	SC6	Schizophyllum commune (Split gill fungus)	185	PF01185;	IPR001338;IPR019778;	SIGNAL 1..17; /evidence="ECO:0000255"	FUNCTION: Aerial growth, conidiation, and dispersal of filamentous fungi in the environment depend on their ability to secrete small amphipathic proteins called hydrophobins (HPBs) with low sequence identity. Class I can self-assemble into an outermost layer of rodlet bundles on aerial cell surfaces, conferring cellular hydrophobicity that supports fungal growth, development and dispersal; whereas Class II form highly ordered films at water-air interfaces through intermolecular interactions but contribute nothing to the rodlet structure (Probable). SC6 is a dikaryon-specific class I hydrophobin that contributes to the formation of aerial hyphae and fruiting bodies (By similarity). {ECO:0000250|UniProtKB:P16933, ECO:0000305}.
O93917	HYP3_PISTI	Class I hydrophobin 3	hydPt-3	Pisolithus tinctorius (Dead man's foot) (Scleroderma tinctorium)	108	PF01185;	IPR001338;IPR019778;	SIGNAL 1..17; /evidence="ECO:0000255"	FUNCTION: Aerial growth, conidiation, and dispersal of filamentous fungi in the environment depend on their ability to secrete small amphipathic proteins called hydrophobins (HPBs) with low sequence identity. Class I can self-assemble into an outermost layer of rodlet bundles on aerial cell surfaces, conferring cellular hydrophobicity that supports fungal growth, development and dispersal; whereas Class II form highly ordered films at water-air interfaces through intermolecular interactions but contribute nothing to the rodlet structure. {ECO:0000305}.
O94203	HCF5_FULFL	Class II hydrophobin 5	hcf-5 CLAFUR5_11007	Fulvia fulva (Tomato leaf mold) (Passalora fulva)	88	PF06766;	IPR010636;IPR036686;	SIGNAL 1..14; /evidence="ECO:0000255"	FUNCTION: Aerial growth, conidiation, and dispersal of filamentous fungi in the environment depend on their ability to secrete small amphipathic proteins called hydrophobins (HPBs) with low sequence identity. Class I can self-assemble into an outermost layer of rodlet bundles on aerial cell surfaces, conferring cellular hydrophobicity that supports fungal growth, development and dispersal; whereas Class II form highly ordered films at water-air interfaces through intermolecular interactions but contribute nothing to the rodlet structure. {ECO:0000305}.
P49073	HYPC_AGABI	Class I hydrophobin C	hypC abh1 abh2	Agaricus bisporus (White button mushroom)	115	PF01185;	IPR001338;IPR019778;	SIGNAL 1..19; /evidence="ECO:0000255"	FUNCTION: Aerial growth, conidiation, and dispersal of filamentous fungi in the environment depend on their ability to secrete small amphipathic proteins called hydrophobins (HPBs) with low sequence identity. Class I can self-assemble into an outermost layer of rodlet bundles on aerial cell surfaces, conferring cellular hydrophobicity that supports fungal growth, development and dispersal; whereas Class II form highly ordered films at water-air interfaces through intermolecular interactions but contribute nothing to the rodlet structure. {ECO:0000305}.
P52749	HYP2_PISTI	Class I hydrophobin 2	hydPt-2	Pisolithus tinctorius (Dead man's foot) (Scleroderma tinctorium)	117	PF01185;	IPR001338;IPR019778;	SIGNAL <1..21; /evidence="ECO:0000255"	FUNCTION: Aerial growth, conidiation, and dispersal of filamentous fungi in the environment depend on their ability to secrete small amphipathic proteins called hydrophobins (HPBs) with low sequence identity. Class I can self-assemble into an outermost layer of rodlet bundles on aerial cell surfaces, conferring cellular hydrophobicity that supports fungal growth, development and dispersal; whereas Class II form highly ordered films at water-air interfaces through intermolecular interactions but contribute nothing to the rodlet structure. {ECO:0000305}.
P52752	SSGA_METAN	Class I hydrophobin ssgA (Starvation-stress protein A)	ssgA SSG12	Metarhizium anisopliae (Entomophthora anisopliae)	96	PF01185;	IPR001338;IPR019778;	SIGNAL 1..19; /evidence="ECO:0000255"	FUNCTION: Aerial growth, conidiation, and dispersal of filamentous fungi in the environment depend on their ability to secrete small amphipathic proteins called hydrophobins (HPBs) with low sequence identity. Class I can self-assemble into an outermost layer of rodlet bundles on aerial cell surfaces, conferring cellular hydrophobicity that supports fungal growth, development and dispersal; whereas Class II form highly ordered films at water-air interfaces through intermolecular interactions but contribute nothing to the rodlet structure. {ECO:0000305}.
P79072	SRH1_TRIHA	Class II hydrophobin Srh1	Srh1	Trichoderma harzianum (Hypocrea lixii)	89	PF06766;	IPR010636;IPR036686;	SIGNAL 1..15; /evidence="ECO:0000255"	FUNCTION: Aerial growth, conidiation, and dispersal of filamentous fungi in the environment depend on their ability to secrete small amphipathic proteins called hydrophobins (HPBs) with low sequence identity. Class I can self-assemble into an outermost layer of rodlet bundles on aerial cell surfaces, conferring cellular hydrophobicity that supports fungal growth, development and dispersal; whereas Class II form highly ordered films at water-air interfaces through intermolecular interactions but contribute nothing to the rodlet structure (Probable). Srh1 is a class II hydrophobin that plays an important role during conidiation (PubMed:9339348). {ECO:0000269|PubMed:9339348, ECO:0000305}.
Q4WE22	RODD_ASPFU	Hydrophobin-like protein rodD (Rodlet protein D)	rodD AFUA_5G01490	Aspergillus fumigatus (strain ATCC MYA-4609 / CBS 101355 / FGSC A1100 / Af293) (Neosartorya fumigata)	192	PF29785;			FUNCTION: Aerial growth, conidiation, and dispersal of filamentous fungi in the environment depend on their ability to secrete small amphipathic proteins called hydrophobins (HPBs) with low sequence identity. Class I can self-assemble into an outermost layer of rodlet bundles on aerial cell surfaces, conferring cellular hydrophobicity that supports fungal growth, development and dispersal; whereas Class II form highly ordered films at water-air interfaces through intermolecular interactions but contribute nothing to the rodlet structure (Probable). RodD is a an hydrophobin-like protein that, unlike rodA, is not required for rodlet formation (PubMed:29371496). {ECO:0000269|PubMed:29371496, ECO:0000305}.
Q8NIN9	HYP1_CLAHE	Class I hydrophobin 1 (allergen Cla h ?)	HCh-1	Cladosporium herbarum (Davidiella tassiana)	105	PF22354;		SIGNAL 1..18; /evidence="ECO:0000255"	FUNCTION: Aerial growth, conidiation, and dispersal of filamentous fungi in the environment depend on their ability to secrete small amphipathic proteins called hydrophobins (HPBs) with low sequence identity. Class I can self-assemble into an outermost layer of rodlet bundles on aerial cell surfaces, conferring cellular hydrophobicity that supports fungal growth, development and dispersal; whereas Class II form highly ordered films at water-air interfaces through intermolecular interactions but contribute nothing to the rodlet structure. {ECO:0000305}.
Q8X1N0	POHYD_PLEOS	Class I hydrophobin Po.HYD	Po.HYD	Pleurotus ostreatus (Oyster mushroom) (Agaricus ostreatus)	110	PF01185;	IPR001338;	SIGNAL 1..27; /evidence="ECO:0000255"	FUNCTION: Aerial growth, conidiation, and dispersal of filamentous fungi in the environment depend on their ability to secrete small amphipathic proteins called hydrophobins (HPBs) with low sequence identity. Class I can self-assemble into an outermost layer of rodlet bundles on aerial cell surfaces, conferring cellular hydrophobicity that supports fungal growth, development and dispersal; whereas Class II form highly ordered films at water-air interfaces through intermolecular interactions but contribute nothing to the rodlet structure. {ECO:0000305}.
Q9Y8F0	PRI2_CYCAE	Class I hydrophobin pri2	pri2	Cyclocybe aegerita (Black poplar mushroom) (Agrocybe aegerita)	123	PF01185;	IPR001338;	SIGNAL 1..18; /evidence="ECO:0000255"	FUNCTION: Aerial growth, conidiation, and dispersal of filamentous fungi in the environment depend on their ability to secrete small amphipathic proteins called hydrophobins (HPBs) with low sequence identity. Class I can self-assemble into an outermost layer of rodlet bundles on aerial cell surfaces, conferring cellular hydrophobicity that supports fungal growth, development and dispersal; whereas Class II form highly ordered films at water-air interfaces through intermolecular interactions but contribute nothing to the rodlet structure. {ECO:0000305}.
W8NXX4	HYD2_BIOOC	Class II hydrophobin 2	Hyd2	Bionectria ochroleuca (Gliocladium roseum)	123	PF06766;	IPR010636;IPR036686;	SIGNAL 1..16; /evidence="ECO:0000255"	FUNCTION: Aerial growth, conidiation, and dispersal of filamentous fungi in the environment depend on their ability to secrete small amphipathic proteins called hydrophobins (HPBs) with low sequence identity. Class I can self-assemble into an outermost layer of rodlet bundles on aerial cell surfaces, conferring cellular hydrophobicity that supports fungal growth, development and dispersal; whereas Class II form highly ordered films at water-air interfaces through intermolecular interactions but contribute nothing to the rodlet structure (Probable). Hyd2 is a class II hydrophobin that plays probably a role in intraspecific signaling or hyphal fusion (PubMed:24483277). Not necessary for root adhesion and colonization (PubMed:24483277). Might play an essential role since no deletion mutants could be obtained (PubMed:24483277). {ECO:0000269|PubMed:24483277, ECO:0000305}.
