,Agaricales,Alaninales,Ascoideales,Auriculariales,Blastocladiales,Boletales,Botryosphaeriales,Cantharellales,Capnodiales,Chaetothyriales,Chytridiales,Cladosporiales,Coniochaetales,Cystobasidiales,Cystofilobasidiales,Diaporthales,Dimargaritales,Dipodascales,Diversisporales,Dothideales,Entomophthorales,Erysiphales,Eurotiales,Exobasidiales,Filobasidiales,Geoglossales,Glomerales,Glomerellales,Gomphales,Harpellales,Helotiales,Hymenochaetales,Hypocreales,Kickxellales,Lecanorales,Lichinales,Lipomycetales,Magnaporthales,Malasseziales,Microascales,Microbotryales,Microstromatales,Mortierellales,Mucorales,Mycosphaerellales,Myriangiales,Neocallimastigales,Onygenales,Ophiostomatales,Orbiliales,Ostropales,Pezizales,Phaffomycetales,Pichiales,Pleosporales,Pneumocystales,Polyporales,Pucciniales,Rhizophydiales,Russulales,Saccharomycetales,Saccharomycodales,Schizosaccharomycetales,Sebacinales,Serinales,Sordariales,Spizellomycetales,Sporidiobolales,Taphrinales,Teloschistales,Thelebolales,Thelephorales,Tilletiales,Trapeliales,Tremellales,Trichosporonales,Trigonopsidales,Trypetheliales,Umbelopsidales,Umbilicariales,Ustilaginales,Venturiales,Xylariales,Zoopagales
Agaricales,1.0,0.32908186421508934,3.875771614899329e-08,0.1160205606377506,0.7121532179288447,1.2391140897296392e-24,4.411513905784824e-23,0.01914712719801761,0.04708643931247353,0.7437821925634486,1.7029333901916905e-14,1.444755658145085e-13,1.8584036125243226e-08,0.03398405325313121,0.10851372417437993,6.803418704915825e-26,0.38388025420212146,2.1497573977301025e-11,0.9343120171572511,2.8101881267967803e-27,0.0007672907029113894,0.0003225561962312448,1.8445666344918352e-10,0.06335096488638696,0.0066252333328197435,0.5138835132072902,0.5915458561575939,5.0785248718955684e-52,0.18769366171269555,3.582569074930193e-07,2.170253191714028e-57,0.31820296106694124,3.0444014327153264e-90,5.927562957634111e-20,1.1036556509593012e-10,0.6248201368472568,1.3072190875506306e-05,1.95823205854282e-12,1.1219414058139205e-06,3.302959697241165e-22,0.41981263001631147,0.08813895220503447,0.00010482602491378763,7.85825566861831e-07,5.50709208164782e-22,2.1413097687248962e-08,1.8108746128143427e-09,0.009709377406210931,5.4050831758577846e-18,3.847792590920585e-25,0.01580688340288994,0.02089978544832878,0.0005354403952217505,0.3421029529533658,4.5710373122728e-22,0.09203409145454208,0.6967121984839642,0.0067084183602032586,0.011812054673783629,1.6098652381795587e-08,0.004711194836112689,0.007231315119244231,0.02114133448410291,0.04269362052259489,0.011504676045362943,4.1837842992722145e-46,0.5759329482284412,0.06098891054836602,0.187304503682937,0.30585535501292954,1.4193218082989841e-09,0.021683916859664355,0.07104567246584971,1.2089690905940536e-05,0.11235529603884853,7.722253457359282e-06,3.403053202157747e-05,1.8480656867150987e-07,0.41318136215449247,0.08769522566523878,2.1497173899514484e-11,0.0006817670795196673,5.6854082597317265e-52,0.27107600286218286
Alaninales,0.32908186421508934,1.0,1.5064326604366062e-05,0.055404902034054584,0.3878499936051391,0.04478085542432212,1.172344765104194e-10,0.02344114073196537,0.023069915707832594,0.48382211621737575,1.2265752124168853e-09,4.174277269507473e-08,1.5369209039409095e-07,0.34988778694958667,0.722840058413697,9.839481368952304e-10,0.8156946701577822,0.0007539503105328905,0.481762878806239,5.5605175247881964e-14,0.0006258941585382651,0.0532935061038461,0.004226299526159652,0.29527824989515483,0.3597623480967913,0.26434715472176296,0.8438633254592576,1.3232298500868602e-13,0.5537908557818296,1.1690643119951972e-06,1.3403756601255214e-12,0.9516737658073975,1.6940892102196972e-11,7.577683115137468e-06,9.669483344596418e-07,0.3564580961379529,0.09831818461760995,3.771428840570185e-08,0.011676229103857199,2.1143872551400035e-08,0.8885091846514442,0.3607846266924245,0.29426730578131843,0.25790721418463725,1.2773418383134984e-07,1.714256295729548e-07,1.7898307125897608e-08,0.7856962872998506,2.329091501208182e-07,2.0791040273314048e-14,0.00786499533815556,0.04846479443715634,0.015465915217342661,0.5589934751733859,1.5195727155969487e-05,0.044343774248642054,0.46444281019746253,0.3476672047627743,0.007294333323497557,0.07992120213193382,0.039394950815031825,0.008907455557265444,0.17543121197046913,0.022870229426599383,0.07891279959410165,3.707950385490938e-12,0.9151438302640974,0.7282366421634637,0.08782982696291484,0.13693427093912686,2.092191418681239e-06,0.13398566625667738,0.03441270793300247,4.0709915777285465e-05,0.08466652631552132,0.0014493437774305332,0.00013282664673017593,5.084632693506112e-07,0.8500382102918719,0.04314517434847071,0.00805657082269751,0.0009176999773572138,9.193837772192207e-11,0.12415052515324904
Ascoideales,3.875771614899329e-08,1.5064326604366062e-05,1.0,0.2795472973438533,0.03998547139721586,1.5043286254900515e-22,0.047772773406876766,0.01373845585698715,0.6841149012686606,6.548914842085794e-07,0.03180980490918965,0.23926200826532346,0.036976057638285625,5.821761747520794e-07,6.896420347937965e-07,0.1772944224685534,0.0014447831332362777,0.024912653722774063,0.003291759241019524,0.000581283726867357,0.7251633757473963,1.7344145033970862e-10,0.0019591465085277353,3.551507727815829e-05,1.3361216832703838e-09,0.07654506057524828,0.00036603256209846274,0.007310750930160204,0.0002983588956377501,0.07176856490900775,0.028547645386834287,4.300613061035548e-06,0.12295630517572849,0.4230664204114727,0.5859952007171385,0.1116760801228701,9.596299405505402e-14,0.1637198015432053,2.2545540683568485e-14,0.4710384977287638,0.001054930327064307,6.594192781605963e-05,5.30412870029951e-13,3.559065913516302e-15,0.7936879980463114,0.03888371296962288,0.008908719242735693,9.551520172139515e-11,0.7817977767838304,0.000163526655033516,0.9145930098459006,0.0002314266630348138,0.0014723401997721209,6.0080789857638175e-09,0.2720008245889459,0.4061750532337477,1.2457007166442683e-07,1.6111812397308796e-09,0.5779748460788694,7.214355331936565e-17,0.0001352745515288446,0.11429917857118033,2.7881480290042865e-06,0.2803169965315227,5.788803575210925e-06,0.03467167118532435,0.0010271201505838562,3.874961278008916e-08,0.030347805992925997,0.004804240535530207,0.6360249749795863,1.1030997260014844e-05,0.38277375858884877,0.5499294038428947,0.00023588185282827766,0.06312120702120434,0.9186153223402713,0.035116567731949856,0.0017161315782420002,0.1758891679861019,1.094570041600801e-19,0.8248874470956156,0.15986892930470395,0.060397612385865704
Auriculariales,0.1160205606377506,0.055404902034054584,0.2795472973438533,1.0,0.4498645777719163,0.00013266465598404614,0.015498539283123074,0.7072822097515683,0.6720789364120787,0.10228044206297826,0.009590255798401828,0.05542805865149025,0.00951665199978306,0.00798269558709785,0.02280584069422541,0.043603511037253954,0.08174964246047678,0.9922399631663326,0.2515122021405053,0.0006840912601896361,0.2435620354768926,0.000401331290745727,0.7398157892358629,0.012107526265214523,0.004781793887077614,0.5833824260209802,0.10939160072484327,0.0054956427308155455,0.036981901380126594,0.01809484282609277,0.013125248214644683,0.05341255018391556,0.03587201781417311,0.4740086643991489,0.13817783572230383,0.5874252074565923,0.0005464381846544033,0.039394950815031825,4.529591665539723e-05,0.10158324693328824,0.085874528480203,0.01699405408738972,0.0023928865467936528,0.0016633046519046852,0.1758891679861019,0.00998546207929748,0.002524829726922641,0.014211820944816385,0.17616340691279983,0.00024393275496243473,0.3977918373924485,0.4333166724327214,0.6150223732396699,0.0682466423931804,0.5627359011401318,0.8944399628162073,0.09521974900019933,0.00462413928854885,0.6548446563829232,0.00033291539424382805,0.43770879456956885,0.9973824811557052,0.004448151398663153,0.9252464242084381,0.29664193524595384,0.014362122871877216,0.11639178198396248,0.01795695794182959,0.6326518215274114,0.44454700121934493,0.1536951242312962,0.00429042427020536,0.8876336289918048,0.15087341698230364,0.3751915189515154,0.9522677568673128,0.28423049237144865,0.008974918102038754,0.08894199416306345,0.9406588789511928,2.1952715607722015e-05,0.4439426319991938,0.041898592247843446,0.6625736823708279
Blastocladiales,0.7121532179288447,0.3878499936051391,0.03998547139721586,0.4498645777719163,1.0,0.016636170117871094,0.0007295736784189036,0.5639072340537841,0.24754860003925097,0.6360249749795863,0.0004959439462999535,0.004185546544880965,0.0007171715237994171,0.10631618559320274,0.23833963947877382,0.0026195073701196286,0.3622131202345094,0.29176377204684695,0.8136754432677084,1.8048626028387028e-05,0.049397666826229716,0.01580688340288994,0.48236526968041665,0.10047202159503758,0.10042633378477568,0.8546855938058956,0.5237435973937985,0.00017628084360341188,0.2140172221927728,0.0016835332728714198,0.0005105392104393615,0.4015583015058669,0.0017684770299675216,0.07583539187542468,0.01453580923248038,0.9009546727601734,0.02892216332242873,0.002831911999669206,0.004343373251998247,0.00812531427260595,0.3934487086983369,0.12659221462602185,0.07927458207013592,0.06947974796529513,0.017389804580347435,0.0007615598801833574,0.00015647358845388056,0.23024112399814006,0.017930623447983646,5.9659251807739935e-06,0.11945810043382371,0.8004428701575174,0.6059350514424089,0.5468591398655762,0.09940679308905477,0.3783002951466148,0.6311346161994965,0.09709501581955493,0.20146772937878218,0.02475463786258848,0.7850949065510775,0.3569028201196509,0.05467960357681352,0.3569170606769809,0.950187124759129,0.0005833817535857257,0.5058874814789615,0.2274068262713661,0.6990824128299858,0.8709773028214954,0.01741115201097321,0.04321743935900801,0.3597623480967913,0.021857561454095637,0.8855697952987679,0.28331632707799764,0.049096911724410844,0.0007684936512690946,0.38277375858884877,0.4674977043461972,0.0039259708452889204,0.099117090661081,0.0022724806230104613,0.7115425401156433
Boletales,1.2391140897296392e-24,0.04478085542432212,1.5043286254900515e-22,0.00013266465598404614,0.016636170117871094,1.0,1.308332145931633e-51,2.4355433261893846e-12,7.695555727398989e-05,8.146402015220576e-08,6.304453565255444e-30,6.974204364357158e-32,7.120103098869495e-16,0.6858945285928014,0.12311468860226929,4.159430875589104e-63,0.3863992479192188,5.216208966088284e-58,0.006879741220307436,4.844679266254936e-53,1.660897039736549e-08,0.4897226465870944,8.437226432247431e-74,0.9742384853615246,0.3654064934176962,0.006770389104611705,0.04721769804550674,2.0270604702706781e-115,0.6582149452271223,1.4950333949613174e-13,1.3591922038341832e-134,0.016543185038905877,6.363162246936472e-235,2.1661253355194066e-70,3.2416173332148225e-27,0.027222314979667556,0.9810092074274152,5.724352214791332e-28,0.16892660969088777,1.730298481337627e-58,0.28131654696940256,0.9278154720304794,0.1959953495753459,0.11304518734658733,1.7430240416062993e-62,8.770232559223878e-16,8.389228310551758e-17,0.0010427496667928106,2.073204724217617e-50,6.416870805515694e-47,2.437136093992463e-05,2.0337328788411387e-21,2.562072719164059e-28,1.1083365152059868e-13,7.278579165073336e-84,0.00014880877582181817,1.0360065370693496e-10,0.40109942321979214,4.250370907013167e-07,0.907481439993835,6.140751516876989e-30,9.357629825936091e-11,0.7730400369734799,2.9532259124343207e-06,1.0651695581736496e-44,2.1975981323955293e-107,0.10776683828758118,0.05327310333237453,7.94645505294998e-06,2.916685094992412e-06,2.112097631570694e-24,0.5674084476878541,4.698122687860005e-05,7.427371395112059e-13,3.875577970161136e-14,1.430042849741603e-25,4.0274133717052774e-13,1.749425584055319e-13,0.35907657169773277,1.382862312578949e-05,0.12895755792160543,3.163095722636908e-10,3.52563201654329e-132,0.00020248386035835676
Botryosphaeriales,4.411513905784824e-23,1.172344765104194e-10,0.047772773406876766,0.015498539283123074,0.0007295736784189036,1.308332145931633e-51,1.0,4.7514221712188926e-07,0.12769520107840468,7.214355331936565e-17,0.6256770201206973,0.5331607774057164,0.4052148522528122,6.955983757070123e-12,4.751369576424331e-13,0.41413442830094854,7.857614912510807e-06,7.3377762389038336e-09,2.858583580507809e-06,0.10203506034169828,0.4328138616368505,2.3303461804079633e-17,1.5641184231789178e-12,5.166438931134226e-08,3.118746030947687e-18,0.0020595029573992007,9.181733956516186e-08,0.6869015146745887,8.966201538194135e-07,0.5420519670631732,0.8708099004061849,3.2109520420398933e-12,0.2795472973438533,9.316919411358233e-05,0.18412734998803326,0.006999576056709249,3.792758708257127e-26,0.772844880241643,2.542546616542416e-24,0.11531518963551261,3.231146462224218e-06,1.1915431616650455e-07,5.6825852777949746e-27,3.157346537881074e-33,0.024488956145117126,0.41771949257843477,0.1554095688657548,2.468755283447035e-24,0.03591162458541654,0.0369603589443209,0.4060054495147302,7.631137178382134e-13,2.938108138588041e-11,1.1663300498352887e-23,1.0594660211306412e-05,0.038165820169868664,1.3518739520908413e-19,6.039174110257064e-18,0.048303144038697676,1.7707287100286712e-34,3.4336202278643605e-14,0.00022205887557114848,9.418045208052056e-10,0.008857710921425193,1.101967358650827e-18,0.8653362009616171,1.3358167677886346e-06,2.6169143181980173e-16,4.687545436953795e-05,4.817136624435664e-07,0.1773803768419898,2.1252651796081768e-08,0.02825512674256868,0.46391694165953007,7.006169561574066e-12,2.255096968719969e-06,0.1522002921049047,0.3319742716852633,1.003756829276472e-05,0.0035629507860687995,4.258535133952271e-37,0.08022719868187951,0.2806815226083205,0.000491771507577133
Cantharellales,0.01914712719801761,0.02344114073196537,0.01373845585698715,0.7072822097515683,0.5639072340537841,2.4355433261893846e-12,4.7514221712188926e-07,1.0,0.3771563113579083,0.02732130009813881,3.503806629389292e-06,0.0001082464549470403,9.650095178837002e-05,0.0015229015974653605,0.00439584071519645,3.9712595154655295e-06,0.07681964554065046,0.3855817435932839,0.2709562554909988,2.004426512901945e-10,0.05145684195229701,6.713635633450489e-06,0.8809626113700927,0.006639273181391368,0.00012698117214043116,0.7535925765869352,0.08497522524797992,2.0357008829690596e-10,0.028161195842009514,0.000446820646449599,2.511819258878532e-09,0.01732182973694559,3.261624331888719e-08,0.017458152440759805,0.0016360106425353876,0.7460004882131601,3.4664965783012423e-07,8.388607150951748e-05,2.338436476836664e-08,7.968310670240039e-05,0.07744082226395119,0.010201448012559036,3.1174691263688784e-06,2.3753757976257087e-07,0.0004645523024539732,0.00010632351764924518,1.306429365825251e-05,0.00016963621230062323,0.0007343483504344572,8.20161883548592e-11,0.1697505377870158,0.48511928091828976,0.8605928997187564,0.0051811387871293834,0.03221017109340346,0.5878751442083376,0.01771048089392232,0.0001316567597411355,0.2928660281465178,7.461915146286827e-09,0.48389887422727934,0.5708717777051403,0.0014461438491479963,0.5653418872800575,0.2034884236400143,9.446720109717199e-09,0.1042548853510296,0.0015141052949690684,0.8524474313642478,0.5468591398655762,0.0027860181127712003,0.0020595029573992007,0.5629181922630584,0.011894549595402221,0.3887421165503257,0.3934487086983369,0.035121081603601646,0.0001858707382937019,0.08497522524797992,0.7553604269034743,2.3649670836831413e-11,0.10825943158376232,2.779546357358394e-07,0.8811270445163093
Capnodiales,0.04708643931247353,0.023069915707832594,0.6841149012686606,0.6720789364120787,0.24754860003925097,7.695555727398989e-05,0.12769520107840468,0.3771563113579083,1.0,0.041898592247843446,0.08147922122121483,0.2661195859516806,0.060402011360277855,0.0032662534556669727,0.009236126371615765,0.2510186638690035,0.03807030791554237,0.5825156347913287,0.11917829717361442,0.016580221766870427,0.5410238408248011,0.0001762478456388096,0.3791738165670828,0.005130452590033511,0.001981167538354831,0.34174599730648614,0.048352482874772194,0.07557866314200398,0.016382307761299435,0.08982064762978034,0.12913184366710398,0.02198282976455536,0.2404911322226125,0.9573633996054776,0.46049672719034207,0.36067007906736903,0.0002545308412947322,0.20654619022139326,2.366816528112574e-05,0.41241876523657106,0.03938184996392987,0.007223145990143805,0.0010463008266629406,0.0007539503105328905,0.5628678766304817,0.0626416351875012,0.02198282976455536,0.005791225121375868,0.557607673856016,0.007613126263313986,0.6946910787319716,0.198335785838439,0.3034361096743686,0.02727912907204124,0.9597770553189587,0.7847867509554994,0.03881730383456954,0.0019152779566868942,0.9754995985002642,0.00016967939607122963,0.19908536939326316,0.6184831638557186,0.0018288646184544688,0.723272753397652,0.12788717438257943,0.13398566625667738,0.05327310333237453,0.007223145990143805,0.3448772654842589,0.21711918450238896,0.4843003949675646,0.0017922313203035136,0.7816594063783592,0.42885340101358194,0.16975248088069556,0.632960235727295,0.6503309753096608,0.05161675465925797,0.0416999421276127,0.5933072022394507,1.3977973293647734e-05,0.8341573078181533,0.25830460593713844,0.3791738165670828
Chaetothyriales,0.7437821925634486,0.48382211621737575,6.548914842085794e-07,0.10228044206297826,0.6360249749795863,8.146402015220576e-08,7.214355331936565e-17,0.02732130009813881,0.041898592247843446,1.0,1.7022174642043341e-12,4.6226713968926626e-11,4.259595283890665e-08,0.07110783804714335,0.21382532077190539,8.328679618941773e-17,0.4711160181738047,6.840152295465401e-06,0.8228163767928284,2.7758897278350875e-21,0.0008220264376618589,0.0017587045250769312,0.00016161829226903535,0.09525314181563811,0.031953953489001284,0.4563723313026468,0.730641573955571,6.839947905466406e-28,0.25251446066692196,5.949078028913862e-07,3.4875267465077296e-27,0.4954314041506345,3.6938732583788264e-28,2.869425971149953e-10,7.7435774401632e-09,0.5627359011401318,0.0006702366189500004,1.4153767187873166e-10,3.35979658976463e-05,3.0582742035049335e-14,0.5146539451330836,0.12884786698501535,0.005678573545047068,0.001333572777389447,3.262174166575648e-13,4.8425995608900574e-08,4.316618726221449e-09,0.10253826258184916,6.669394146726711e-12,1.2110572609347163e-20,0.014211775621323289,0.051434433622067594,0.006666889262021869,0.7856962872998506,4.954556829768408e-10,0.08166259671300632,0.9973824811557052,0.031109627518769317,0.011580092620108224,6.00373994597216e-05,0.030625872851392146,0.009733546379812906,0.038010361443877635,0.03964226661003045,0.08478703184407067,1.4597607177550293e-24,0.6945003803441891,0.16516626912660642,0.16599136413650867,0.26748147135559536,4.0133443567781456e-08,0.03484607387954432,0.06308182577382114,2.1659921670946022e-05,0.13398566625667738,0.00018464594750879678,6.622574249147126e-05,2.9172251878013126e-07,0.5004975200479095,0.07916434498950878,3.1281423630466104e-07,0.000893902182950552,3.62154907228184e-23,0.2355833317297064
Chytridiales,1.7029333901916905e-14,1.2265752124168853e-09,0.03180980490918965,0.009590255798401828,0.0004959439462999535,6.304453565255444e-30,0.6256770201206973,3.503806629389292e-06,0.08147922122121483,1.7022174642043341e-12,1.0,0.31603977303436126,0.6758113035728416,4.9773840165598146e-11,1.8232369689220938e-11,0.23346030798383635,6.239097270853177e-06,1.527255348192076e-06,3.963359248606475e-06,0.4101300442465135,0.2857821888944167,1.8245379131250317e-15,2.0214913800162357e-08,5.4608176936915575e-08,4.428417043005013e-15,0.0013439019909082116,1.9024228214241936e-07,0.8183657734840476,7.975524562447524e-07,0.8109374937921079,0.4882050409152955,1.2720879881495047e-10,0.16397626797830292,0.0005165513160336212,0.10890954930966058,0.004358043641580015,3.7323108792850156e-20,0.4854485836247917,2.333595274599661e-20,0.07517061193140087,2.943024165931432e-06,1.1948827167621588e-07,1.4079982617295682e-19,3.669563887182685e-22,0.02203084207296914,0.689477134432982,0.336867125300388,3.680379076763513e-17,0.028480570008898223,0.20816974901562865,0.28331632707799764,2.226769497992923e-09,2.6889154388318588e-08,2.2949584118220786e-15,0.0001474576139956423,0.02359836373977098,1.3287719692882738e-13,6.1391095888697325e-15,0.029781073405227454,7.349686893424575e-24,7.352243551578316e-10,0.0002921647285640228,1.5379692936058713e-09,0.005805990488425339,7.299301107941196e-12,0.4908997266892233,1.5596455349864858e-06,2.0150435353586273e-13,5.91012976079914e-05,1.7922403775587523e-06,0.10522494709766225,2.0553080175971993e-08,0.01741559586738279,0.294238213792457,3.733881527838664e-09,2.0985378925266347e-05,0.09135974399172732,0.5605247910955862,7.87932170411455e-06,0.0024496768365479134,1.0052408453344681e-26,0.04870422500406797,0.16322470195247077,0.0003895871866567066
Cladosporiales,1.444755658145085e-13,4.174277269507473e-08,0.23926200826532346,0.05542805865149025,0.004185546544880965,6.974204364357158e-32,0.5331607774057164,0.0001082464549470403,0.2661195859516806,4.6226713968926626e-11,0.31603977303436126,1.0,0.22061689463626943,1.702434113354822e-09,7.037645868774904e-10,0.9714087988046286,7.307856740884371e-05,5.7767256106759265e-05,7.507487388762889e-05,0.03271953050391359,0.7100066413405426,7.023710840874713e-14,6.617301070426001e-07,8.966201538194135e-07,1.452481294698382e-13,0.009876392812985892,4.533946718905025e-06,0.2696702041850423,1.1090843008002306e-05,0.32527899645759795,0.5572633724448474,4.864094427262516e-09,0.9353099173102379,0.013509557748348498,0.5531808432294971,0.022483176443110462,4.82565072176513e-19,0.8050384353590035,5.775698631484391e-19,0.5242323146810514,4.079064596804865e-05,1.8948881072979625e-06,1.1560150929347442e-18,6.368680838518123e-22,0.24330936712874185,0.22906322350531327,0.07517061193140087,3.699603445539283e-16,0.2760721190405031,0.011085970024155584,0.6245319841941366,7.602234012327766e-08,9.857223940627377e-07,2.0057272556871678e-14,0.004612322801718428,0.10672003848203379,2.384489017726727e-12,2.0407829748300418e-13,0.1504376306150951,1.32266180518105e-23,2.222635599611526e-08,0.005101025672044293,3.4033010670584815e-08,0.042994221214619925,1.2609046322335238e-10,0.5769545667585656,2.6763121997474905e-05,7.025107511475629e-12,0.0010476424314593267,4.8857544697590685e-05,0.5261362975094798,3.1128594888470304e-07,0.08882700412854763,0.8004428701575174,1.3603564747083388e-07,0.0006607272581130724,0.4038850092167232,0.18451918293504274,9.074200910332108e-05,0.02139200121183418,1.6377964807585744e-26,0.2448084299156459,0.8944399628162073,0.004450972922476733
Coniochaetales,1.8584036125243226e-08,1.5369209039409095e-07,0.036976057638285625,0.00951665199978306,0.0007171715237994171,7.120103098869495e-16,0.4052148522528122,9.650095178837002e-05,0.060402011360277855,4.259595283890665e-08,0.6758113035728416,0.22061689463626943,1.0,6.645180393972453e-09,1.2224369522110901e-08,0.1779565084339621,1.5561319428157386e-05,0.00017394021706803803,2.6596134434542397e-05,0.8855697952987679,0.198108196208605,7.99285119040798e-12,2.2158126523920298e-05,2.9782676288184507e-07,1.3389310806450424e-10,0.0016772361579281067,2.7987330670654792e-06,0.5111423525666685,2.829104142003456e-06,0.9008162699890054,0.32417235436083436,6.328993858374162e-08,0.14652701808695837,0.0040783304540532835,0.09360417979281749,0.004022135712160117,4.1125773660427024e-13,0.323204137103087,2.375972619814938e-14,0.07880792676455918,1.0111224459314247e-05,5.678854685678705e-07,3.707352210296704e-12,6.14968261592686e-13,0.03577772417686998,0.9903127714589686,0.6547313287165718,1.552424260104554e-10,0.0402626231184199,0.633233556739591,0.19844856800382146,3.583453014805738e-06,1.5091778633320206e-05,4.677912152759268e-09,0.0021689937966128574,0.02005260692102755,2.0485757557367284e-08,1.4157547717631625e-10,0.026776277894162957,3.177382997275041e-14,2.7794544249124333e-06,0.0012024029513404086,2.1985406790074857e-08,0.007096401855326212,4.171221343035911e-07,0.3252121309033002,8.645755151045776e-06,2.0592705607689186e-09,0.00028140131215891663,3.494479108341744e-05,0.0899618096147826,9.523016358221426e-08,0.015874605272640938,0.2032635715898736,3.127519341014207e-06,0.0004545291403707443,0.07493923200936242,0.8755137452651665,1.8943547958779406e-05,0.0035629507860687995,2.538350293350761e-16,0.04282168734865232,0.14307348029655262,0.0008242087544130937
Cystobasidiales,0.03398405325313121,0.34988778694958667,5.821761747520794e-07,0.00798269558709785,0.10631618559320274,0.6858945285928014,6.955983757070123e-12,0.0015229015974653605,0.0032662534556669727,0.07110783804714335,4.9773840165598146e-11,1.702434113354822e-09,6.645180393972453e-09,1.0,0.5448451933255988,5.6928801164589384e-11,0.6503309753096608,2.8817737437079577e-05,0.11486288584239032,4.762028054704704e-15,4.5497372695824114e-05,0.42816033497546857,0.00017395625419371885,0.7929315910753506,0.8675714768704264,0.06312120702120434,0.28389174394130734,2.174195523243667e-14,0.9070011927008883,5.592970155764574e-08,1.8768053763569687e-13,0.29066450304791414,2.140225890643461e-12,2.9693973115392604e-07,3.754475014704093e-08,0.10975100560157988,0.7355732811119935,1.4925044373294655e-09,0.22869190788843924,1.0357466071277064e-09,0.5605247910955862,0.8818000924509509,0.8565139067830719,0.8653362009616171,5.939253674017247e-09,7.418623874400142e-09,7.410597946219087e-10,0.38101881226462025,1.0082916736279306e-08,1.586000138301011e-15,0.0010399322229585268,0.0030371275454394173,0.0007746135544683878,0.07916434498950878,5.878079646226561e-07,0.00660486340655059,0.06206112232921058,0.8881082508334852,0.0006367462898860301,0.7479615006300283,0.0022724806230104613,0.0005639583625833433,0.6237128380790424,0.0023126698505543056,0.005010369687464004,4.195185036612672e-13,0.3637696319386656,0.4934502475741697,0.010182051969375907,0.01589105304551303,7.992357737213225e-08,0.47353419357744925,0.004459922990650345,2.001275517781118e-06,0.0064699417200886605,6.045306956976711e-05,6.42180098018475e-06,2.5160353881974726e-08,0.6227240285038631,0.005011196674731398,0.2701461913912935,5.464280048994222e-05,8.345901410562814e-12,0.018911537087199164
Cystofilobasidiales,0.10851372417437993,0.722840058413697,6.896420347937965e-07,0.02280584069422541,0.23833963947877382,0.12311468860226929,4.751369576424331e-13,0.00439584071519645,0.009236126371615765,0.21382532077190539,1.8232369689220938e-11,7.037645868774904e-10,1.2224369522110901e-08,0.5448451933255988,1.0,3.738925977816227e-12,0.9918790645539336,3.4350247298802734e-05,0.2803169965315227,1.0894189512469579e-16,0.00013553552837319797,0.11012838502863402,0.0002843166509104987,0.43770879456956885,0.5993017732929601,0.14936967783567368,0.5874252074565923,6.703645592435967e-17,0.7400850447522822,1.2678633631275231e-07,8.278780986284086e-16,0.6496271578202366,1.1156385960182417e-14,1.1899798018033638e-07,2.725325849651552e-08,0.2294726746018009,0.21382532077190539,7.964898142445591e-10,0.030263264753023197,1.3839161206387264e-10,0.9106109380010426,0.5146539451330836,0.54515673574284,0.5043309913757371,1.0682697097106363e-09,1.3855342983731175e-08,1.2983666158886325e-09,0.8704944489227406,2.602052564093415e-09,5.443582135369709e-17,0.0029793773266252608,0.008649784432516064,0.001854947378514297,0.24685080598250134,2.5824351669511866e-07,0.01856556877457889,0.19216521165487938,0.581008880116725,0.0019483394384218794,0.18879325235552052,0.006128121393635379,0.00161111941073592,0.28331632707799764,0.007052108915620956,0.014398190077455573,3.391118503222983e-15,0.6819489262729271,0.9733468884382408,0.031098508767267514,0.04844182570267215,7.320742927819997e-08,0.2110454016103013,0.013018746987192886,4.633737030484191e-06,0.01984567331213741,0.00010756122420778524,1.469515747071546e-05,5.881823819882517e-08,0.9618523708985466,0.015104004333236993,0.024405823623051572,0.00015268041026104818,1.163528163981252e-13,0.05341255018391556
Diaporthales,6.803418704915825e-26,9.839481368952304e-10,0.1772944224685534,0.043603511037253954,0.0026195073701196286,4.159430875589104e-63,0.41413442830094854,3.9712595154655295e-06,0.2510186638690035,8.328679618941773e-17,0.23346030798383635,0.9714087988046286,0.1779565084339621,5.6928801164589384e-11,3.738925977816227e-12,1.0,3.415571125056771e-05,2.5248405529243754e-08,1.753086920597848e-05,0.009290699774193093,0.7100066413405426,1.7548015715459803e-16,6.716361129183719e-13,2.764457604449896e-07,1.3812179873041168e-17,0.006789129165920652,6.298225253694947e-07,0.11854160094700256,4.335398115014605e-06,0.2807889005459037,0.3787333982344578,2.4541926364432397e-11,0.9581205170488148,0.0007956711326311842,0.5090984244486231,0.018247049524969118,2.1526069410205636e-26,0.7449028178016187,7.882476809088428e-24,0.44454700121934493,1.561328423829815e-05,6.106400700626136e-07,5.8608982857866395e-28,2.1056718117406604e-36,0.1368235496385354,0.18533440867723408,0.05359312154878558,1.9769167019430681e-25,0.17617166787296296,0.00266064373625377,0.6239634109072009,1.3910203958083787e-12,7.576317377988387e-11,6.17653910049808e-26,7.785734470213089e-05,0.09183781535317898,2.333595274599661e-20,2.90194684439728e-17,0.12709885578597668,5.320126402737622e-37,2.0578979189440586e-14,0.0014199522177629222,6.034708664322999e-09,0.030223293842068278,1.4367907274500457e-20,0.41564462684992853,7.59757464828288e-06,1.2310323918317362e-15,0.00028625532126839146,3.844957609436758e-06,0.48486850111230223,1.0665146301695338e-07,0.0745786291126219,0.8050384353590035,2.6173249141022242e-11,1.8188761042065643e-05,0.3704973018531894,0.15200132019390872,4.322939354908971e-05,0.013397062550323358,3.6677603256087207e-39,0.21089327999681354,0.9019100613688676,0.002194683929226382
Dimargaritales,0.38388025420212146,0.8156946701577822,0.0014447831332362777,0.08174964246047678,0.3622131202345094,0.3863992479192188,7.857614912510807e-06,0.07681964554065046,0.03807030791554237,0.4711160181738047,6.239097270853177e-06,7.307856740884371e-05,1.5561319428157386e-05,0.6503309753096608,0.9918790645539336,3.415571125056771e-05,1.0,0.020759564386743628,0.44398856284073035,1.1391976856045492e-07,0.0034342960541044352,0.2538433387733633,0.04696868927611312,0.5245473298047442,0.7206365528928536,0.26467299080162116,0.7037718216856673,1.2534066121028666e-06,0.7823251069659144,4.692266479457729e-05,4.254531277746965e-06,0.7740384678475891,1.8048626028387028e-05,0.0026726640986502598,0.00036445742026734317,0.32978238074582616,0.42924620869468194,4.9111709809649525e-05,0.14034863462628777,0.0001426455707953637,0.9389160254274389,0.5926553805030238,0.70317348296135,0.6862873823632442,0.0003690306891049597,1.6769846339046183e-05,2.8586662531103893e-06,0.9343120171572511,0.0004002886577299903,3.510786887774323e-08,0.015257003861546185,0.13296537206117515,0.07663419549787964,0.5233584137103721,0.0039320425779591625,0.06680609203876663,0.46391694165953007,0.7066870782370507,0.021857561454095637,0.42953347952103255,0.12415052515324904,0.03823852294661839,0.3953047783347672,0.04928656239840807,0.18196954072316265,5.140149017220431e-06,0.766005705144888,0.9920408622664757,0.13758829375623866,0.1942236367354943,0.0004771841883642071,0.3000191026622599,0.057676273971363726,0.0009066832477101215,0.17002554696607686,0.021744997753332624,0.0024285988133432067,2.047764611725434e-05,0.9762914986510594,0.07680711444522081,0.163983453406662,0.006902494866102458,2.5581673238575248e-05,0.15986892930470395
Dipodascales,2.1497573977301025e-11,0.0007539503105328905,0.024912653722774063,0.9922399631663326,0.29176377204684695,5.216208966088284e-58,7.3377762389038336e-09,0.3855817435932839,0.5825156347913287,6.840152295465401e-06,1.527255348192076e-06,5.7767256106759265e-05,0.00017394021706803803,2.8817737437079577e-05,3.4350247298802734e-05,2.5248405529243754e-08,0.020759564386743628,1.0,0.06845535413433051,4.693282472722496e-13,0.10092267908694104,6.566389388298141e-09,0.11180341735643297,0.0008631044725788728,2.2931894605115473e-08,0.4498645777719163,0.011295114843745563,6.283051575698802e-19,0.005561133979288596,0.0008749249528505158,1.61133593652997e-18,0.00021902860850154233,8.357048941109637e-22,0.01041819854129846,0.001854947378514297,0.4854129421923128,2.0578979189440586e-14,6.120238435462419e-05,9.072617900038246e-14,3.474860455595799e-06,0.018247049524969118,0.0015206432328926252,7.906700334063123e-15,7.4791639998654e-22,3.574387513061631e-05,0.00019099486956013166,2.177169362318185e-05,3.3216443553101696e-12,0.00016457955571924312,6.969989070650816e-13,0.28331632707799764,0.010670593599630109,0.08681914486895775,1.1798041290653928e-11,0.023998154545763217,0.8653362009616171,1.1740558511818077e-07,3.1504933670736875e-08,0.5146539451330836,1.2531500079917927e-22,0.003774651471018948,0.9918790645539336,9.434163379846588e-05,0.8956574920023785,1.5785294726582494e-06,2.0333093536097163e-15,0.02171057844669448,9.780766342430283e-07,0.4036622343089875,0.13700556441083286,0.0039259708452889204,0.0002584902838160774,0.851714735319805,0.024890674997492333,0.012667648546243275,0.8899624347126917,0.07465821923402496,0.00036890631533318535,0.0238993046550498,0.8969915665772361,4.880995242229605e-25,0.22033764271694253,3.457745819755114e-14,0.4954972892307923
Diversisporales,0.9343120171572511,0.481762878806239,0.003291759241019524,0.2515122021405053,0.8136754432677084,0.006879741220307436,2.858583580507809e-06,0.2709562554909988,0.11917829717361442,0.8228163767928284,3.963359248606475e-06,7.507487388762889e-05,2.6596134434542397e-05,0.11486288584239032,0.2803169965315227,1.753086920597848e-05,0.44398856284073035,0.06845535413433051,1.0,1.0326126211399915e-08,0.011245464176347968,0.011504676045362943,0.16901736437810086,0.11486288584239032,0.0993381446786928,0.6456416174274491,0.6532791111180334,1.1347970939265504e-07,0.2589212309808111,0.00010216363658832763,6.040100513916218e-07,0.49817554328105773,4.335398115014605e-06,0.005581152035585909,0.000592903232704381,0.7201411984671786,0.019410701508909636,5.1452021354498303e-05,0.001966208267025729,0.00012394131903774655,0.48337420643456885,0.14737518758982424,0.0688140787476894,0.05447427024653556,0.0004305952028578126,2.8905568397992232e-05,4.058080151121778e-06,0.259159796133918,0.0005122292374181898,2.854141881926278e-09,0.04893850562396719,0.4688929370370569,0.27815035975297986,0.7055262166832399,0.008941687675966387,0.2032635715898736,0.8186473519416774,0.09569957429523604,0.0745786291126219,0.01413586794220169,0.44566506715916576,0.13398566625667738,0.05803191836635491,0.16398186148507654,0.6248201368472568,9.044444324454544e-07,0.6266228799970834,0.2624766492198221,0.433833529201396,0.592823587975861,0.0008586083571771242,0.04704480329626869,0.18256665453541013,0.0024824294397607764,0.5700896039008793,0.07384922785515707,0.007096401855326212,4.358281601333912e-05,0.4690378846095349,0.24701951764645486,0.0011993494522121915,0.022754703911674452,8.461782019195618e-06,0.4701974686818225
Dothideales,2.8101881267967803e-27,5.5605175247881964e-14,0.000581283726867357,0.0006840912601896361,1.8048626028387028e-05,4.844679266254936e-53,0.10203506034169828,2.004426512901945e-10,0.016580221766870427,2.7758897278350875e-21,0.4101300442465135,0.03271953050391359,0.8855697952987679,4.762028054704704e-15,1.0894189512469579e-16,0.009290699774193093,1.1391976856045492e-07,4.693282472722496e-13,1.0326126211399915e-08,1.0,0.07754639001199731,4.351796812409759e-21,5.864612545352438e-17,3.8306818301802426e-10,2.3346698783927903e-22,6.344525243484268e-05,1.9262019337873072e-10,0.13574285135603958,9.74916382518501e-09,0.7617251996865088,0.032025191401302694,6.784814297953348e-16,0.0016305753332452428,2.7800266968557535e-08,0.004694415154493662,0.00045882475322894583,1.3446592087987989e-30,0.08701962543150461,1.3621436651323388e-28,0.0008629662722317934,3.1539740145110865e-08,9.950181302959974e-10,2.144081296254932e-31,3.0601418501785823e-37,6.16080465496717e-05,0.8704944489227406,0.6892317326124523,9.309327043144253e-29,0.00014218333587565348,0.632960235727295,0.1007812811395516,3.575231559105873e-17,1.5859991868874419e-15,6.1816949847054465e-28,1.733993486122055e-09,0.002675643180042456,5.3133794535556604e-24,4.811428335626725e-22,0.002392101487504361,1.3460464890244703e-38,1.2352356072087648e-18,6.099230160501709e-07,3.1853246539512353e-12,0.00021116107090844502,5.121630106178487e-23,0.03659352213617385,7.3237577783029356e-09,1.9436745339368618e-20,1.6898131645966885e-07,4.439004748296158e-10,0.004996783818365163,1.9499297782418795e-10,0.0015206432328926252,0.06070712205901027,4.559723979044114e-16,6.488580747563088e-10,0.007813000014541594,0.9564735433915198,1.506134558081357e-07,6.427274200876301e-05,2.4560342091308925e-41,0.003558086959541021,0.0022759476888287084,5.480651224544387e-06
Entomophthorales,0.0007672907029113894,0.0006258941585382651,0.7251633757473963,0.2435620354768926,0.049397666826229716,1.660897039736549e-08,0.4328138616368505,0.05145684195229701,0.5410238408248011,0.0008220264376618589,0.2857821888944167,0.7100066413405426,0.198108196208605,4.5497372695824114e-05,0.00013553552837319797,0.7100066413405426,0.0034342960541044352,0.10092267908694104,0.011245464176347968,0.07754639001199731,1.0,5.342471033708799e-07,0.03950150060572717,0.0002053322575084117,9.649399635856048e-06,0.08213388336711032,0.002676255600530867,0.29481465536670065,0.001028712475008402,0.2709562554909988,0.45589295622369314,0.00047623098533826157,0.7120223610543411,0.3934487086983369,0.9973824811557052,0.10535222370954275,2.9944762692864813e-07,0.5872174130991846,1.7400781538320528e-08,0.9750759242657204,0.003129958232634038,0.00033103888674306653,1.989919197796973e-06,8.862503926769981e-07,0.8232623148077485,0.2034884236400143,0.08210512116931294,2.6941404910423755e-05,0.8395207956161869,0.03807030791554237,0.8865211200516768,0.012528940991959085,0.027987877703272802,0.00030555430721675977,0.31191667435703807,0.3328823963778857,0.000635136248354684,9.547524184769143e-06,0.46008006805961593,9.86658251970581e-08,0.011915067454883008,0.1508144369973095,4.0624070540301664e-05,0.25147808302017705,0.004781793887077614,0.46420936170631777,0.0039294701048701395,6.574341844660363e-05,0.05716315641344101,0.022348208573156916,0.9724431043484921,6.291744617381183e-05,0.31801572486494273,0.9009546727601734,0.010120496817581976,0.13232923387676992,0.8119122002508701,0.16577053396251662,0.003926039761124976,0.1750010204425733,2.7067368162795455e-09,0.6256770201206973,0.7405973489896418,0.07908869251661942
Erysiphales,0.0003225561962312448,0.0532935061038461,1.7344145033970862e-10,0.000401331290745727,0.01580688340288994,0.4897226465870944,2.3303461804079633e-17,6.713635633450489e-06,0.0001762478456388096,0.0017587045250769312,1.8245379131250317e-15,7.023710840874713e-14,7.99285119040798e-12,0.42816033497546857,0.11012838502863402,1.7548015715459803e-16,0.2538433387733633,6.566389388298141e-09,0.011504676045362943,4.351796812409759e-21,5.342471033708799e-07,1.0,7.416428442974803e-08,0.7325544333002852,0.24925270503874522,0.007506622124026969,0.046467956034804296,2.427729529083669e-21,0.4426337063355103,1.440744958909901e-10,2.942096968969841e-20,0.034045716829145874,4.0208914427246036e-19,1.0115695447199791e-11,4.122511111079555e-12,0.021371575096969516,0.543457339830934,9.86246034500231e-14,0.7502009702794323,7.828467858461819e-15,0.18533440867723408,0.6441454198874552,0.19818090885029768,0.18422451840104984,6.439782291171744e-14,9.204567899607509e-12,7.641745921162e-13,0.0343592843682254,1.8468204845845944e-13,2.334897024857629e-21,5.302461495176219e-05,9.147082148363652e-06,1.082211065634773e-06,0.001566256628749607,2.2280394706057493e-11,0.00036261920716944924,0.001176556771825862,0.2661195859516806,1.0714911671641755e-05,0.4854129421923128,4.804724999876883e-06,2.7760554453660424e-06,0.8849737331932657,5.0988117813001454e-05,1.3251202416511669e-05,1.2176518217797896e-19,0.08145921778452749,0.07790768420292128,0.0002497719463173889,0.00034232044347454703,1.398836117913691e-11,0.9008162699890054,0.00018416464038747773,4.928547578320395e-09,3.6730283243456076e-05,3.931210561554513e-08,1.4178376350818516e-08,7.67574967622098e-11,0.2355833317297064,0.00014514675769634598,0.9111720782294286,2.9292162148911506e-07,4.272318771535122e-18,0.0008941909901639548
Eurotiales,1.8445666344918352e-10,0.004226299526159652,0.0019591465085277353,0.7398157892358629,0.48236526968041665,8.437226432247431e-74,1.5641184231789178e-12,0.8809626113700927,0.3791738165670828,0.00016161829226903535,2.0214913800162357e-08,6.617301070426001e-07,2.2158126523920298e-05,0.00017395625419371885,0.0002843166509104987,6.716361129183719e-13,0.04696868927611312,0.11180341735643297,0.16901736437810086,5.864612545352438e-17,0.03950150060572717,7.416428442974803e-08,1.0,0.0026577489193594516,3.915956910496818e-07,0.6756370233351564,0.037063793533184564,4.626977197824725e-30,0.014500835336776251,0.00015850765311404985,3.766144242754239e-32,0.0016887626605464924,4.246718747966637e-52,4.9221068272632495e-06,5.680659692201902e-05,0.6822666145766927,7.276927296782098e-13,1.268874499931587e-06,2.2338139562028368e-12,4.717236395977456e-10,0.04434434364376569,0.004430997824854104,3.1216217303439066e-13,7.868773739642894e-21,4.54577084731005e-09,2.4789792770410492e-05,2.544583303385071e-06,1.3222110216020758e-10,1.6898131645966885e-07,3.456195519594393e-16,0.16342471568996553,0.11854160094700256,0.5420519670631732,2.6280656987207855e-10,5.316584286242357e-06,0.6094436553099706,4.3562923851028585e-06,5.08510882886699e-07,0.27758359045634706,2.42776872494354e-21,0.07013501997014081,0.5629181922630584,0.0003735379016817985,0.5774004692152072,5.175445211329543e-05,3.114923962250489e-25,0.05720039205515572,1.4530766865302191e-05,0.738549414696336,0.37184476499512864,0.00018551281264953518,0.000792225432995231,0.578527660749264,0.005451008243098937,0.10374903233176729,0.25663290311061865,0.01779389516408477,6.657287517216201e-05,0.05341255018391556,0.7936879980463114,1.339888877919596e-23,0.07985107255438023,9.503213503361243e-27,0.7928830714783363
Exobasidiales,0.06335096488638696,0.29527824989515483,3.551507727815829e-05,0.012107526265214523,0.10047202159503758,0.9742384853615246,5.166438931134226e-08,0.006639273181391368,0.005130452590033511,0.09525314181563811,5.4608176936915575e-08,8.966201538194135e-07,2.9782676288184507e-07,0.7929315910753506,0.43770879456956885,2.764457604449896e-07,0.5245473298047442,0.0008631044725788728,0.11486288584239032,3.8306818301802426e-10,0.0002053322575084117,0.7325544333002852,0.0026577489193594516,1.0,0.6653325206799288,0.06430536295405158,0.2453703082999004,4.6718461143707214e-09,0.736788545013674,1.2014126255232796e-06,1.930932692012281e-08,0.2577738538414772,1.0366786036585827e-07,5.7420588752799344e-05,6.351463016623807e-06,0.09948135028940663,0.9681982164579117,6.001178861989026e-07,0.5382879146089488,1.5689786011429873e-06,0.45416670227827777,0.9290604943699847,0.6493771549254314,0.6516090589148826,4.9221068272632495e-06,3.2403579237898675e-07,4.545463922104409e-08,0.32847202522464297,5.704232788240037e-06,1.1010935604073607e-10,0.0017922313203035136,0.012912355456371627,0.005678573545047068,0.10848179752373956,9.206245894660378e-05,0.00975084803675629,0.08959089901441909,0.6822666145766927,0.0018837262815610842,0.9468094358951846,0.011318366632755702,0.0028235582155783103,0.8675714768704264,0.005317815193898173,0.01952054354205086,2.5096506121112272e-08,0.30035479500149054,0.4015583015058669,0.01897638456787478,0.028713783869220678,9.237891611649453e-06,0.6946910787319716,0.007562279830729434,3.0946051989102325e-05,0.019558403202627073,0.0010346820378539796,9.146115594140783e-05,5.081287151402706e-07,0.5016058394875701,0.009565825380364337,0.6341426553777283,0.0003735379016817985,1.6825792800671967e-07,0.02686716971008432
Filobasidiales,0.0066252333328197435,0.3597623480967913,1.3361216832703838e-09,0.004781793887077614,0.10042633378477568,0.3654064934176962,3.118746030947687e-18,0.00012698117214043116,0.001981167538354831,0.031953953489001284,4.428417043005013e-15,1.452481294698382e-13,1.3389310806450424e-10,0.8675714768704264,0.5993017732929601,1.3812179873041168e-17,0.7206365528928536,2.2931894605115473e-08,0.0993381446786928,2.3346698783927903e-22,9.649399635856048e-06,0.24925270503874522,3.915956910496818e-07,0.6653325206799288,1.0,0.05542025148208173,0.28849676404470004,1.3229861580678004e-24,0.999067630766359,2.731362423771351e-09,1.8081679963189622e-23,0.28188376274980376,1.4420360034516557e-22,6.669394146726711e-12,1.72187712056244e-11,0.10907957704317418,0.49165266323489565,3.280524818224088e-13,0.08548714631083955,1.6094129163183208e-15,0.6201408695658502,0.7617351016523393,0.9973824811557052,0.9781303086973154,1.7195344798904945e-14,1.5392149362364763e-10,1.3084879475518154e-11,0.36667758121456345,1.0291058998405496e-13,3.020828265343073e-22,0.0006044025480840953,0.00015241065578398523,1.3272650206936428e-05,0.030726520474332938,1.451544838068202e-11,0.004091266213237369,0.022962842355316117,0.9776675409744315,0.00018355447985142257,0.475619315344409,6.817371370506197e-05,5.247693651402357e-05,0.4826443233786142,0.0008297071396682903,0.00020174888919464244,2.545617488931709e-22,0.38801770758016796,0.5301841056637386,0.004124282244673359,0.006002898477269926,8.18875473459193e-11,0.3574526938657353,0.002388813782187852,8.849243891072556e-08,0.00071819486457117,3.5579267648523993e-07,2.4460203106722743e-07,1.4690545966023054e-09,0.6872789384462538,0.0021930566650102345,0.07992120213193382,5.6242265916807425e-06,1.2318043623514721e-20,0.011295114843745563
Geoglossales,0.5138835132072902,0.26434715472176296,0.07654506057524828,0.5833824260209802,0.8546855938058956,0.006770389104611705,0.0020595029573992007,0.7535925765869352,0.34174599730648614,0.4563723313026468,0.0013439019909082116,0.009876392812985892,0.0016772361579281067,0.06312120702120434,0.14936967783567368,0.006789129165920652,0.26467299080162116,0.4498645777719163,0.6456416174274491,6.344525243484268e-05,0.08213388336711032,0.007506622124026969,0.6756370233351564,0.06430536295405158,0.05542025148208173,1.0,0.38426545518712735,0.0005824265061621828,0.14735453332286766,0.003618337549078656,0.001561130485169008,0.2708616214069287,0.0049493858680455935,0.14001039869042411,0.03070257489288802,0.9703366871763336,0.013411293346191958,0.006819210952674208,0.0017684770299675216,0.01913307735753806,0.2853928789556492,0.08215334812638722,0.040509281685779705,0.03431268853634234,0.03775066003617263,0.0017684770299675216,0.00038931951132527325,0.1356669618883223,0.03843321524950156,2.171303548770059e-05,0.17443724188772247,0.9980898579277273,0.8094836087205874,0.3741130732195908,0.17871718093917127,0.5003574854122469,0.44881595814543335,0.05359312154878558,0.29664193524595384,0.01091512691509867,0.9911727687168402,0.5058874814789615,0.03233860329412364,0.48954236833678405,0.8503786955157723,0.0017511875760230892,0.37654800295530033,0.13826967660761685,0.878547340455403,0.9536811654173123,0.03577772417686998,0.02649183366421683,0.48389887422727934,0.0406731246997617,0.9229925594247714,0.43216554168251375,0.0868324895150078,0.0017119038007478902,0.280837045079262,0.6158453032898173,0.0014723401997721209,0.16114360874770423,0.006147456639590402,0.8804034320141453
Glomerales,0.5915458561575939,0.8438633254592576,0.00036603256209846274,0.10939160072484327,0.5237435973937985,0.04721769804550674,9.181733956516186e-08,0.08497522524797992,0.048352482874772194,0.730641573955571,1.9024228214241936e-07,4.533946718905025e-06,2.7987330670654792e-06,0.28389174394130734,0.5874252074565923,6.298225253694947e-07,0.7037718216856673,0.011295114843745563,0.6532791111180334,1.9262019337873072e-10,0.002676255600530867,0.046467956034804296,0.037063793533184564,0.2453703082999004,0.28849676404470004,0.38426545518712735,1.0,1.8464023417300741e-09,0.4684676327730747,1.326664891691926e-05,1.1801768039108988e-08,0.8847869894076876,9.756231972597044e-08,0.000491771507577133,4.7826311956844206e-05,0.4711160181738047,0.08651812268869316,3.2394309504360285e-06,0.01201265480325336,5.9659251807739935e-06,0.767161123138407,0.29879880253226954,0.24012034632479223,0.21124480289042358,2.4145851827591367e-05,3.0594857773051564e-06,3.758514071402073e-07,0.6232435508078903,3.1446654476315824e-05,5.5168471360333605e-11,0.018179057619845757,0.163790475615211,0.07776140453815948,0.8228163767928284,0.0008484594695409101,0.08781863891003121,0.7206365528928536,0.280135867226335,0.022853537311145363,0.07458084670284032,0.1483654293830157,0.03729165452101325,0.144863287069127,0.05921898082477011,0.2424368091474062,1.9439470789047924e-08,0.9509191703124,0.5850592646694224,0.187304503682937,0.27781330251940645,7.647136801930311e-05,0.11056017807249702,0.07458084670284032,0.0003846971566458503,0.22906322350531327,0.014041357534777456,0.001176556771825862,5.662707547081841e-06,0.7345142453646359,0.09802319902880521,0.00988989132711219,0.0049833426557848726,2.2827359792908356e-07,0.2274068262713661
Glomerellales,5.0785248718955684e-52,1.3232298500868602e-13,0.007310750930160204,0.0054956427308155455,0.00017628084360341188,2.0270604702706781e-115,0.6869015146745887,2.0357008829690596e-10,0.07557866314200398,6.839947905466406e-28,0.8183657734840476,0.2696702041850423,0.5111423525666685,2.174195523243667e-14,6.703645592435967e-17,0.11854160094700256,1.2534066121028666e-06,6.283051575698802e-19,1.1347970939265504e-07,0.13574285135603958,0.29481465536670065,2.427729529083669e-21,4.626977197824725e-30,4.6718461143707214e-09,1.3229861580678004e-24,0.0005824265061621828,1.8464023417300741e-09,1.0,1.1183353547675296e-07,0.6652232729288902,0.40476070098407907,2.9042138286659347e-16,0.01464623979318669,1.3694113787086121e-09,0.05310945542978017,0.002951982502618974,1.517437352819027e-37,0.5043309913757371,2.068445174987233e-31,0.010635275275386028,3.6775771311794835e-07,1.1886194815066594e-08,1.8922598295679784e-42,6.8837631612073375e-59,0.00040430803698650086,0.525840816245409,0.2032635715898736,4.405252518866023e-41,0.0013654944400383307,0.0458556729500754,0.30000874723238546,1.1663300498352887e-23,2.187491146768549e-21,2.5496017157997038e-48,2.4030650651470783e-12,0.017295486508192404,1.0326779191469546e-35,4.8058507924490316e-24,0.0187614987482682,1.438741069206458e-56,8.941889728628438e-29,5.9373758527816295e-06,3.6566532346630046e-11,0.0021753906145243512,3.3904931244909333e-44,0.4284674179027484,8.659241541139053e-08,1.418795688122684e-22,1.854878623884652e-06,1.944476144857123e-09,0.05412078192291425,2.349443402044436e-09,0.011130095429229653,0.29190039602826584,6.984485485589393e-20,1.2394683271854275e-10,0.06320331299064356,0.4187458319563401,1.6522530571369664e-06,0.000713934080541524,1.8067818944979807e-56,0.030021987133951954,0.02727912907204124,6.402041010581278e-05
Gomphales,0.18769366171269555,0.5537908557818296,0.0002983588956377501,0.036981901380126594,0.2140172221927728,0.6582149452271223,8.966201538194135e-07,0.028161195842009514,0.016382307761299435,0.25251446066692196,7.975524562447524e-07,1.1090843008002306e-05,2.829104142003456e-06,0.9070011927008883,0.7400850447522822,4.335398115014605e-06,0.7823251069659144,0.005561133979288596,0.2589212309808111,9.74916382518501e-09,0.001028712475008402,0.4426337063355103,0.014500835336776251,0.736788545013674,0.999067630766359,0.14735453332286766,0.4684676327730747,1.1183353547675296e-07,1.0,9.608062757995752e-06,4.123820846908726e-07,0.5062984699837774,1.989919197796973e-06,0.000533625511593796,6.359581359853224e-05,0.20077368366679077,0.6900749510743217,7.459729437014819e-06,0.2807889005459037,2.0554473044301487e-05,0.7066985887780127,0.8119122002508701,0.9973824811557052,0.9889077512718445,5.813243934151458e-05,3.0491671093642174e-06,4.6562486280285496e-07,0.632960235727295,6.434124522388352e-05,2.8557271028477206e-09,0.00613435723924719,0.05161675465925797,0.02652474826956033,0.28436646399984405,0.0008110594054617145,0.029880188784834925,0.24407220970830715,0.9865718452653117,0.007746679970256789,0.7011524647173205,0.046984050464678385,0.01296616055156422,0.5915458561575939,0.01954175732390987,0.07458084670284032,5.123173809218054e-07,0.5308644303395338,0.7089692155758652,0.06102291728115853,0.08889063062054996,8.705199222457639e-05,0.46299451728420443,0.024714501772399144,0.0002133725416929322,0.07147761127939828,0.006149776302376946,0.0006044025480840953,4.135881874752672e-06,0.7553604269034743,0.03235434328840825,0.33379017111530096,0.0020063497056424916,2.9887511969615057e-06,0.07691935781798812
Harpellales,3.582569074930193e-07,1.1690643119951972e-06,0.07176856490900775,0.01809484282609277,0.0016835332728714198,1.4950333949613174e-13,0.5420519670631732,0.000446820646449599,0.08982064762978034,5.949078028913862e-07,0.8109374937921079,0.32527899645759795,0.9008162699890054,5.592970155764574e-08,1.2678633631275231e-07,0.2807889005459037,4.692266479457729e-05,0.0008749249528505158,0.00010216363658832763,0.7617251996865088,0.2709562554909988,1.440744958909901e-10,0.00015850765311404985,1.2014126255232796e-06,2.731362423771351e-09,0.003618337549078656,1.326664891691926e-05,0.6652232729288902,9.608062757995752e-06,1.0,0.46391694165953007,5.912454939824597e-07,0.24613835220904298,0.012414520592131535,0.1582747807393103,0.007374456650833584,1.9839434110798464e-11,0.4426746830802128,1.0141568941672759e-12,0.14278382444464122,3.35806135041776e-05,2.2185344527501566e-06,1.6576283707821877e-10,4.204122419589893e-11,0.07493923200936242,0.9114031731656721,0.568637640501914,4.844244208235726e-09,0.08153215771337449,0.5318000107738708,0.2602843856713236,2.9929991362473687e-05,0.00010482602491378763,1.0456900355094309e-07,0.007374456650833584,0.03432161288816244,3.458993789773548e-07,2.8147417560182447e-09,0.046873593665344784,2.7711969662489687e-12,2.4933117388302875e-05,0.0036210008202072212,1.1751543986701606e-07,0.014839496509710799,5.335088074506792e-06,0.46391694165953007,3.255429672714698e-05,3.222849770777353e-08,0.0009208208982411883,0.00016127376684723954,0.1517134649862968,3.6983246331223885e-07,0.028547645386834287,0.2857465529021245,2.4895773710125016e-05,0.001812710637122917,0.12192200991868049,0.7805685694688098,5.615171002179033e-05,0.007976793927543935,3.465830033150355e-14,0.07483476551541618,0.23929175168471617,0.0021807744017813785
Helotiales,2.170253191714028e-57,1.3403756601255214e-12,0.028547645386834287,0.013125248214644683,0.0005105392104393615,1.3591922038341832e-134,0.8708099004061849,2.511819258878532e-09,0.12913184366710398,3.4875267465077296e-27,0.4882050409152955,0.5572633724448474,0.32417235436083436,1.8768053763569687e-13,8.278780986284086e-16,0.3787333982344578,4.254531277746965e-06,1.61133593652997e-18,6.040100513916218e-07,0.032025191401302694,0.45589295622369314,2.942096968969841e-20,3.766144242754239e-32,1.930932692012281e-08,1.8081679963189622e-23,0.001561130485169008,1.1801768039108988e-08,0.40476070098407907,4.123820846908726e-07,0.46391694165953007,1.0,3.7048117793791405e-15,0.1203156673239793,1.7951738350680997e-08,0.15409287170222366,0.006331195422591506,9.856535045721166e-37,0.8406221349220014,2.902399919648345e-30,0.056679752393695396,1.421945913063943e-06,4.713707827904482e-08,2.969147306675127e-42,3.833087777869359e-61,0.0035629507860687995,0.33469113823125923,0.10890954930966058,2.892445422529818e-41,0.009403646958531247,0.009249990072431036,0.4281432755953836,4.316978642251944e-23,9.092425076038925e-21,2.3320485668986816e-51,2.0261413510047037e-11,0.035709029127619724,4.867631620701425e-36,6.701289557062833e-23,0.04282168734865232,1.3548944798788713e-57,3.675471316659548e-29,3.761689625845375e-05,1.9164592252034765e-10,0.006360497568132847,5.11730035056206e-49,0.9870534548031317,3.9934703379160006e-07,1.8955515338354027e-21,1.0293862812175442e-05,1.7459919605819195e-08,0.1513901679235891,9.073634544631078e-09,0.025063426505977347,0.4862268560168412,7.182097895146011e-19,1.7278801250050118e-09,0.14236056949811163,0.2677804179555378,5.529310956551321e-06,0.0022812567276583725,9.806340846618178e-57,0.07161161856292925,0.16204676953346342,0.00024240471476909113
Hymenochaetales,0.31820296106694124,0.9516737658073975,4.300613061035548e-06,0.05341255018391556,0.4015583015058669,0.016543185038905877,3.2109520420398933e-12,0.01732182973694559,0.02198282976455536,0.4954314041506345,1.2720879881495047e-10,4.864094427262516e-09,6.328993858374162e-08,0.29066450304791414,0.6496271578202366,2.4541926364432397e-11,0.7740384678475891,0.00021902860850154233,0.49817554328105773,6.784814297953348e-16,0.00047623098533826157,0.034045716829145874,0.0016887626605464924,0.2577738538414772,0.28188376274980376,0.2708616214069287,0.8847869894076876,2.9042138286659347e-16,0.5062984699837774,5.912454939824597e-07,3.7048117793791405e-15,1.0,4.9270886359709465e-14,8.256480673117315e-07,1.7965455258422704e-07,0.3679322400456928,0.0579639885188843,5.430030273165468e-09,0.0053454029155702906,9.681851682769778e-10,0.8447340668827101,0.3186220753067735,0.2082063725237071,0.16901357517002882,7.385483957082883e-09,7.134204249902244e-08,6.950874581339453e-09,0.6907094011297958,1.8181163145073382e-08,3.4986443730664124e-16,0.007348579128927249,0.035709029127619724,0.009044357982567298,0.5779041237987618,1.8035688412647502e-06,0.04271610433767415,0.47222120636793313,0.27225585127276,0.006134200371338666,0.04044662143212945,0.027085525094527847,0.006358172059234518,0.14375182982596227,0.020335525518893005,0.05935613348045411,1.7525700063441254e-14,0.9564097774195949,0.6456416174274491,0.08219914018612968,0.12913184366710398,4.65653716098157e-07,0.11093523870331956,0.03240081007053489,2.1596045503872237e-05,0.0707937348432412,0.0006079238979280133,6.915030059942571e-05,2.716752903196699e-07,0.8054390911345582,0.039865897699174375,0.00255324898332231,0.0006151013899746747,6.125701776211806e-13,0.12186198703948724
Hypocreales,3.0444014327153264e-90,1.6940892102196972e-11,0.12295630517572849,0.03587201781417311,0.0017684770299675216,6.363162246936472e-235,0.2795472973438533,3.261624331888719e-08,0.2404911322226125,3.6938732583788264e-28,0.16397626797830292,0.9353099173102379,0.14652701808695837,2.140225890643461e-12,1.1156385960182417e-14,0.9581205170488148,1.8048626028387028e-05,8.357048941109637e-22,4.335398115014605e-06,0.0016305753332452428,0.7120223610543411,4.0208914427246036e-19,4.246718747966637e-52,1.0366786036585827e-07,1.4420360034516557e-22,0.0049493858680455935,9.756231972597044e-08,0.01464623979318669,1.989919197796973e-06,0.24613835220904298,0.1203156673239793,4.9270886359709465e-14,1.0,7.080733440837086e-08,0.46420936170631777,0.015497540640151164,4.4687348917009814e-37,0.6800268784822577,2.0355515598666076e-29,0.3223531034835332,7.005945853671887e-06,2.4669068928895783e-07,1.0074527909632155e-44,3.9521993892129564e-72,0.03775644559233054,0.15290327510178234,0.03950150060572717,3.145478756204988e-45,0.07654506057524828,0.0004453505700728341,0.6248201368472568,7.157774017087282e-25,2.0386509804143012e-22,5.751094276271275e-68,3.2273044862222798e-12,0.08189143162031579,5.572358824374369e-41,5.689624748798114e-22,0.10939160072484327,5.920181223995762e-64,2.3666392671013103e-35,0.0003093844646105386,1.3694547041299975e-09,0.02171057844669448,2.3591695435199933e-83,0.18286959275123632,2.4642123529880504e-06,1.4556273858469285e-20,7.324841406848721e-05,1.9384951078047892e-07,0.441050807640934,4.4848153148112874e-08,0.06335096488638696,0.8106861450471813,9.540665478858938e-19,1.840758391430813e-08,0.34163438034320004,0.12787717283791675,2.3209020547331896e-05,0.008704783681535848,1.8368940145925268e-60,0.18453326644715987,0.9027797574744085,0.0011326446317201089
Kickxellales,5.927562957634111e-20,7.577683115137468e-06,0.4230664204114727,0.4740086643991489,0.07583539187542468,2.1661253355194066e-70,9.316919411358233e-05,0.017458152440759805,0.9573633996054776,2.869425971149953e-10,0.0005165513160336212,0.013509557748348498,0.0040783304540532835,2.9693973115392604e-07,1.1899798018033638e-07,0.0007956711326311842,0.0026726640986502598,0.01041819854129846,0.005581152035585909,2.7800266968557535e-08,0.3934487086983369,1.0115695447199791e-11,4.9221068272632495e-06,5.7420588752799344e-05,6.669394146726711e-12,0.14001039869042411,0.000491771507577133,1.3694113787086121e-09,0.000533625511593796,0.012414520592131535,1.7951738350680997e-08,8.256480673117315e-07,7.080733440837086e-08,1.0,0.10890954930966058,0.1913418085514893,1.200198257182915e-19,0.009241887896604689,7.613831125930523e-18,0.016272396060798923,0.0019147997532520697,0.00011103364444647782,5.633113610937397e-21,3.6433485158267344e-30,0.08043994313354345,0.004409683096589473,0.0006556126991602776,1.8397450626877963e-18,0.10273559243065492,1.3627201308953495e-08,0.636963943097249,2.6221566769784103e-06,7.467067853042621e-05,2.004088209151651e-19,0.6413759109656013,0.637648844214318,2.3250982045739836e-13,1.1309375615516158e-11,0.9009546727601734,2.5353112665904374e-30,1.1822252356815697e-07,0.23346030798383635,3.454671054139196e-06,0.4987188205945702,6.207767936790348e-14,2.756939996703195e-07,0.0017511875760230892,4.4698642464404844e-10,0.057676273971363726,0.006462255464425894,0.14652701808695837,1.8062245853186636e-05,0.6201408695658502,0.20237689879699253,1.2396770257462431e-05,0.10244255928390925,0.4667244084343244,0.005379277060066719,0.003196931937951227,0.3291410605488904,2.785875961766828e-32,0.7820682306551767,1.3165871972518975e-05,0.11646596215319527
Lecanorales,1.1036556509593012e-10,9.669483344596418e-07,0.5859952007171385,0.13817783572230383,0.01453580923248038,3.2416173332148225e-27,0.18412734998803326,0.0016360106425353876,0.46049672719034207,7.7435774401632e-09,0.10890954930966058,0.5531808432294971,0.09360417979281749,3.754475014704093e-08,2.725325849651552e-08,0.5090984244486231,0.00036445742026734317,0.001854947378514297,0.000592903232704381,0.004694415154493662,0.9973824811557052,4.122511111079555e-12,5.680659692201902e-05,6.351463016623807e-06,1.72187712056244e-11,0.03070257489288802,4.7826311956844206e-05,0.05310945542978017,6.359581359853224e-05,0.1582747807393103,0.15409287170222366,1.7965455258422704e-07,0.46420936170631777,0.10890954930966058,1.0,0.05446406207200934,2.622626175335032e-16,0.4061732272695895,1.335207346765843e-16,0.9509155563053138,0.00023416779256852863,1.2529914782323715e-05,9.955134214351824e-16,1.7766398978132444e-18,0.6961790269595176,0.09802319902880521,0.026748645070190504,2.462422928623524e-13,0.7292564635939247,0.0014199522177629222,0.8681532293829514,6.10557688592885e-06,5.581925569751256e-05,1.5291850542179376e-11,0.0532935061038461,0.22864438535930784,7.845584898960653e-10,2.2399212923184334e-11,0.3305921633008676,3.3880160606745665e-20,2.605841609083563e-06,0.030263264753023197,3.458993789773548e-07,0.1250664380580146,4.171175368789389e-08,0.17109532131219413,0.00019076539888222686,6.74231105744875e-10,0.0068294168061370595,0.000612128589535532,0.9621888029923215,2.0686582510649027e-06,0.20341528258557973,0.8626756478770399,7.977392126011313e-06,0.009073131180572076,0.7437821925634486,0.08269226329204883,0.0004441238795691155,0.07082149916999463,4.886705715788299e-23,0.5062984699837774,0.5233584137103721,0.019089787391430822
Lichinales,0.6248201368472568,0.3564580961379529,0.1116760801228701,0.5874252074565923,0.9009546727601734,0.027222314979667556,0.006999576056709249,0.7460004882131601,0.36067007906736903,0.5627359011401318,0.004358043641580015,0.022483176443110462,0.004022135712160117,0.10975100560157988,0.2294726746018009,0.018247049524969118,0.32978238074582616,0.4854129421923128,0.7201411984671786,0.00045882475322894583,0.10535222370954275,0.021371575096969516,0.6822666145766927,0.09948135028940663,0.10907957704317418,0.9703366871763336,0.4711160181738047,0.002951982502618974,0.20077368366679077,0.007374456650833584,0.006331195422591506,0.3679322400456928,0.015497540640151164,0.1913418085514893,0.05446406207200934,1.0,0.03898371939703391,0.016242081293700004,0.007613126263313986,0.0400792931846545,0.35800538956149996,0.12311468860226929,0.09179065746334153,0.0832457628216851,0.06900774348271307,0.004220966281202944,0.0011277146213343682,0.22869190788843924,0.06928265274269846,0.00018187629184940814,0.1946978021106173,0.9621888029923215,0.7949444871662767,0.49057477291752016,0.23415449797007637,0.5097193340541112,0.5580429238038043,0.10594324414800216,0.3265084451513086,0.03577772417686998,0.9526266958340495,0.5269958230807348,0.05797635920574455,0.504937149665698,0.9165712524379123,0.006770389104611705,0.45690136703598333,0.22211577539045496,0.8544502982324719,0.996045735592218,0.06100925180012825,0.04515772714721919,0.4959739813042097,0.06172333931267451,0.9750759242657204,0.4680649878149531,0.11840142407334471,0.003737187158653704,0.3479952770264373,0.6201408695658502,0.007890232859011222,0.1959917761263828,0.017806832360095903,0.8563283284072073
Lipomycetales,1.3072190875506306e-05,0.09831818461760995,9.596299405505402e-14,0.0005464381846544033,0.02892216332242873,0.9810092074274152,3.792758708257127e-26,3.4664965783012423e-07,0.0002545308412947322,0.0006702366189500004,3.7323108792850156e-20,4.82565072176513e-19,4.1125773660427024e-13,0.7355732811119935,0.21382532077190539,2.1526069410205636e-26,0.42924620869468194,2.0578979189440586e-14,0.019410701508909636,1.3446592087987989e-30,2.9944762692864813e-07,0.543457339830934,7.276927296782098e-13,0.9681982164579117,0.49165266323489565,0.013411293346191958,0.08651812268869316,1.517437352819027e-37,0.6900749510743217,1.9839434110798464e-11,9.856535045721166e-37,0.0579639885188843,4.4687348917009814e-37,1.200198257182915e-19,2.622626175335032e-16,0.03898371939703391,1.0,4.404992045331523e-18,0.2577738538414772,1.1561932990754789e-23,0.32967268036767333,0.9423293595093163,0.40696857687052485,0.3783002951466148,1.1750735617999545e-22,4.841945654762867e-13,4.0104803960268295e-14,0.04625743111163596,4.9706716740460706e-21,1.293823888346565e-29,7.588254853777705e-05,6.98247234974186e-08,1.2649664492308192e-09,0.0002843166509104987,1.6284716373568058e-19,0.000520979987617398,0.0002539716998535856,0.5196230683244714,7.160081803464552e-06,0.9597770553189587,1.0598117629023686e-08,2.763918488596582e-07,0.7816594063783592,4.0001908401142806e-05,2.605724505619186e-08,2.264987685439647e-34,0.15248995972191778,0.14548478977610158,0.00018323751305079357,0.00019235244296299765,3.2127865843549292e-15,0.5832052907465612,0.00022905642628817286,4.1416669700889253e-10,1.5631862702373122e-06,1.8717889623257858e-11,7.876427615601911e-10,1.374706022767653e-11,0.40131733025617894,0.00013651521689216078,0.28947538327530903,5.641878964383246e-08,7.132989944782898e-33,0.0011277146213343682
Magnaporthales,1.95823205854282e-12,3.771428840570185e-08,0.1637198015432053,0.039394950815031825,0.002831911999669206,5.724352214791332e-28,0.772844880241643,8.388607150951748e-05,0.20654619022139326,1.4153767187873166e-10,0.4854485836247917,0.8050384353590035,0.323204137103087,1.4925044373294655e-09,7.964898142445591e-10,0.7449028178016187,4.9111709809649525e-05,6.120238435462419e-05,5.1452021354498303e-05,0.08701962543150461,0.5872174130991846,9.86246034500231e-14,1.268874499931587e-06,6.001178861989026e-07,3.280524818224088e-13,0.006819210952674208,3.2394309504360285e-06,0.5043309913757371,7.459729437014819e-06,0.4426746830802128,0.8406221349220014,5.430030273165468e-09,0.6800268784822577,0.009241887896604689,0.4061732272695895,0.016242081293700004,4.404992045331523e-18,1.0,2.211304446982347e-18,0.3666295496625833,2.7111890871985724e-05,1.2684678205196278e-06,1.8064185243289097e-17,4.579531866048958e-20,0.1592740375137994,0.33252942360819726,0.12322542992668631,4.342514627817396e-15,0.18298619553614268,0.034320719855922194,0.5269958230807348,1.3627666149403163e-07,1.4313206865858995e-06,2.7189133150296376e-13,0.003417743483692252,0.07891279959410165,1.3422242465144885e-11,4.3698074746193346e-13,0.10890954930966058,9.187721593505954e-22,5.217334699487907e-08,0.0033854967021891944,2.403040830365935e-08,0.029849964105144348,7.351936000434297e-10,0.8535637960150961,1.8048626028387028e-05,1.374706022767653e-11,0.0007010496810825936,3.6112223191764105e-05,0.38751754816443057,2.0940451490417585e-07,0.06471079952041146,0.6529657166228342,1.9854223703312962e-07,0.0005100252754626821,0.30000874723238546,0.2674033882092393,6.053567468016201e-05,0.014488762687938762,1.3721420961521516e-24,0.1773803768419898,0.6523701073144249,0.002952945193356872
Malasseziales,1.1219414058139205e-06,0.011676229103857199,2.2545540683568485e-14,4.529591665539723e-05,0.004343373251998247,0.16892660969088777,2.542546616542416e-24,2.338436476836664e-08,2.366816528112574e-05,3.35979658976463e-05,2.333595274599661e-20,5.775698631484391e-19,2.375972619814938e-14,0.22869190788843924,0.030263264753023197,7.882476809088428e-24,0.14034863462628777,9.072617900038246e-14,0.001966208267025729,1.3621436651323388e-28,1.7400781538320528e-08,0.7502009702794323,2.2338139562028368e-12,0.5382879146089488,0.08548714631083955,0.0017684770299675216,0.01201265480325336,2.068445174987233e-31,0.2807889005459037,1.0141568941672759e-12,2.902399919648345e-30,0.0053454029155702906,2.0355515598666076e-29,7.613831125930523e-18,1.335207346765843e-16,0.007613126263313986,0.2577738538414772,2.211304446982347e-18,1.0,1.2213145404424584e-21,0.09057061138599345,0.45852125674786914,0.048303144038697676,0.03775066003617263,1.3234843123012423e-20,2.804699067307322e-14,2.246121623418938e-15,0.002826726275462211,1.2460552051577164e-19,2.7178679595104195e-28,7.365861661264007e-06,9.537613943193109e-09,3.478897113864969e-10,1.584516158333248e-05,1.6021357615878458e-17,4.64581151824973e-05,1.3629630107844966e-05,0.09496356104865802,4.1404517234288337e-07,0.19206874595915743,2.4559458332678637e-09,1.5977963646531263e-08,0.6756370233351564,2.4480329857689926e-06,7.177697567950077e-09,5.074163663374428e-29,0.029109663638622114,0.01516607924292726,1.0441407498300712e-05,1.0246779781984828e-05,9.807550563066032e-16,0.9373917197856829,1.780192130298179e-05,2.2556551530533967e-11,1.1712931267675088e-07,6.259096150309982e-12,4.603087877772517e-11,6.955627563215402e-13,0.1278503912289729,8.790377043377579e-06,0.7805685694688098,2.9699737665355325e-09,2.6519998249327175e-27,8.357278690948257e-05
Microascales,3.302959697241165e-22,2.1143872551400035e-08,0.4710384977287638,0.10158324693328824,0.00812531427260595,1.730298481337627e-58,0.11531518963551261,7.968310670240039e-05,0.41241876523657106,3.0582742035049335e-14,0.07517061193140087,0.5242323146810514,0.07880792676455918,1.0357466071277064e-09,1.3839161206387264e-10,0.44454700121934493,0.0001426455707953637,3.474860455595799e-06,0.00012394131903774655,0.0008629662722317934,0.9750759242657204,7.828467858461819e-15,4.717236395977456e-10,1.5689786011429873e-06,1.6094129163183208e-15,0.01913307735753806,5.9659251807739935e-06,0.010635275275386028,2.0554473044301487e-05,0.14278382444464122,0.056679752393695396,9.681851682769778e-10,0.3223531034835332,0.016272396060798923,0.9509155563053138,0.0400792931846545,1.1561932990754789e-23,0.3666295496625833,1.2213145404424584e-21,1.0,7.514771077529615e-05,3.3499351918917895e-06,7.157774017087282e-25,1.1330698824028664e-32,0.5279379995681927,0.08242061595637598,0.019905069754344563,2.545617488931709e-22,0.581008880116725,0.00023548711033736716,0.8355477992689591,3.656142682465214e-10,1.467347284411839e-08,2.1024208379467638e-22,0.003047311762575729,0.18445868125307147,2.4505792032215128e-17,3.0429747686040674e-15,0.2680068250498239,1.944134057906559e-33,1.136093421430042e-11,0.009231774466692195,4.759400319787949e-08,0.08316180568070491,4.2708055644340053e-17,0.07561206070622542,4.608686743853896e-05,1.2776251220883426e-13,0.0018483262858950695,5.115337947879655e-05,0.9027797574744085,5.508580716779903e-07,0.159200490875463,0.88669587868984,3.4391569825864334e-09,0.0004690707789986628,0.6720789364120787,0.07229130252459919,0.00017628084360341188,0.041845824266064695,8.969926691700222e-36,0.4314328885288671,0.42419840135799586,0.008773528787534436
Microbotryales,0.41981263001631147,0.8885091846514442,0.001054930327064307,0.085874528480203,0.3934487086983369,0.28131654696940256,3.231146462224218e-06,0.07744082226395119,0.03938184996392987,0.5146539451330836,2.943024165931432e-06,4.079064596804865e-05,1.0111224459314247e-05,0.5605247910955862,0.9106109380010426,1.561328423829815e-05,0.9389160254274389,0.018247049524969118,0.48337420643456885,3.1539740145110865e-08,0.003129958232634038,0.18533440867723408,0.04434434364376569,0.45416670227827777,0.6201408695658502,0.2853928789556492,0.767161123138407,3.6775771311794835e-07,0.7066985887780127,3.35806135041776e-05,1.421945913063943e-06,0.8447340668827101,7.005945853671887e-06,0.0019147997532520697,0.00023416779256852863,0.35800538956149996,0.32967268036767333,2.7111890871985724e-05,0.09057061138599345,7.514771077529615e-05,1.0,0.5188810474863453,0.5926379312873641,0.5728334410538228,0.00021551010786111433,1.0888258460713506e-05,1.7045226322084013e-06,0.9857398305009978,0.00023972519691356666,9.311987417604482e-09,0.015498539283123074,0.13752146610188878,0.076086448340926,0.5754429677953647,0.0029079160263191955,0.07019455197550446,0.5062615675795543,0.6053484377101697,0.021579864947522457,0.32527899645759795,0.1275039972624253,0.037377915136141755,0.32479019883455856,0.050371093448448256,0.19080050963167164,1.8011627524807903e-06,0.8270704856943358,0.9276965313569024,0.14558877239463508,0.2075324374473672,0.00031862253528935403,0.2453703082999004,0.060055097449387494,0.0007257931434865429,0.17910858102219052,0.019628548969861114,0.0020138668422841955,1.4426037897779392e-05,0.9646512907390312,0.07952212665826856,0.10374903233176729,0.006267787468019371,1.064322177208395e-05,0.17073801091757942
Microstromatales,0.08813895220503447,0.3607846266924245,6.594192781605963e-05,0.01699405408738972,0.12659221462602185,0.9278154720304794,1.1915431616650455e-07,0.010201448012559036,0.007223145990143805,0.12884786698501535,1.1948827167621588e-07,1.8948881072979625e-06,5.678854685678705e-07,0.8818000924509509,0.5146539451330836,6.106400700626136e-07,0.5926553805030238,0.0015206432328926252,0.14737518758982424,9.950181302959974e-10,0.00033103888674306653,0.6441454198874552,0.004430997824854104,0.9290604943699847,0.7617351016523393,0.08215334812638722,0.29879880253226954,1.1886194815066594e-08,0.8119122002508701,2.2185344527501566e-06,4.713707827904482e-08,0.3186220753067735,2.4669068928895783e-07,0.00011103364444647782,1.2529914782323715e-05,0.12311468860226929,0.9423293595093163,1.2684678205196278e-06,0.45852125674786914,3.3499351918917895e-06,0.5188810474863453,1.0,0.7502009702794323,0.7553604269034743,1.0220549415101995e-05,6.139657704962939e-07,8.984278030768755e-08,0.4053272937001377,1.166845623557602e-05,2.8243056861070025e-10,0.002574555168264447,0.019722749843984,0.009011936355760095,0.14654712324326374,0.00017675071530832683,0.013672375853976546,0.12218810678227748,0.7795822644489699,0.0028651302247697224,0.9608185525950322,0.017542779577555137,0.00445358048510331,0.7871920216555108,0.0078035925667362775,0.02935448395494218,6.084320948061994e-08,0.36015418865932386,0.4819085290914667,0.027062937640451406,0.04024842136697479,1.780192130298179e-05,0.6249819579426976,0.010766688913275183,5.449736832504513e-05,0.029011522233915944,0.0017668364403239485,0.00016100920357493075,9.364843156140849e-07,0.5688105462108379,0.013819141729368134,0.5409142412369944,0.0006139209997138966,3.8937781777909543e-07,0.03680776927978755
Mortierellales,0.00010482602491378763,0.29426730578131843,5.30412870029951e-13,0.0023928865467936528,0.07927458207013592,0.1959953495753459,5.6825852777949746e-27,3.1174691263688784e-06,0.0010463008266629406,0.005678573545047068,1.4079982617295682e-19,1.1560150929347442e-18,3.707352210296704e-12,0.8565139067830719,0.54515673574284,5.8608982857866395e-28,0.70317348296135,7.906700334063123e-15,0.0688140787476894,2.144081296254932e-31,1.989919197796973e-06,0.19818090885029768,3.1216217303439066e-13,0.6493771549254314,0.9973824811557052,0.040509281685779705,0.24012034632479223,1.8922598295679784e-42,0.9973824811557052,1.6576283707821877e-10,2.969147306675127e-42,0.2082063725237071,1.0074527909632155e-44,5.633113610937397e-21,9.955134214351824e-16,0.09179065746334153,0.40696857687052485,1.8064185243289097e-17,0.048303144038697676,7.157774017087282e-25,0.5926379312873641,0.7502009702794323,1.0,0.9766391509955401,5.3133794535556604e-24,4.3764843365815795e-12,3.560117599899665e-13,0.23687919846581398,9.974853563883207e-22,6.755211422412195e-30,0.00031406038743146984,4.4716964614458454e-07,5.079947831513185e-09,0.002659956734503837,4.049547821306536e-21,0.0021694497840321005,0.002341204863393537,0.9775134777126409,4.532509482465419e-05,0.36059438944146316,4.5790031458534664e-08,2.4708028110210685e-06,0.4563723313026468,0.0002418862224103772,9.141184755850249e-08,1.4344716144863021e-38,0.3479947526663932,0.455403219562533,0.0011735173538286162,0.0013852496612163797,1.6703106765137308e-14,0.33391015323093365,0.0010774272527632205,3.667179345274106e-09,1.3453716796051428e-05,7.67574967622098e-11,7.068358927153449e-09,1.1181701106361033e-10,0.6680155473297661,0.0007633104762749378,0.0291654908579019,4.6332768893287755e-07,1.0109218520311045e-37,0.005373862025938564
Mucorales,7.85825566861831e-07,0.25790721418463725,3.559065913516302e-15,0.0016633046519046852,0.06947974796529513,0.11304518734658733,3.157346537881074e-33,2.3753757976257087e-07,0.0007539503105328905,0.001333572777389447,3.669563887182685e-22,6.368680838518123e-22,6.14968261592686e-13,0.8653362009616171,0.5043309913757371,2.1056718117406604e-36,0.6862873823632442,7.4791639998654e-22,0.05447427024653556,3.0601418501785823e-37,8.862503926769981e-07,0.18422451840104984,7.868773739642894e-21,0.6516090589148826,0.9781303086973154,0.03431268853634234,0.21124480289042358,6.8837631612073375e-59,0.9889077512718445,4.204122419589893e-11,3.833087777869359e-61,0.16901357517002882,3.9521993892129564e-72,3.6433485158267344e-30,1.7766398978132444e-18,0.0832457628216851,0.3783002951466148,4.579531866048958e-20,0.03775066003617263,1.1330698824028664e-32,0.5728334410538228,0.7553604269034743,0.9766391509955401,1.0,1.9084365033532968e-32,7.32142662879039e-13,6.235544781639987e-14,0.1586303889134349,2.9341584490672565e-28,1.5890178428135841e-34,0.00022525099722552278,2.0592705607689186e-09,2.629855640142919e-12,0.0001909552119114016,1.3489563959504256e-31,0.001554325362318061,0.00027148636917295917,0.9940301460472689,2.1581924493483983e-05,0.3114739826215808,2.2556803557718602e-11,3.6935344277356745e-07,0.45416670227827777,0.00012468571458381918,6.585542158314806e-12,8.064935410718157e-54,0.323204137103087,0.4002628035056059,0.0005663057882900715,0.000552305273873387,7.68191407884735e-17,0.33169149432960415,0.0007114663160647401,6.822738794519386e-10,5.1013601702589e-07,8.17895215152435e-14,9.927525607516193e-10,3.18462191993579e-11,0.6503309753096608,0.00043277526127755806,0.015874605272640938,1.2048583545828598e-07,7.599229240852192e-56,0.003546957643299377
Mycosphaerellales,5.50709208164782e-22,1.2773418383134984e-07,0.7936879980463114,0.1758891679861019,0.017389804580347435,1.7430240416062993e-62,0.024488956145117126,0.0004645523024539732,0.5628678766304817,3.262174166575648e-13,0.02203084207296914,0.24330936712874185,0.03577772417686998,5.939253674017247e-09,1.0682697097106363e-09,0.1368235496385354,0.0003690306891049597,3.574387513061631e-05,0.0004305952028578126,6.16080465496717e-05,0.8232623148077485,6.439782291171744e-14,4.54577084731005e-09,4.9221068272632495e-06,1.7195344798904945e-14,0.03775066003617263,2.4145851827591367e-05,0.00040430803698650086,5.813243934151458e-05,0.07493923200936242,0.0035629507860687995,7.385483957082883e-09,0.03775644559233054,0.08043994313354345,0.6961790269595176,0.06900774348271307,1.1750735617999545e-22,0.1592740375137994,1.3234843123012423e-20,0.5279379995681927,0.00021551010786111433,1.0220549415101995e-05,5.3133794535556604e-24,1.9084365033532968e-32,1.0,0.03787325161205764,0.007728010312668383,1.7237924127088427e-21,0.9747883831411042,1.7782197384748605e-05,0.9973824811557052,4.063784063813539e-09,1.5610957592439157e-07,5.892823290791231e-22,0.02074075970790178,0.28943596441307246,2.001275763039481e-16,3.1640103235388867e-14,0.42632383904914223,5.6530452541065315e-33,1.1462864229438783e-10,0.028925422770258793,1.8205050703829116e-07,0.15916594396101452,1.516114524993564e-16,0.006819210952674208,0.00014951872595685066,1.2901477703415006e-12,0.005943908088783154,0.00024393275496243473,0.7588558632289734,1.6859087606178055e-06,0.2618900002660716,0.635481298730488,3.5527165094649567e-08,0.002831911999669206,0.9423766011666335,0.03555355265825105,0.0004549815062479458,0.08651812268869316,3.702016753253578e-35,0.6521123715451391,0.08372024508932058,0.02140164766014327
Myriangiales,2.1413097687248962e-08,1.714256295729548e-07,0.03888371296962288,0.00998546207929748,0.0007615598801833574,8.770232559223878e-16,0.41771949257843477,0.00010632351764924518,0.0626416351875012,4.8425995608900574e-08,0.689477134432982,0.22906322350531327,0.9903127714589686,7.418623874400142e-09,1.3855342983731175e-08,0.18533440867723408,1.6769846339046183e-05,0.00019099486956013166,2.8905568397992232e-05,0.8704944489227406,0.2034884236400143,9.204567899607509e-12,2.4789792770410492e-05,3.2403579237898675e-07,1.5392149362364763e-10,0.0017684770299675216,3.0594857773051564e-06,0.525840816245409,3.0491671093642174e-06,0.9114031731656721,0.33469113823125923,7.134204249902244e-08,0.15290327510178234,0.004409683096589473,0.09802319902880521,0.004220966281202944,4.841945654762867e-13,0.33252942360819726,2.804699067307322e-14,0.08242061595637598,1.0888258460713506e-05,6.139657704962939e-07,4.3764843365815795e-12,7.32142662879039e-13,0.03787325161205764,1.0,0.6447947414187777,1.8174499803503564e-10,0.04266038919236753,0.62025142998444,0.20341528258557973,4.039393383657666e-06,1.6847444332579566e-05,5.430030273165468e-09,0.0023480781395311813,0.020962887919944218,2.3456557502706733e-08,1.6321783570440434e-10,0.02801603507084811,3.798850417155934e-14,3.1164101435013545e-06,0.0013022275653949448,2.4147709601720594e-08,0.007495347851427554,4.7514221712188926e-07,0.335974724074789,9.404728941331297e-06,2.3653510080401887e-09,0.00030431766900978406,3.832802419788735e-05,0.09399897381912412,1.0365001671950516e-07,0.01664167068781583,0.20985590674790122,3.5032308943695823e-06,0.0004959439462999535,0.07790768420292128,0.8648930021637113,2.0420145844710425e-05,0.0037753485997881918,3.066189456657288e-16,0.04486102053653261,0.1496558831341968,0.0008810295193621203
Neocallimastigales,1.8108746128143427e-09,1.7898307125897608e-08,0.008908719242735693,0.002524829726922641,0.00015647358845388056,8.389228310551758e-17,0.1554095688657548,1.306429365825251e-05,0.02198282976455536,4.316618726221449e-09,0.336867125300388,0.07517061193140087,0.6547313287165718,7.410597946219087e-10,1.2983666158886325e-09,0.05359312154878558,2.8586662531103893e-06,2.177169362318185e-05,4.058080151121778e-06,0.6892317326124523,0.08210512116931294,7.641745921162e-13,2.544583303385071e-06,4.545463922104409e-08,1.3084879475518154e-11,0.00038931951132527325,3.758514071402073e-07,0.2032635715898736,4.6562486280285496e-07,0.568637640501914,0.10890954930966058,6.950874581339453e-09,0.03950150060572717,0.0006556126991602776,0.026748645070190504,0.0011277146213343682,4.0104803960268295e-14,0.12322542992668631,2.246121623418938e-15,0.019905069754344563,1.7045226322084013e-06,8.984278030768755e-08,3.560117599899665e-13,6.235544781639987e-14,0.007728010312668383,0.6447947414187777,1.0,1.4959312457425557e-11,0.009093631032956588,0.944304947197894,0.09161443759149132,3.8937781777909543e-07,1.7435433007845387e-06,4.4698642464404844e-10,0.00032397981637778504,0.006025686978819239,2.0182778562984914e-09,1.3850873643009666e-11,0.007506622124026969,3.2127865843549292e-15,2.9463655450643077e-07,0.00020284173907883057,2.8857925123856472e-09,0.0016772085759915796,4.2637832315022605e-08,0.1104938984492601,1.3335963664020666e-06,2.004426512901945e-10,4.566867220893344e-05,4.778287749130251e-06,0.02581181481547595,1.5004712181365505e-08,0.004445611069392528,0.07822156712016674,3.4568960705034777e-07,6.279805459951068e-05,0.02257910064645783,0.8031555815510995,3.4948148054928527e-06,0.0007746135544683878,2.7415580945588343e-17,0.012231689092840612,0.03914614661057777,0.00015946779933037887
Onygenales,0.009709377406210931,0.7856962872998506,9.551520172139515e-11,0.014211820944816385,0.23024112399814006,0.0010427496667928106,2.468755283447035e-24,0.00016963621230062323,0.005791225121375868,0.10253826258184916,3.680379076763513e-17,3.699603445539283e-16,1.552424260104554e-10,0.38101881226462025,0.8704944489227406,1.9769167019430681e-25,0.9343120171572511,3.3216443553101696e-12,0.259159796133918,9.309327043144253e-29,2.6941404910423755e-05,0.0343592843682254,1.3222110216020758e-10,0.32847202522464297,0.36667758121456345,0.1356669618883223,0.6232435508078903,4.405252518866023e-41,0.632960235727295,4.844244208235726e-09,2.892445422529818e-41,0.6907094011297958,3.145478756204988e-45,1.8397450626877963e-18,2.462422928623524e-13,0.22869190788843924,0.04625743111163596,4.342514627817396e-15,0.002826726275462211,2.545617488931709e-22,0.9857398305009978,0.4053272937001377,0.23687919846581398,0.1586303889134349,1.7237924127088427e-21,1.8174499803503564e-10,1.4959312457425557e-11,1.0,4.188706960814417e-19,2.9182557147324864e-27,0.0017668364403239485,6.322378977762789e-05,1.1717927736444698e-06,0.09057061138599345,1.101967358650827e-18,0.011894549595402221,0.06831002777871582,0.3525947559858056,0.0005507585751226379,0.019253743056219748,1.0111224459314247e-05,9.074200910332108e-05,0.18262267780636904,0.00255324898332231,2.3978934955647035e-05,5.8661884991734086e-37,0.7336899829000498,0.8885091846514442,0.01283882531647565,0.018535726732912768,3.2273044862222798e-12,0.14101034423038902,0.007208367091976025,1.3018282243822524e-07,0.0009232361560755612,1.7939792647399435e-08,3.0342990038371325e-07,2.831925896268364e-09,0.9685348778791703,0.006785660784847088,0.00031555105043883124,1.1820306023783883e-05,1.6242141696613595e-36,0.03414056149983742
Ophiostomatales,5.4050831758577846e-18,2.329091501208182e-07,0.7817977767838304,0.17616340691279983,0.017930623447983646,2.073204724217617e-50,0.03591162458541654,0.0007343483504344572,0.557607673856016,6.669394146726711e-12,0.028480570008898223,0.2760721190405031,0.0402626231184199,1.0082916736279306e-08,2.602052564093415e-09,0.17617166787296296,0.0004002886577299903,0.00016457955571924312,0.0005122292374181898,0.00014218333587565348,0.8395207956161869,1.8468204845845944e-13,1.6898131645966885e-07,5.704232788240037e-06,1.0291058998405496e-13,0.03843321524950156,3.1446654476315824e-05,0.0013654944400383307,6.434124522388352e-05,0.08153215771337449,0.009403646958531247,1.8181163145073382e-08,0.07654506057524828,0.10273559243065492,0.7292564635939247,0.06928265274269846,4.9706716740460706e-21,0.18298619553614268,1.2460552051577164e-19,0.581008880116725,0.00023972519691356666,1.166845623557602e-05,9.974853563883207e-22,2.9341584490672565e-28,0.9747883831411042,0.04266038919236753,0.009093631032956588,4.188706960814417e-19,1.0,3.9189670720418455e-05,0.9894102147788673,4.5288649246728654e-08,1.1731200685571687e-06,1.6942503591375586e-18,0.03397212355941494,0.2878110174630348,2.3800220780681164e-14,1.7363610486521267e-13,0.4230664204114727,2.3196853222492677e-29,3.6819528808836436e-09,0.03233860329412364,2.3266102210713952e-07,0.16045275497054726,1.9860567048436977e-13,0.01490801615143272,0.00017376542701512415,6.960314153339329e-12,0.006770389104611705,0.0003454800993856389,0.7871920216555108,1.9280036957585184e-06,0.26100123232963013,0.6548446563829232,1.9452912032037724e-07,0.004586681361750985,0.9276965313569024,0.03927752824127018,0.000491771507577133,0.08840780121132477,6.513665852815883e-32,0.6450991939155822,0.13086367848969668,0.02257910064645783
Orbiliales,3.847792590920585e-25,2.0791040273314048e-14,0.000163526655033516,0.00024393275496243473,5.9659251807739935e-06,6.416870805515694e-47,0.0369603589443209,8.20161883548592e-11,0.007613126263313986,1.2110572609347163e-20,0.20816974901562865,0.011085970024155584,0.633233556739591,1.586000138301011e-15,5.443582135369709e-17,0.00266064373625377,3.510786887774323e-08,6.969989070650816e-13,2.854141881926278e-09,0.632960235727295,0.03807030791554237,2.334897024857629e-21,3.456195519594393e-16,1.1010935604073607e-10,3.020828265343073e-22,2.171303548770059e-05,5.5168471360333605e-11,0.0458556729500754,2.8557271028477206e-09,0.5318000107738708,0.009249990072431036,3.4986443730664124e-16,0.0004453505700728341,1.3627201308953495e-08,0.0014199522177629222,0.00018187629184940814,1.293823888346565e-29,0.034320719855922194,2.7178679595104195e-28,0.00023548711033736716,9.311987417604482e-09,2.8243056861070025e-10,6.755211422412195e-30,1.5890178428135841e-34,1.7782197384748605e-05,0.62025142998444,0.944304947197894,2.9182557147324864e-27,3.9189670720418455e-05,1.0,0.057083294265031545,9.723763855437388e-17,3.2064145885295127e-15,6.111400938104719e-26,1.1591932459706304e-09,0.0010569364698220824,8.14198374894645e-23,5.625636916767698e-22,0.0008560203742699032,4.12122639144218e-36,7.101598286372137e-18,1.7406642213879634e-07,8.645600230134233e-13,6.634802559719278e-05,1.937119141790171e-21,0.01085761560989002,2.0482232232960137e-09,2.284699250409179e-20,4.721278968922494e-08,1.4153767187873166e-10,0.0015337901303170611,5.754399552607351e-11,0.0005639583625833433,0.026568213263039417,6.728900705463579e-16,3.053984132643167e-10,0.0027396112879988963,0.8183657734840476,4.6414270270114355e-08,1.995005196336275e-05,5.836134077058989e-39,0.001221433932068817,0.0006151013899746747,1.6041542446930827e-06
Ostropales,0.01580688340288994,0.00786499533815556,0.9145930098459006,0.3977918373924485,0.11945810043382371,2.437136093992463e-05,0.4060054495147302,0.1697505377870158,0.6946910787319716,0.014211775621323289,0.28331632707799764,0.6245319841941366,0.19844856800382146,0.0010399322229585268,0.0029793773266252608,0.6239634109072009,0.015257003861546185,0.28331632707799764,0.04893850562396719,0.1007812811395516,0.8865211200516768,5.302461495176219e-05,0.16342471568996553,0.0017922313203035136,0.0006044025480840953,0.17443724188772247,0.018179057619845757,0.30000874723238546,0.00613435723924719,0.2602843856713236,0.4281432755953836,0.007348579128927249,0.6248201368472568,0.636963943097249,0.8681532293829514,0.1946978021106173,7.588254853777705e-05,0.5269958230807348,7.365861661264007e-06,0.8355477992689591,0.015498539283123074,0.002574555168264447,0.00031406038743146984,0.00022525099722552278,0.9973824811557052,0.20341528258557973,0.09161443759149132,0.0017668364403239485,0.9894102147788673,0.057083294265031545,1.0,0.0782596599373433,0.12743240421995036,0.008773528787534436,0.5568007695819428,0.49115897975749234,0.012912355456371627,0.000585481918142287,0.6376511467635181,5.1452021354498303e-05,0.0781894004984892,0.3252121309033002,0.0006016365541828019,0.42372964560597287,0.04686203588962771,0.433833529201396,0.02080142031071563,0.0022754600823206325,0.16081809114052648,0.0914894566711231,0.891111480540392,0.0006134376403574319,0.48239190321095743,0.7871920216555108,0.0664788202439585,0.32215245634338735,0.9724431043484921,0.1668888658635607,0.016923977794584925,0.3286582966945272,4.533946718905025e-06,0.8081731650857749,0.6455340013972245,0.18668900284387208
Pezizales,0.02089978544832878,0.04846479443715634,0.0002314266630348138,0.4333166724327214,0.8004428701575174,2.0337328788411387e-21,7.631137178382134e-13,0.48511928091828976,0.198335785838439,0.051434433622067594,2.226769497992923e-09,7.602234012327766e-08,3.583453014805738e-06,0.0030371275454394173,0.008649784432516064,1.3910203958083787e-12,0.13296537206117515,0.010670593599630109,0.4688929370370569,3.575231559105873e-17,0.012528940991959085,9.147082148363652e-06,0.11854160094700256,0.012912355456371627,0.00015241065578398523,0.9980898579277273,0.163790475615211,1.1663300498352887e-23,0.05161675465925797,2.9929991362473687e-05,4.316978642251944e-23,0.035709029127619724,7.157774017087282e-25,2.6221566769784103e-06,6.10557688592885e-06,0.9621888029923215,6.98247234974186e-08,1.3627666149403163e-07,9.537613943193109e-09,3.656142682465214e-10,0.13752146610188878,0.019722749843984,4.4716964614458454e-07,2.0592705607689186e-09,4.063784063813539e-09,4.039393383657666e-06,3.8937781777909543e-07,6.322378977762789e-05,4.5288649246728654e-08,9.723763855437388e-17,0.0782596599373433,1.0,0.47000902195363425,0.0037352650021196233,5.19960072848139e-06,0.3476873413744633,0.026970053667586258,0.000163526655033516,0.11137298996267343,4.033847315426057e-11,0.9649709751995179,0.19569364606790488,0.0029096344276525513,0.27949885167709027,0.4929009768248207,2.8737185576278e-20,0.1891924915078332,0.002388813782187852,0.7871920216555108,0.9127204603374738,2.0511685239844048e-05,0.004037152852168208,0.3124330582514814,0.0010873938067811769,0.8050384353590035,0.03951248971994725,0.003603460279286582,1.3156990712614326e-05,0.147029344050717,0.433833529201396,5.4701506845124153e-14,0.02217048428150679,5.843229411226522e-19,0.8106861450471813
Phaffomycetales,0.0005354403952217505,0.015465915217342661,0.0014723401997721209,0.6150223732396699,0.6059350514424089,2.562072719164059e-28,2.938108138588041e-11,0.8605928997187564,0.3034361096743686,0.006666889262021869,2.6889154388318588e-08,9.857223940627377e-07,1.5091778633320206e-05,0.0007746135544683878,0.001854947378514297,7.576317377988387e-11,0.07663419549787964,0.08681914486895775,0.27815035975297986,1.5859991868874419e-15,0.027987877703272802,1.082211065634773e-06,0.5420519670631732,0.005678573545047068,1.3272650206936428e-05,0.8094836087205874,0.07776140453815948,2.187491146768549e-21,0.02652474826956033,0.00010482602491378763,9.092425076038925e-21,0.009044357982567298,2.0386509804143012e-22,7.467067853042621e-05,5.581925569751256e-05,0.7949444871662767,1.2649664492308192e-09,1.4313206865858995e-06,3.478897113864969e-10,1.467347284411839e-08,0.076086448340926,0.009011936355760095,5.079947831513185e-09,2.629855640142919e-12,1.5610957592439157e-07,1.6847444332579566e-05,1.7435433007845387e-06,1.1717927736444698e-06,1.1731200685571687e-06,3.2064145885295127e-15,0.12743240421995036,0.47000902195363425,1.0,7.292096967627463e-05,0.00016457955571924312,0.5020250014309984,0.0018847590528730167,1.5091778633320206e-05,0.2053193400291042,5.918729823375821e-14,0.45041012150298154,0.4060054495147302,0.0010271201505838562,0.45589295622369314,0.07874813573380018,4.83899285413591e-18,0.10138796949054825,0.00029209412820971353,0.9373917197856829,0.5865812854178477,0.00015821875841455534,0.001730459458465181,0.4710384977287638,0.0036102785626041644,0.3602317321247785,0.15986892930470395,0.01168257944599372,4.5110644729932176e-05,0.08516206092825311,0.6455340013972245,7.354648813989983e-17,0.05467960357681352,1.151794636966409e-16,0.9572076686972508
Pichiales,0.3421029529533658,0.5589934751733859,6.0080789857638175e-09,0.0682466423931804,0.5468591398655762,1.1083365152059868e-13,1.1663300498352887e-23,0.0051811387871293834,0.02727912907204124,0.7856962872998506,2.2949584118220786e-15,2.0057272556871678e-14,4.677912152759268e-09,0.07916434498950878,0.24685080598250134,6.17653910049808e-26,0.5233584137103721,1.1798041290653928e-11,0.7055262166832399,6.1816949847054465e-28,0.00030555430721675977,0.001566256628749607,2.6280656987207855e-10,0.10848179752373956,0.030726520474332938,0.3741130732195908,0.8228163767928284,2.5496017157997038e-48,0.28436646399984405,1.0456900355094309e-07,2.3320485668986816e-51,0.5779041237987618,5.751094276271275e-68,2.004088209151651e-19,1.5291850542179376e-11,0.49057477291752016,0.0002843166509104987,2.7189133150296376e-13,1.584516158333248e-05,2.1024208379467638e-22,0.5754429677953647,0.14654712324326374,0.002659956734503837,0.0001909552119114016,5.892823290791231e-22,5.430030273165468e-09,4.4698642464404844e-10,0.09057061138599345,1.6942503591375586e-18,6.111400938104719e-26,0.008773528787534436,0.0037352650021196233,7.292096967627463e-05,1.0,1.181115293663849e-20,0.05446406207200934,0.7467351149722609,0.030223293842068278,0.005188146640518016,4.796127313241895e-06,0.0006607272581130724,0.002174638205667374,0.04269854027322661,0.02052247032494371,0.001509670551278176,5.5228194818568935e-43,0.7771720731402216,0.18422883142055,0.09525314181563811,0.15345362754381095,2.0357008829690596e-10,0.039279363202801496,0.03897762157806597,3.332318925193861e-06,0.031109627518769317,1.0898466553705745e-06,8.837375048618052e-06,5.597938021084505e-08,0.5568007695819428,0.04531644284658053,1.0510834982650568e-08,0.00021948705287688232,8.410471337979792e-46,0.16114360874770423
Pleosporales,4.5710373122728e-22,1.5195727155969487e-05,0.2720008245889459,0.5627359011401318,0.09940679308905477,7.278579165073336e-84,1.0594660211306412e-05,0.03221017109340346,0.9597770553189587,4.954556829768408e-10,0.0001474576139956423,0.004612322801718428,0.0021689937966128574,5.878079646226561e-07,2.5824351669511866e-07,7.785734470213089e-05,0.0039320425779591625,0.023998154545763217,0.008941687675966387,1.733993486122055e-09,0.31191667435703807,2.2280394706057493e-11,5.316584286242357e-06,9.206245894660378e-05,1.451544838068202e-11,0.17871718093917127,0.0008484594695409101,2.4030650651470783e-12,0.0008110594054617145,0.007374456650833584,2.0261413510047037e-11,1.8035688412647502e-06,3.2273044862222798e-12,0.6413759109656013,0.0532935061038461,0.23415449797007637,1.6284716373568058e-19,0.003417743483692252,1.6021357615878458e-17,0.003047311762575729,0.0029079160263191955,0.00017675071530832683,4.049547821306536e-21,1.3489563959504256e-31,0.02074075970790178,0.0023480781395311813,0.00032397981637778504,1.101967358650827e-18,0.03397212355941494,1.1591932459706304e-09,0.5568007695819428,5.19960072848139e-06,0.00016457955571924312,1.181115293663849e-20,1.0,0.7336899829000498,1.8252239967856709e-13,2.4541926364432397e-11,0.9889077512718445,3.1294910972804676e-31,1.598717533099011e-07,0.3320009219830651,5.996589615792445e-06,0.6059350514424089,2.6891734716177794e-15,1.6572783468617086e-09,0.0027756965790972413,9.980361753072166e-10,0.08631587600771498,0.011438148941955084,0.0782596599373433,2.8817737437079577e-05,0.7200773497417476,0.1403466481193509,2.745780702634292e-05,0.18298619553614268,0.34703082456079365,0.003146589636532,0.004669838923643846,0.4170888706114822,7.418417968897443e-33,0.6455340013972245,7.341353339992937e-08,0.1592740375137994
Pneumocystales,0.09203409145454208,0.044343774248642054,0.4061750532337477,0.8944399628162073,0.3783002951466148,0.00014880877582181817,0.038165820169868664,0.5878751442083376,0.7847867509554994,0.08166259671300632,0.02359836373977098,0.10672003848203379,0.02005260692102755,0.00660486340655059,0.01856556877457889,0.09183781535317898,0.06680609203876663,0.8653362009616171,0.2032635715898736,0.002675643180042456,0.3328823963778857,0.00036261920716944924,0.6094436553099706,0.00975084803675629,0.004091266213237369,0.5003574854122469,0.08781863891003121,0.017295486508192404,0.029880188784834925,0.03432161288816244,0.035709029127619724,0.04271610433767415,0.08189143162031579,0.637648844214318,0.22864438535930784,0.5097193340541112,0.000520979987617398,0.07891279959410165,4.64581151824973e-05,0.18445868125307147,0.07019455197550446,0.013672375853976546,0.0021694497840321005,0.001554325362318061,0.28943596441307246,0.020962887919944218,0.006025686978819239,0.011894549595402221,0.2878110174630348,0.0010569364698220824,0.49115897975749234,0.3476873413744633,0.5020250014309984,0.05446406207200934,0.7336899829000498,1.0,0.07663419549787964,0.003955181339836812,0.7848108413972649,0.0003373192016174187,0.3505770384645911,0.8755137452651665,0.0036294482157074232,0.9621888029923215,0.23605837588766554,0.03787325161205764,0.09381544209749386,0.014743458380927993,0.5301841056637386,0.36238367575649044,0.2485092535410044,0.0034815942740254267,0.9973824811557052,0.22955610728234263,0.29958581884681323,0.9111720782294286,0.399809479260069,0.017998055630136886,0.07306710345527705,0.8228965652344984,2.5724488388706284e-05,0.5688105462108379,0.09169925610496825,0.5629571128118223
Polyporales,0.6967121984839642,0.46444281019746253,1.2457007166442683e-07,0.09521974900019933,0.6311346161994965,1.0360065370693496e-10,1.3518739520908413e-19,0.01771048089392232,0.03881730383456954,0.9973824811557052,1.3287719692882738e-13,2.384489017726727e-12,2.0485757557367284e-08,0.06206112232921058,0.19216521165487938,2.333595274599661e-20,0.46391694165953007,1.1740558511818077e-07,0.8186473519416774,5.3133794535556604e-24,0.000635136248354684,0.001176556771825862,4.3562923851028585e-06,0.08959089901441909,0.022962842355316117,0.44881595814543335,0.7206365528928536,1.0326779191469546e-35,0.24407220970830715,3.458993789773548e-07,4.867631620701425e-36,0.47222120636793313,5.572358824374369e-41,2.3250982045739836e-13,7.845584898960653e-10,0.5580429238038043,0.0002539716998535856,1.3422242465144885e-11,1.3629630107844966e-05,2.4505792032215128e-17,0.5062615675795543,0.12218810678227748,0.002341204863393537,0.00027148636917295917,2.001275763039481e-16,2.3456557502706733e-08,2.0182778562984914e-09,0.06831002777871582,2.3800220780681164e-14,8.14198374894645e-23,0.012912355456371627,0.026970053667586258,0.0018847590528730167,0.7467351149722609,1.8252239967856709e-13,0.07663419549787964,1.0,0.022588731394331214,0.009573632949003609,8.35667137952884e-06,0.011655195405733926,0.006502972091271969,0.0343592843682254,0.034602916019923664,0.03623478479106014,1.572949116677525e-31,0.6862873823632442,0.13963571491888624,0.1505181455113727,0.24363618820567676,5.98454036312171e-09,0.03227956024281819,0.057587031960020386,1.2061336241870593e-05,0.09638516140513448,3.523591876038342e-05,3.536206367013525e-05,1.7374862236164803e-07,0.4929009768248207,0.07158150523149275,2.466014847142726e-08,0.000603895805448043,3.288301724348209e-31,0.22244550640680053
Pucciniales,0.0067084183602032586,0.3476672047627743,1.6111812397308796e-09,0.00462413928854885,0.09709501581955493,0.40109942321979214,6.039174110257064e-18,0.0001316567597411355,0.0019152779566868942,0.031109627518769317,6.1391095888697325e-15,2.0407829748300418e-13,1.4157547717631625e-10,0.8881082508334852,0.581008880116725,2.90194684439728e-17,0.7066870782370507,3.1504933670736875e-08,0.09569957429523604,4.811428335626725e-22,9.547524184769143e-06,0.2661195859516806,5.08510882886699e-07,0.6822666145766927,0.9776675409744315,0.05359312154878558,0.280135867226335,4.8058507924490316e-24,0.9865718452653117,2.8147417560182447e-09,6.701289557062833e-23,0.27225585127276,5.689624748798114e-22,1.1309375615516158e-11,2.2399212923184334e-11,0.10594324414800216,0.5196230683244714,4.3698074746193346e-13,0.09496356104865802,3.0429747686040674e-15,0.6053484377101697,0.7795822644489699,0.9775134777126409,0.9940301460472689,3.1640103235388867e-14,1.6321783570440434e-10,1.3850873643009666e-11,0.3525947559858056,1.7363610486521267e-13,5.625636916767698e-22,0.000585481918142287,0.000163526655033516,1.5091778633320206e-05,0.030223293842068278,2.4541926364432397e-11,0.003955181339836812,0.022588731394331214,1.0,0.00018018862464050137,0.5062984699837774,7.569947465797327e-05,5.3705026641586874e-05,0.4975065616013839,0.0008104885456817715,0.00022205887557114848,7.868181062060131e-22,0.37742746755634854,0.5122008772430512,0.004022135712160117,0.005860999208069042,1.021514834100967e-10,0.36935571856317223,0.0023126698505543056,9.181733956516186e-08,0.0007395545909475322,4.2081545724710076e-07,2.5716008494039397e-07,1.4996647177314556e-09,0.6738289991538396,0.002134853695721156,0.0914894566711231,5.689969200940345e-06,3.7747597384985266e-20,0.010915992714486117
Rhizophydiales,0.011812054673783629,0.007294333323497557,0.5779748460788694,0.6548446563829232,0.20146772937878218,4.250370907013167e-07,0.048303144038697676,0.2928660281465178,0.9754995985002642,0.011580092620108224,0.029781073405227454,0.1504376306150951,0.026776277894162957,0.0006367462898860301,0.0019483394384218794,0.12709885578597668,0.021857561454095637,0.5146539451330836,0.0745786291126219,0.002392101487504361,0.46008006805961593,1.0714911671641755e-05,0.27758359045634706,0.0018837262815610842,0.00018355447985142257,0.29664193524595384,0.022853537311145363,0.0187614987482682,0.007746679970256789,0.046873593665344784,0.04282168734865232,0.006134200371338666,0.10939160072484327,0.9009546727601734,0.3305921633008676,0.3265084451513086,7.160081803464552e-06,0.10890954930966058,4.1404517234288337e-07,0.2680068250498239,0.021579864947522457,0.0028651302247697224,4.532509482465419e-05,2.1581924493483983e-05,0.42632383904914223,0.02801603507084811,0.007506622124026969,0.0005507585751226379,0.4230664204114727,0.0008560203742699032,0.6376511467635181,0.11137298996267343,0.2053193400291042,0.005188146640518016,0.9889077512718445,0.7848108413972649,0.009573632949003609,0.00018018862464050137,1.0,2.526730369575502e-06,0.10975814801806676,0.5750004261304265,0.00047009421770249736,0.7100066413405426,0.05483083303536298,0.046323279422784205,0.028654271520357624,0.0011135710686301847,0.27815035975297986,0.14625668896213476,0.3597623480967913,0.0006007531796195949,0.7805685694688098,0.32631430684533813,0.0914894566711231,0.581008880116725,0.5576258304503472,0.02423680438234935,0.024488956145117126,0.5627359011401318,7.03875268798715e-08,0.7723060528744459,0.12542051333378693,0.324582147479937
Russulales,1.6098652381795587e-08,0.07992120213193382,7.214355331936565e-17,0.00033291539424382805,0.02475463786258848,0.907481439993835,1.7707287100286712e-34,7.461915146286827e-09,0.00016967939607122963,6.00373994597216e-05,7.349686893424575e-24,1.32266180518105e-23,3.177382997275041e-14,0.7479615006300283,0.18879325235552052,5.320126402737622e-37,0.42953347952103255,1.2531500079917927e-22,0.01413586794220169,1.3460464890244703e-38,9.86658251970581e-08,0.4854129421923128,2.42776872494354e-21,0.9468094358951846,0.475619315344409,0.01091512691509867,0.07458084670284032,1.438741069206458e-56,0.7011524647173205,2.7711969662489687e-12,1.3548944798788713e-57,0.04044662143212945,5.920181223995762e-64,2.5353112665904374e-30,3.3880160606745665e-20,0.03577772417686998,0.9597770553189587,9.187721593505954e-22,0.19206874595915743,1.944134057906559e-33,0.32527899645759795,0.9608185525950322,0.36059438944146316,0.3114739826215808,5.6530452541065315e-33,3.798850417155934e-14,3.2127865843549292e-15,0.019253743056219748,2.3196853222492677e-29,4.12122639144218e-36,5.1452021354498303e-05,4.033847315426057e-11,5.918729823375821e-14,4.796127313241895e-06,3.1294910972804676e-31,0.0003373192016174187,8.35667137952884e-06,0.5062984699837774,2.526730369575502e-06,1.0,5.223177583974758e-13,1.6471283642467615e-08,0.7479615006300283,1.5355070419805988e-05,2.322526093036866e-13,5.6854082597317265e-52,0.14207006929977337,0.11255292715386123,6.045306956976711e-05,4.616258324327835e-05,1.486817608314424e-18,0.5542802888938433,0.00013176344211996072,3.5033366635771625e-11,1.2755988465817987e-08,1.6336108027657905e-15,4.298248054545113e-11,2.361093127363482e-12,0.4008860695710001,5.978504085195776e-05,0.1873694026288038,7.935027006969622e-09,1.6341403767498263e-52,0.000626253565237427
Saccharomycetales,0.004711194836112689,0.039394950815031825,0.0001352745515288446,0.43770879456956885,0.7850949065510775,6.140751516876989e-30,3.4336202278643605e-14,0.48389887422727934,0.19908536939326316,0.030625872851392146,7.352243551578316e-10,2.222635599611526e-08,2.7794544249124333e-06,0.0022724806230104613,0.006128121393635379,2.0578979189440586e-14,0.12415052515324904,0.003774651471018948,0.44566506715916576,1.2352356072087648e-18,0.011915067454883008,4.804724999876883e-06,0.07013501997014081,0.011318366632755702,6.817371370506197e-05,0.9911727687168402,0.1483654293830157,8.941889728628438e-29,0.046984050464678385,2.4933117388302875e-05,3.675471316659548e-29,0.027085525094527847,2.3666392671013103e-35,1.1822252356815697e-07,2.605841609083563e-06,0.9526266958340495,1.0598117629023686e-08,5.217334699487907e-08,2.4559458332678637e-09,1.136093421430042e-11,0.1275039972624253,0.017542779577555137,4.5790031458534664e-08,2.2556803557718602e-11,1.1462864229438783e-10,3.1164101435013545e-06,2.9463655450643077e-07,1.0111224459314247e-05,3.6819528808836436e-09,7.101598286372137e-18,0.0781894004984892,0.9649709751995179,0.45041012150298154,0.0006607272581130724,1.598717533099011e-07,0.3505770384645911,0.011655195405733926,7.569947465797327e-05,0.10975814801806676,5.223177583974758e-13,1.0,0.1891678784575776,0.002404610016193889,0.2795472973438533,0.3662655276706547,1.2391140897296392e-24,0.1755972749126977,0.0013208103123359693,0.8004428701575174,0.8884237166243117,1.03551739617419e-05,0.003522736333279852,0.31453840114491294,0.0009208208982411883,0.7553604269034743,0.0291654908579019,0.0030522613149368927,1.1078624034748453e-05,0.13785757271670432,0.4377400412986424,6.749782391814319e-16,0.02062698020259591,2.6830577452413518e-24,0.8228163767928284
Saccharomycodales,0.007231315119244231,0.008907455557265444,0.11429917857118033,0.9973824811557052,0.3569028201196509,9.357629825936091e-11,0.00022205887557114848,0.5708717777051403,0.6184831638557186,0.009733546379812906,0.0002921647285640228,0.005101025672044293,0.0012024029513404086,0.0005639583625833433,0.00161111941073592,0.0014199522177629222,0.03823852294661839,0.9918790645539336,0.13398566625667738,6.099230160501709e-07,0.1508144369973095,2.7760554453660424e-06,0.5629181922630584,0.0028235582155783103,5.247693651402357e-05,0.5058874814789615,0.03729165452101325,5.9373758527816295e-06,0.01296616055156422,0.0036210008202072212,3.761689625845375e-05,0.006358172059234518,0.0003093844646105386,0.23346030798383635,0.030263264753023197,0.5269958230807348,2.763918488596582e-07,0.0033854967021891944,1.5977963646531263e-08,0.009231774466692195,0.037377915136141755,0.00445358048510331,2.4708028110210685e-06,3.6935344277356745e-07,0.028925422770258793,0.0013022275653949448,0.00020284173907883057,9.074200910332108e-05,0.03233860329412364,1.7406642213879634e-07,0.3252121309033002,0.19569364606790488,0.4060054495147302,0.002174638205667374,0.3320009219830651,0.8755137452651665,0.006502972091271969,5.3705026641586874e-05,0.5750004261304265,1.6471283642467615e-08,0.1891678784575776,1.0,0.0005664799932974569,0.9061779306974599,0.07192689355822454,6.053567468016201e-05,0.04914506439694034,0.0005705863054273136,0.5146539451330836,0.2766404095512902,0.03950150060572717,0.0008645108912706643,0.8653334341667817,0.0626567996168096,0.15671394858029783,0.9276965313569024,0.1518748588683095,0.0015781089405309812,0.0428379989174628,0.9193952387033612,9.248771658829861e-11,0.3143432404449915,0.0006565730356935405,0.5728334410538228
Schizosaccharomycetales,0.02114133448410291,0.17543121197046913,2.7881480290042865e-06,0.004448151398663153,0.05467960357681352,0.7730400369734799,9.418045208052056e-10,0.0014461438491479963,0.0018288646184544688,0.038010361443877635,1.5379692936058713e-09,3.4033010670584815e-08,2.1985406790074857e-08,0.6237128380790424,0.28331632707799764,6.034708664322999e-09,0.3953047783347672,9.434163379846588e-05,0.05803191836635491,3.1853246539512353e-12,4.0624070540301664e-05,0.8849737331932657,0.0003735379016817985,0.8675714768704264,0.4826443233786142,0.03233860329412364,0.144863287069127,3.6566532346630046e-11,0.5915458561575939,1.1751543986701606e-07,1.9164592252034765e-10,0.14375182982596227,1.3694547041299975e-09,3.454671054139196e-06,3.458993789773548e-07,0.05797635920574455,0.7816594063783592,2.403040830365935e-08,0.6756370233351564,4.759400319787949e-08,0.32479019883455856,0.7871920216555108,0.4563723313026468,0.45416670227827777,1.8205050703829116e-07,2.4147709601720594e-08,2.8857925123856472e-09,0.18262267780636904,2.3266102210713952e-07,8.645600230134233e-13,0.0006016365541828019,0.0029096344276525513,0.0010271201505838562,0.04269854027322661,5.996589615792445e-06,0.0036294482157074232,0.0343592843682254,0.4975065616013839,0.00047009421770249736,0.7479615006300283,0.002404610016193889,0.0005664799932974569,1.0,0.0015232498560871959,0.00462413928854885,2.8315873556573843e-10,0.19206874595915743,0.2481250788575137,0.006178865526290933,0.009500513217248924,5.592815610392175e-07,0.8149576024989843,0.0025760714400042176,3.6461871426556667e-06,0.005086178852632078,0.00013393425519396543,1.1415775302712953e-05,5.0264349976397716e-08,0.37435777549294325,0.0030371275454394173,0.7954722755212489,6.233085380410518e-05,2.695510526035645e-09,0.010222366155331966
Sebacinales,0.04269362052259489,0.022870229426599383,0.2803169965315227,0.9252464242084381,0.3569170606769809,2.9532259124343207e-06,0.008857710921425193,0.5653418872800575,0.723272753397652,0.03964226661003045,0.005805990488425339,0.042994221214619925,0.007096401855326212,0.0023126698505543056,0.007052108915620956,0.030223293842068278,0.04928656239840807,0.8956574920023785,0.16398186148507654,0.00021116107090844502,0.25147808302017705,5.0988117813001454e-05,0.5774004692152072,0.005317815193898173,0.0008297071396682903,0.48954236833678405,0.05921898082477011,0.0021753906145243512,0.01954175732390987,0.014839496509710799,0.006360497568132847,0.020335525518893005,0.02171057844669448,0.4987188205945702,0.1250664380580146,0.504937149665698,4.0001908401142806e-05,0.029849964105144348,2.4480329857689926e-06,0.08316180568070491,0.050371093448448256,0.0078035925667362775,0.0002418862224103772,0.00012468571458381918,0.15916594396101452,0.007495347851427554,0.0016772085759915796,0.00255324898332231,0.16045275497054726,6.634802559719278e-05,0.42372964560597287,0.27949885167709027,0.45589295622369314,0.02052247032494371,0.6059350514424089,0.9621888029923215,0.034602916019923664,0.0008104885456817715,0.7100066413405426,1.5355070419805988e-05,0.2795472973438533,0.9061779306974599,0.0015232498560871959,1.0,0.15956185361975425,0.007228955265416511,0.06871196245591547,0.004486614101536434,0.5080233467117936,0.31506669883118193,0.14299428358614927,0.00174552940104804,0.9581122012622387,0.14704517906552778,0.23346030798383635,0.9526266958340495,0.2913070146160226,0.007070819432201695,0.05467960357681352,0.8477799094579157,4.7009905032300103e-07,0.4711160181738047,0.027222314979667556,0.5527627900186859
Serinales,0.011504676045362943,0.07891279959410165,5.788803575210925e-06,0.29664193524595384,0.950187124759129,1.0651695581736496e-44,1.101967358650827e-18,0.2034884236400143,0.12788717438257943,0.08478703184407067,7.299301107941196e-12,1.2609046322335238e-10,4.171221343035911e-07,0.005010369687464004,0.014398190077455573,1.4367907274500457e-20,0.18196954072316265,1.5785294726582494e-06,0.6248201368472568,5.121630106178487e-23,0.004781793887077614,1.3251202416511669e-05,5.175445211329543e-05,0.01952054354205086,0.00020174888919464244,0.8503786955157723,0.2424368091474062,3.3904931244909333e-44,0.07458084670284032,5.335088074506792e-06,5.11730035056206e-49,0.05935613348045411,2.3591695435199933e-83,6.207767936790348e-14,4.171175368789389e-08,0.9165712524379123,2.605724505619186e-08,7.351936000434297e-10,7.177697567950077e-09,4.2708055644340053e-17,0.19080050963167164,0.02935448395494218,9.141184755850249e-08,6.585542158314806e-12,1.516114524993564e-16,4.7514221712188926e-07,4.2637832315022605e-08,2.3978934955647035e-05,1.9860567048436977e-13,1.937119141790171e-21,0.04686203588962771,0.4929009768248207,0.07874813573380018,0.001509670551278176,2.6891734716177794e-15,0.23605837588766554,0.03623478479106014,0.00022205887557114848,0.05483083303536298,2.322526093036866e-13,0.3662655276706547,0.07192689355822454,0.00462413928854885,0.15956185361975425,1.0,1.785402704418012e-38,0.2678530915357192,0.0036555426199497416,0.5529598361559259,0.8357439917232122,2.9463655450643077e-07,0.006155613532072777,0.20060972827617468,0.00019750829650416887,0.8054390911345582,0.0017628178793480775,0.000633501717431916,2.511906146304564e-06,0.1995931679876881,0.2766404095512902,3.484054435657962e-16,0.006660907266789448,1.8609242042550317e-43,0.6150223732396699
Sordariales,4.1837842992722145e-46,3.707950385490938e-12,0.03467167118532435,0.014362122871877216,0.0005833817535857257,2.1975981323955293e-107,0.8653362009616171,9.446720109717199e-09,0.13398566625667738,1.4597607177550293e-24,0.4908997266892233,0.5769545667585656,0.3252121309033002,4.195185036612672e-13,3.391118503222983e-15,0.41564462684992853,5.140149017220431e-06,2.0333093536097163e-15,9.044444324454544e-07,0.03659352213617385,0.46420936170631777,1.2176518217797896e-19,3.114923962250489e-25,2.5096506121112272e-08,2.545617488931709e-22,0.0017511875760230892,1.9439470789047924e-08,0.4284674179027484,5.123173809218054e-07,0.46391694165953007,0.9870534548031317,1.7525700063441254e-14,0.18286959275123632,2.756939996703195e-07,0.17109532131219413,0.006770389104611705,2.264987685439647e-34,0.8535637960150961,5.074163663374428e-29,0.07561206070622542,1.8011627524807903e-06,6.084320948061994e-08,1.4344716144863021e-38,8.064935410718157e-54,0.006819210952674208,0.335974724074789,0.1104938984492601,5.8661884991734086e-37,0.01490801615143272,0.01085761560989002,0.433833529201396,2.8737185576278e-20,4.83899285413591e-18,5.5228194818568935e-43,1.6572783468617086e-09,0.03787325161205764,1.572949116677525e-31,7.868181062060131e-22,0.046323279422784205,5.6854082597317265e-52,1.2391140897296392e-24,6.053567468016201e-05,2.8315873556573843e-10,0.007228955265416511,1.785402704418012e-38,1.0,5.469913903754901e-07,2.5978300902771852e-20,1.5327575825875227e-05,3.9095390291734425e-08,0.16683131146371702,1.15251027773653e-08,0.027085525094527847,0.49746815063942895,4.7111710718106427e-17,1.213909099726479e-08,0.15174135070942493,0.26862124791573483,6.648206911805818e-06,0.002671344329393955,3.2674624468879432e-52,0.07732446568667627,0.2126383555495701,0.00030218197499986513
Spizellomycetales,0.5759329482284412,0.9151438302640974,0.0010271201505838562,0.11639178198396248,0.5058874814789615,0.10776683828758118,1.3358167677886346e-06,0.1042548853510296,0.05327310333237453,0.6945003803441891,1.5596455349864858e-06,2.6763121997474905e-05,8.645755151045776e-06,0.3637696319386656,0.6819489262729271,7.59757464828288e-06,0.766005705144888,0.02171057844669448,0.6266228799970834,7.3237577783029356e-09,0.0039294701048701395,0.08145921778452749,0.05720039205515572,0.30035479500149054,0.38801770758016796,0.37654800295530033,0.9509191703124,8.659241541139053e-08,0.5308644303395338,3.255429672714698e-05,3.9934703379160006e-07,0.9564097774195949,2.4642123529880504e-06,0.0017511875760230892,0.00019076539888222686,0.45690136703598333,0.15248995972191778,1.8048626028387028e-05,0.029109663638622114,4.608686743853896e-05,0.8270704856943358,0.36015418865932386,0.3479947526663932,0.323204137103087,0.00014951872595685066,9.404728941331297e-06,1.3335963664020666e-06,0.7336899829000498,0.00017376542701512415,2.0482232232960137e-09,0.02080142031071563,0.1891924915078332,0.10138796949054825,0.7771720731402216,0.0027756965790972413,0.09381544209749386,0.6862873823632442,0.37742746755634854,0.028654271520357624,0.14207006929977337,0.1755972749126977,0.04914506439694034,0.19206874595915743,0.06871196245591547,0.2678530915357192,5.469913903754901e-07,1.0,0.6867275415250377,0.19880757428337584,0.2857465529021245,0.00027451676965294065,0.14611265928973002,0.08109877483070185,0.0007873774412897963,0.24989617338595255,0.024059848341954484,0.0022791305440147077,1.382862312578949e-05,0.7937267764920701,0.10808582559258251,0.029434034617243598,0.007710185217583009,4.254531277746965e-06,0.23315194347981247
Sporidiobolales,0.06098891054836602,0.7282366421634637,3.874961278008916e-08,0.01795695794182959,0.2274068262713661,0.05327310333237453,2.6169143181980173e-16,0.0015141052949690684,0.007223145990143805,0.16516626912660642,2.0150435353586273e-13,7.025107511475629e-12,2.0592705607689186e-09,0.4934502475741697,0.9733468884382408,1.2310323918317362e-15,0.9920408622664757,9.780766342430283e-07,0.2624766492198221,1.9436745339368618e-20,6.574341844660363e-05,0.07790768420292128,1.4530766865302191e-05,0.4015583015058669,0.5301841056637386,0.13826967660761685,0.5850592646694224,1.418795688122684e-22,0.7089692155758652,3.222849770777353e-08,1.8955515338354027e-21,0.6456416174274491,1.4556273858469285e-20,4.4698642464404844e-10,6.74231105744875e-10,0.22211577539045496,0.14548478977610158,1.374706022767653e-11,0.01516607924292726,1.2776251220883426e-13,0.9276965313569024,0.4819085290914667,0.455403219562533,0.4002628035056059,1.2901477703415006e-12,2.3653510080401887e-09,2.004426512901945e-10,0.8885091846514442,6.960314153339329e-12,2.284699250409179e-20,0.0022754600823206325,0.002388813782187852,0.00029209412820971353,0.18422883142055,9.980361753072166e-10,0.014743458380927993,0.13963571491888624,0.5122008772430512,0.0011135710686301847,0.11255292715386123,0.0013208103123359693,0.0005705863054273136,0.2481250788575137,0.004486614101536434,0.0036555426199497416,2.5978300902771852e-20,0.6867275415250377,1.0,0.021330031297657592,0.03299166031275692,2.7312570969425724e-09,0.1855129574513108,0.009708942736173565,1.120650541680036e-06,0.008010127755062662,9.563829100435684e-06,3.3499351918917895e-06,1.628644509283342e-08,0.9777373902937949,0.01043810511619449,0.008287185559523768,5.440101461168343e-05,1.3328270004944523e-18,0.042595450245579
Taphrinales,0.187304503682937,0.08782982696291484,0.030347805992925997,0.6326518215274114,0.6990824128299858,7.94645505294998e-06,4.687545436953795e-05,0.8524474313642478,0.3448772654842589,0.16599136413650867,5.91012976079914e-05,0.0010476424314593267,0.00028140131215891663,0.010182051969375907,0.031098508767267514,0.00028625532126839146,0.13758829375623866,0.4036622343089875,0.433833529201396,1.6898131645966885e-07,0.05716315641344101,0.0002497719463173889,0.738549414696336,0.01897638456787478,0.004124282244673359,0.878547340455403,0.187304503682937,1.854878623884652e-06,0.06102291728115853,0.0009208208982411883,1.0293862812175442e-05,0.08219914018612968,7.324841406848721e-05,0.057676273971363726,0.0068294168061370595,0.8544502982324719,0.00018323751305079357,0.0007010496810825936,1.0441407498300712e-05,0.0018483262858950695,0.14558877239463508,0.027062937640451406,0.0011735173538286162,0.0005663057882900715,0.005943908088783154,0.00030431766900978406,4.566867220893344e-05,0.01283882531647565,0.006770389104611705,4.721278968922494e-08,0.16081809114052648,0.7871920216555108,0.9373917197856829,0.09525314181563811,0.08631587600771498,0.5301841056637386,0.1505181455113727,0.004022135712160117,0.27815035975297986,6.045306956976711e-05,0.8004428701575174,0.5146539451330836,0.006178865526290933,0.5080233467117936,0.5529598361559259,1.5327575825875227e-05,0.19880757428337584,0.021330031297657592,1.0,0.7612900426600915,0.009315931007993737,0.0064396808758931485,0.5065644820711648,0.01856556877457889,0.6817151278314606,0.3934487086983369,0.048366137526762255,0.0003984340305672589,0.1501324851413098,0.6680155473297661,1.4035595555545875e-06,0.1191824113543139,0.00014422793311481803,0.9937037838451754
Teloschistales,0.30585535501292954,0.13693427093912686,0.004804240535530207,0.44454700121934493,0.8709773028214954,2.916685094992412e-06,4.817136624435664e-07,0.5468591398655762,0.21711918450238896,0.26748147135559536,1.7922403775587523e-06,4.8857544697590685e-05,3.494479108341744e-05,0.01589105304551303,0.04844182570267215,3.844957609436758e-06,0.1942236367354943,0.13700556441083286,0.592823587975861,4.439004748296158e-10,0.022348208573156916,0.00034232044347454703,0.37184476499512864,0.028713783869220678,0.006002898477269926,0.9536811654173123,0.27781330251940645,1.944476144857123e-09,0.08889063062054996,0.00016127376684723954,1.7459919605819195e-08,0.12913184366710398,1.9384951078047892e-07,0.006462255464425894,0.000612128589535532,0.996045735592218,0.00019235244296299765,3.6112223191764105e-05,1.0246779781984828e-05,5.115337947879655e-05,0.2075324374473672,0.04024842136697479,0.0013852496612163797,0.000552305273873387,0.00024393275496243473,3.832802419788735e-05,4.778287749130251e-06,0.018535726732912768,0.0003454800993856389,1.4153767187873166e-10,0.0914894566711231,0.9127204603374738,0.5865812854178477,0.15345362754381095,0.011438148941955084,0.36238367575649044,0.24363618820567676,0.005860999208069042,0.14625668896213476,4.616258324327835e-05,0.8884237166243117,0.2766404095512902,0.009500513217248924,0.31506669883118193,0.8357439917232122,3.9095390291734425e-08,0.2857465529021245,0.03299166031275692,0.7612900426600915,1.0,0.0010108986711058604,0.00973546931164671,0.333545913589729,0.0044240229406216,0.9621888029923215,0.15118938224598633,0.013201381657342002,6.684036669825625e-05,0.21096805725387907,0.45540075120681706,6.827091946339721e-07,0.04526348416723017,7.211432223160329e-07,0.7805685694688098
Thelebolales,1.4193218082989841e-09,2.092191418681239e-06,0.6360249749795863,0.1536951242312962,0.01741115201097321,2.112097631570694e-24,0.1773803768419898,0.0027860181127712003,0.4843003949675646,4.0133443567781456e-08,0.10522494709766225,0.5261362975094798,0.0899618096147826,7.992357737213225e-08,7.320742927819997e-08,0.48486850111230223,0.0004771841883642071,0.0039259708452889204,0.0008586083571771242,0.004996783818365163,0.9724431043484921,1.398836117913691e-11,0.00018551281264953518,9.237891611649453e-06,8.18875473459193e-11,0.03577772417686998,7.647136801930311e-05,0.05412078192291425,8.705199222457639e-05,0.1517134649862968,0.1513901679235891,4.65653716098157e-07,0.441050807640934,0.14652701808695837,0.9621888029923215,0.06100925180012825,3.2127865843549292e-15,0.38751754816443057,9.807550563066032e-16,0.9027797574744085,0.00031862253528935403,1.780192130298179e-05,1.6703106765137308e-14,7.68191407884735e-17,0.7588558632289734,0.09399897381912412,0.02581181481547595,3.2273044862222798e-12,0.7871920216555108,0.0015337901303170611,0.891111480540392,2.0511685239844048e-05,0.00015821875841455534,2.0357008829690596e-10,0.0782596599373433,0.2485092535410044,5.98454036312171e-09,1.021514834100967e-10,0.3597623480967913,1.486817608314424e-18,1.03551739617419e-05,0.03950150060572717,5.592815610392175e-07,0.14299428358614927,2.9463655450643077e-07,0.16683131146371702,0.00027451676965294065,2.7312570969425724e-09,0.009315931007993737,0.0010108986711058604,1.0,2.9532259124343207e-06,0.2245078288772014,0.8316691586284376,2.3490311771697767e-05,0.014685765044641908,0.7825819467638682,0.07969925871107532,0.0005759689206390623,0.08210512116931294,2.231377435277529e-21,0.5435771201200085,0.4959739813042097,0.02362011856853228
Thelephorales,0.021683916859664355,0.13398566625667738,1.1030997260014844e-05,0.00429042427020536,0.04321743935900801,0.5674084476878541,2.1252651796081768e-08,0.0020595029573992007,0.0017922313203035136,0.03484607387954432,2.0553080175971993e-08,3.1128594888470304e-07,9.523016358221426e-08,0.47353419357744925,0.2110454016103013,1.0665146301695338e-07,0.3000191026622599,0.0002584902838160774,0.04704480329626869,1.9499297782418795e-10,6.291744617381183e-05,0.9008162699890054,0.000792225432995231,0.6946910787319716,0.3574526938657353,0.02649183366421683,0.11056017807249702,2.349443402044436e-09,0.46299451728420443,3.6983246331223885e-07,9.073634544631078e-09,0.11093523870331956,4.4848153148112874e-08,1.8062245853186636e-05,2.0686582510649027e-06,0.04515772714721919,0.5832052907465612,2.0940451490417585e-07,0.9373917197856829,5.508580716779903e-07,0.2453703082999004,0.6249819579426976,0.33391015323093365,0.33169149432960415,1.6859087606178055e-06,1.0365001671950516e-07,1.5004712181365505e-08,0.14101034423038902,1.9280036957585184e-06,5.754399552607351e-11,0.0006134376403574319,0.004037152852168208,0.001730459458465181,0.039279363202801496,2.8817737437079577e-05,0.0034815942740254267,0.03227956024281819,0.36935571856317223,0.0006007531796195949,0.5542802888938433,0.003522736333279852,0.0008645108912706643,0.8149576024989843,0.00174552940104804,0.006155613532072777,1.15251027773653e-08,0.14611265928973002,0.1855129574513108,0.0064396808758931485,0.00973546931164671,2.9532259124343207e-06,1.0,0.00260885607420986,9.476267905340092e-06,0.006280925243666527,0.0003101408143905233,2.7737624142916643e-05,1.5853650273298767e-07,0.2839661295542526,0.003227384004390781,0.9506289134771104,0.00011294598425826452,6.96712834819903e-08,0.009576664888724403
Tilletiales,0.07104567246584971,0.03441270793300247,0.38277375858884877,0.8876336289918048,0.3597623480967913,4.698122687860005e-05,0.02825512674256868,0.5629181922630584,0.7816594063783592,0.06308182577382114,0.01741559586738279,0.08882700412854763,0.015874605272640938,0.004459922990650345,0.013018746987192886,0.0745786291126219,0.057676273971363726,0.851714735319805,0.18256665453541013,0.0015206432328926252,0.31801572486494273,0.00018416464038747773,0.578527660749264,0.007562279830729434,0.002388813782187852,0.48389887422727934,0.07458084670284032,0.011130095429229653,0.024714501772399144,0.028547645386834287,0.025063426505977347,0.03240081007053489,0.06335096488638696,0.6201408695658502,0.20341528258557973,0.4959739813042097,0.00022905642628817286,0.06471079952041146,1.780192130298179e-05,0.159200490875463,0.060055097449387494,0.010766688913275183,0.0010774272527632205,0.0007114663160647401,0.2618900002660716,0.01664167068781583,0.004445611069392528,0.007208367091976025,0.26100123232963013,0.0005639583625833433,0.48239190321095743,0.3124330582514814,0.4710384977287638,0.03897762157806597,0.7200773497417476,0.9973824811557052,0.057587031960020386,0.0023126698505543056,0.7805685694688098,0.00013176344211996072,0.31453840114491294,0.8653334341667817,0.0025760714400042176,0.9581122012622387,0.20060972827617468,0.027085525094527847,0.08109877483070185,0.009708942736173565,0.5065644820711648,0.333545913589729,0.2245078288772014,0.00260885607420986,1.0,0.21053242529193442,0.267490115236741,0.9010625099332716,0.3792622527472272,0.014543576021327621,0.06336761925259699,0.8119983843146267,7.722253457359282e-06,0.5559721601296462,0.07306710345527705,0.5442848433183747
Trapeliales,1.2089690905940536e-05,4.0709915777285465e-05,0.5499294038428947,0.15087341698230364,0.021857561454095637,7.427371395112059e-13,0.46391694165953007,0.011894549595402221,0.42885340101358194,2.1659921670946022e-05,0.294238213792457,0.8004428701575174,0.2032635715898736,2.001275517781118e-06,4.633737030484191e-06,0.8050384353590035,0.0009066832477101215,0.024890674997492333,0.0024824294397607764,0.06070712205901027,0.9009546727601734,4.928547578320395e-09,0.005451008243098937,3.0946051989102325e-05,8.849243891072556e-08,0.0406731246997617,0.0003846971566458503,0.29190039602826584,0.0002133725416929322,0.2857465529021245,0.4862268560168412,2.1596045503872237e-05,0.8106861450471813,0.20237689879699253,0.8626756478770399,0.06172333931267451,4.1416669700889253e-10,0.6529657166228342,2.2556551530533967e-11,0.88669587868984,0.0007257931434865429,5.449736832504513e-05,3.667179345274106e-09,6.822738794519386e-10,0.635481298730488,0.20985590674790122,0.07822156712016674,1.3018282243822524e-07,0.6548446563829232,0.026568213263039417,0.7871920216555108,0.0010873938067811769,0.0036102785626041644,3.332318925193861e-06,0.1403466481193509,0.22955610728234263,1.2061336241870593e-05,9.181733956516186e-08,0.32631430684533813,3.5033366635771625e-11,0.0009208208982411883,0.0626567996168096,3.6461871426556667e-06,0.14704517906552778,0.00019750829650416887,0.49746815063942895,0.0007873774412897963,1.120650541680036e-06,0.01856556877457889,0.0044240229406216,0.8316691586284376,9.476267905340092e-06,0.21053242529193442,1.0,0.000893902182950552,0.042243504957189704,0.6652232729288902,0.17002554696607686,0.0010684140506708958,0.09180354242383476,2.8458931023751094e-13,0.4777945771972834,0.8447340668827101,0.033012642314974444
Tremellales,0.11235529603884853,0.08466652631552132,0.00023588185282827766,0.3751915189515154,0.8855697952987679,3.875577970161136e-14,7.006169561574066e-12,0.3887421165503257,0.16975248088069556,0.13398566625667738,3.733881527838664e-09,1.3603564747083388e-07,3.127519341014207e-06,0.0064699417200886605,0.01984567331213741,2.6173249141022242e-11,0.17002554696607686,0.012667648546243275,0.5700896039008793,4.559723979044114e-16,0.010120496817581976,3.6730283243456076e-05,0.10374903233176729,0.019558403202627073,0.00071819486457117,0.9229925594247714,0.22906322350531327,6.984485485589393e-20,0.07147761127939828,2.4895773710125016e-05,7.182097895146011e-19,0.0707937348432412,9.540665478858938e-19,1.2396770257462431e-05,7.977392126011313e-06,0.9750759242657204,1.5631862702373122e-06,1.9854223703312962e-07,1.1712931267675088e-07,3.4391569825864334e-09,0.17910858102219052,0.029011522233915944,1.3453716796051428e-05,5.1013601702589e-07,3.5527165094649567e-08,3.5032308943695823e-06,3.4568960705034777e-07,0.0009232361560755612,1.9452912032037724e-07,6.728900705463579e-16,0.0664788202439585,0.8050384353590035,0.3602317321247785,0.031109627518769317,2.745780702634292e-05,0.29958581884681323,0.09638516140513448,0.0007395545909475322,0.0914894566711231,1.2755988465817987e-08,0.7553604269034743,0.15671394858029783,0.005086178852632078,0.23346030798383635,0.8054390911345582,4.7111710718106427e-17,0.24989617338595255,0.008010127755062662,0.6817151278314606,0.9621888029923215,2.3490311771697767e-05,0.006280925243666527,0.267490115236741,0.000893902182950552,1.0,0.03401256953644619,0.002949328118137447,1.091440306161974e-05,0.18663472391901983,0.36907207356174476,2.6376104687066418e-11,0.01787774189719785,2.154715850166099e-15,0.7180292552090793
Trichosporonales,7.722253457359282e-06,0.0014493437774305332,0.06312120702120434,0.9522677568673128,0.28331632707799764,1.430042849741603e-25,2.255096968719969e-06,0.3934487086983369,0.632960235727295,0.00018464594750879678,2.0985378925266347e-05,0.0006607272581130724,0.0004545291403707443,6.045306956976711e-05,0.00010756122420778524,1.8188761042065643e-05,0.021744997753332624,0.8899624347126917,0.07384922785515707,6.488580747563088e-10,0.13232923387676992,3.931210561554513e-08,0.25663290311061865,0.0010346820378539796,3.5579267648523993e-07,0.43216554168251375,0.014041357534777456,1.2394683271854275e-10,0.006149776302376946,0.001812710637122917,1.7278801250050118e-09,0.0006079238979280133,1.840758391430813e-08,0.10244255928390925,0.009073131180572076,0.4680649878149531,1.8717889623257858e-11,0.0005100252754626821,6.259096150309982e-12,0.0004690707789986628,0.019628548969861114,0.0017668364403239485,7.67574967622098e-11,8.17895215152435e-14,0.002831911999669206,0.0004959439462999535,6.279805459951068e-05,1.7939792647399435e-08,0.004586681361750985,3.053984132643167e-10,0.32215245634338735,0.03951248971994725,0.15986892930470395,1.0898466553705745e-06,0.18298619553614268,0.9111720782294286,3.523591876038342e-05,4.2081545724710076e-07,0.581008880116725,1.6336108027657905e-15,0.0291654908579019,0.9276965313569024,0.00013393425519396543,0.9526266958340495,0.0017628178793480775,1.213909099726479e-08,0.024059848341954484,9.563829100435684e-06,0.3934487086983369,0.15118938224598633,0.014685765044641908,0.0003101408143905233,0.9010625099332716,0.042243504957189704,0.03401256953644619,1.0,0.11596431166512855,0.0007617743143359955,0.02491771519099207,0.8524474313642478,1.963058291033675e-18,0.285399478419869,4.812642827764217e-07,0.4767109345631929
Trigonopsidales,3.403053202157747e-05,0.00013282664673017593,0.9186153223402713,0.28423049237144865,0.049096911724410844,4.0274133717052774e-13,0.1522002921049047,0.035121081603601646,0.6503309753096608,6.622574249147126e-05,0.09135974399172732,0.4038850092167232,0.07493923200936242,6.42180098018475e-06,1.469515747071546e-05,0.3704973018531894,0.0024285988133432067,0.07465821923402496,0.007096401855326212,0.007813000014541594,0.8119122002508701,1.4178376350818516e-08,0.01779389516408477,9.146115594140783e-05,2.4460203106722743e-07,0.0868324895150078,0.001176556771825862,0.06320331299064356,0.0006044025480840953,0.12192200991868049,0.14236056949811163,6.915030059942571e-05,0.34163438034320004,0.4667244084343244,0.7437821925634486,0.11840142407334471,7.876427615601911e-10,0.30000874723238546,4.603087877772517e-11,0.6720789364120787,0.0020138668422841955,0.00016100920357493075,7.068358927153449e-09,9.927525607516193e-10,0.9423766011666335,0.07790768420292128,0.02257910064645783,3.0342990038371325e-07,0.9276965313569024,0.0027396112879988963,0.9724431043484921,0.003603460279286582,0.01168257944599372,8.837375048618052e-06,0.34703082456079365,0.399809479260069,3.536206367013525e-05,2.5716008494039397e-07,0.5576258304503472,4.298248054545113e-11,0.0030522613149368927,0.1518748588683095,1.1415775302712953e-05,0.2913070146160226,0.000633501717431916,0.15174135070942493,0.0022791305440147077,3.3499351918917895e-06,0.048366137526762255,0.013201381657342002,0.7825819467638682,2.7737624142916643e-05,0.3792622527472272,0.6652232729288902,0.002949328118137447,0.11596431166512855,1.0,0.0655481399868909,0.002831911999669206,0.1942236367354943,2.6001669530833315e-13,0.776284916901004,0.3787781330594695,0.07776140453815948
Trypetheliales,1.8480656867150987e-07,5.084632693506112e-07,0.035116567731949856,0.008974918102038754,0.0007684936512690946,1.749425584055319e-13,0.3319742716852633,0.0001858707382937019,0.05161675465925797,2.9172251878013126e-07,0.5605247910955862,0.18451918293504274,0.8755137452651665,2.5160353881974726e-08,5.881823819882517e-08,0.15200132019390872,2.047764611725434e-05,0.00036890631533318535,4.358281601333912e-05,0.9564735433915198,0.16577053396251662,7.67574967622098e-11,6.657287517216201e-05,5.081287151402706e-07,1.4690545966023054e-09,0.0017119038007478902,5.662707547081841e-06,0.4187458319563401,4.135881874752672e-06,0.7805685694688098,0.2677804179555378,2.716752903196699e-07,0.12787717283791675,0.005379277060066719,0.08269226329204883,0.003737187158653704,1.374706022767653e-11,0.2674033882092393,6.955627563215402e-13,0.07229130252459919,1.4426037897779392e-05,9.364843156140849e-07,1.1181701106361033e-10,3.18462191993579e-11,0.03555355265825105,0.8648930021637113,0.8031555815510995,2.831925896268364e-09,0.03927752824127018,0.8183657734840476,0.1668888658635607,1.3156990712614326e-05,4.5110644729932176e-05,5.597938021084505e-08,0.003146589636532,0.017998055630136886,1.7374862236164803e-07,1.4996647177314556e-09,0.02423680438234935,2.361093127363482e-12,1.1078624034748453e-05,0.0015781089405309812,5.0264349976397716e-08,0.007070819432201695,2.511906146304564e-06,0.26862124791573483,1.382862312578949e-05,1.628644509283342e-08,0.0003984340305672589,6.684036669825625e-05,0.07969925871107532,1.5853650273298767e-07,0.014543576021327621,0.17002554696607686,1.091440306161974e-05,0.0007617743143359955,0.0655481399868909,1.0,2.4533559749151063e-05,0.003727068238956013,3.5281551586387335e-14,0.038625512428032714,0.1247795755697207,0.0009673425937369092
Umbelopsidales,0.41318136215449247,0.8500382102918719,0.0017161315782420002,0.08894199416306345,0.38277375858884877,0.35907657169773277,1.003756829276472e-05,0.08497522524797992,0.0416999421276127,0.5004975200479095,7.87932170411455e-06,9.074200910332108e-05,1.8943547958779406e-05,0.6227240285038631,0.9618523708985466,4.322939354908971e-05,0.9762914986510594,0.0238993046550498,0.4690378846095349,1.506134558081357e-07,0.003926039761124976,0.2355833317297064,0.05341255018391556,0.5016058394875701,0.6872789384462538,0.280837045079262,0.7345142453646359,1.6522530571369664e-06,0.7553604269034743,5.615171002179033e-05,5.529310956551321e-06,0.8054390911345582,2.3209020547331896e-05,0.003196931937951227,0.0004441238795691155,0.3479952770264373,0.40131733025617894,6.053567468016201e-05,0.1278503912289729,0.00017628084360341188,0.9646512907390312,0.5688105462108379,0.6680155473297661,0.6503309753096608,0.0004549815062479458,2.0420145844710425e-05,3.4948148054928527e-06,0.9685348778791703,0.000491771507577133,4.6414270270114355e-08,0.016923977794584925,0.147029344050717,0.08516206092825311,0.5568007695819428,0.004669838923643846,0.07306710345527705,0.4929009768248207,0.6738289991538396,0.024488956145117126,0.4008860695710001,0.13785757271670432,0.0428379989174628,0.37435777549294325,0.05467960357681352,0.1995931679876881,6.648206911805818e-06,0.7937267764920701,0.9777373902937949,0.1501324851413098,0.21096805725387907,0.0005759689206390623,0.2839661295542526,0.06336761925259699,0.0010684140506708958,0.18663472391901983,0.02491771519099207,0.002831911999669206,2.4533559749151063e-05,1.0,0.08372024508932058,0.14969694610573017,0.007890232859011222,3.270568900736541e-05,0.17314402683011906
Umbilicariales,0.08769522566523878,0.04314517434847071,0.1758891679861019,0.9406588789511928,0.4674977043461972,1.382862312578949e-05,0.0035629507860687995,0.7553604269034743,0.5933072022394507,0.07916434498950878,0.0024496768365479134,0.02139200121183418,0.0035629507860687995,0.005011196674731398,0.015104004333236993,0.013397062550323358,0.07680711444522081,0.8969915665772361,0.24701951764645486,6.427274200876301e-05,0.1750010204425733,0.00014514675769634598,0.7936879980463114,0.009565825380364337,0.0021930566650102345,0.6158453032898173,0.09802319902880521,0.000713934080541524,0.03235434328840825,0.007976793927543935,0.0022812567276583725,0.039865897699174375,0.008704783681535848,0.3291410605488904,0.07082149916999463,0.6201408695658502,0.00013651521689216078,0.014488762687938762,8.790377043377579e-06,0.041845824266064695,0.07952212665826856,0.013819141729368134,0.0007633104762749378,0.00043277526127755806,0.08651812268869316,0.0037753485997881918,0.0007746135544683878,0.006785660784847088,0.08840780121132477,1.995005196336275e-05,0.3286582966945272,0.433833529201396,0.6455340013972245,0.04531644284658053,0.4170888706114822,0.8228965652344984,0.07158150523149275,0.002134853695721156,0.5627359011401318,5.978504085195776e-05,0.4377400412986424,0.9193952387033612,0.0030371275454394173,0.8477799094579157,0.2766404095512902,0.002671344329393955,0.10808582559258251,0.01043810511619449,0.6680155473297661,0.45540075120681706,0.08210512116931294,0.003227384004390781,0.8119983843146267,0.09180354242383476,0.36907207356174476,0.8524474313642478,0.1942236367354943,0.003727068238956013,0.08372024508932058,1.0,2.203564092551156e-06,0.3418267147081303,0.011389616580880694,0.7022716552553669
Ustilaginales,2.1497173899514484e-11,0.00805657082269751,1.094570041600801e-19,2.1952715607722015e-05,0.0039259708452889204,0.12895755792160543,4.258535133952271e-37,2.3649670836831413e-11,1.3977973293647734e-05,3.1281423630466104e-07,1.0052408453344681e-26,1.6377964807585744e-26,2.538350293350761e-16,0.2701461913912935,0.024405823623051572,3.6677603256087207e-39,0.163983453406662,4.880995242229605e-25,0.0011993494522121915,2.4560342091308925e-41,2.7067368162795455e-09,0.9111720782294286,1.339888877919596e-23,0.6341426553777283,0.07992120213193382,0.0014723401997721209,0.00988989132711219,1.8067818944979807e-56,0.33379017111530096,3.465830033150355e-14,9.806340846618178e-57,0.00255324898332231,1.8368940145925268e-60,2.785875961766828e-32,4.886705715788299e-23,0.007890232859011222,0.28947538327530903,1.3721420961521516e-24,0.7805685694688098,8.969926691700222e-36,0.10374903233176729,0.5409142412369944,0.0291654908579019,0.015874605272640938,3.702016753253578e-35,3.066189456657288e-16,2.7415580945588343e-17,0.00031555105043883124,6.513665852815883e-32,5.836134077058989e-39,4.533946718905025e-06,5.4701506845124153e-14,7.354648813989983e-17,1.0510834982650568e-08,7.418417968897443e-33,2.5724488388706284e-05,2.466014847142726e-08,0.0914894566711231,7.03875268798715e-08,0.1873694026288038,6.749782391814319e-16,9.248771658829861e-11,0.7954722755212489,4.7009905032300103e-07,3.484054435657962e-16,3.2674624468879432e-52,0.029434034617243598,0.008287185559523768,1.4035595555545875e-06,6.827091946339721e-07,2.231377435277529e-21,0.9506289134771104,7.722253457359282e-06,2.8458931023751094e-13,2.6376104687066418e-11,1.963058291033675e-18,2.6001669530833315e-13,3.5281551586387335e-14,0.14969694610573017,2.203564092551156e-06,1.0,8.86893138800659e-11,5.4649424296929594e-52,3.1915900885384455e-05
Venturiales,0.0006817670795196673,0.0009176999773572138,0.8248874470956156,0.4439426319991938,0.099117090661081,3.163095722636908e-10,0.08022719868187951,0.10825943158376232,0.8341573078181533,0.000893902182950552,0.04870422500406797,0.2448084299156459,0.04282168734865232,5.464280048994222e-05,0.00015268041026104818,0.21089327999681354,0.006902494866102458,0.22033764271694253,0.022754703911674452,0.003558086959541021,0.6256770201206973,2.9292162148911506e-07,0.07985107255438023,0.0003735379016817985,5.6242265916807425e-06,0.16114360874770423,0.0049833426557848726,0.030021987133951954,0.0020063497056424916,0.07483476551541618,0.07161161856292925,0.0006151013899746747,0.18453326644715987,0.7820682306551767,0.5062984699837774,0.1959917761263828,5.641878964383246e-08,0.1773803768419898,2.9699737665355325e-09,0.4314328885288671,0.006267787468019371,0.0006139209997138966,4.6332768893287755e-07,1.2048583545828598e-07,0.6521123715451391,0.04486102053653261,0.012231689092840612,1.1820306023783883e-05,0.6450991939155822,0.001221433932068817,0.8081731650857749,0.02217048428150679,0.05467960357681352,0.00021948705287688232,0.6455340013972245,0.5688105462108379,0.000603895805448043,5.689969200940345e-06,0.7723060528744459,7.935027006969622e-09,0.02062698020259591,0.3143432404449915,6.233085380410518e-05,0.4711160181738047,0.006660907266789448,0.07732446568667627,0.007710185217583009,5.440101461168343e-05,0.1191824113543139,0.04526348416723017,0.5435771201200085,0.00011294598425826452,0.5559721601296462,0.4777945771972834,0.01787774189719785,0.285399478419869,0.776284916901004,0.038625512428032714,0.007890232859011222,0.3418267147081303,8.86893138800659e-11,1.0,0.21036056128062652,0.1610060785435205
Xylariales,5.6854082597317265e-52,9.193837772192207e-11,0.15986892930470395,0.041898592247843446,0.0022724806230104613,3.52563201654329e-132,0.2806815226083205,2.779546357358394e-07,0.25830460593713844,3.62154907228184e-23,0.16322470195247077,0.8944399628162073,0.14307348029655262,8.345901410562814e-12,1.163528163981252e-13,0.9019100613688676,2.5581673238575248e-05,3.457745819755114e-14,8.461782019195618e-06,0.0022759476888287084,0.7405973489896418,4.272318771535122e-18,9.503213503361243e-27,1.6825792800671967e-07,1.2318043623514721e-20,0.006147456639590402,2.2827359792908356e-07,0.02727912907204124,2.9887511969615057e-06,0.23929175168471617,0.16204676953346342,6.125701776211806e-13,0.9027797574744085,1.3165871972518975e-05,0.5233584137103721,0.017806832360095903,7.132989944782898e-33,0.6523701073144249,2.6519998249327175e-27,0.42419840135799586,1.064322177208395e-05,3.8937781777909543e-07,1.0109218520311045e-37,7.599229240852192e-56,0.08372024508932058,0.1496558831341968,0.03914614661057777,1.6242141696613595e-36,0.13086367848969668,0.0006151013899746747,0.6455340013972245,5.843229411226522e-19,1.151794636966409e-16,8.410471337979792e-46,7.341353339992937e-08,0.09169925610496825,3.288301724348209e-31,3.7747597384985266e-20,0.12542051333378693,1.6341403767498263e-52,2.6830577452413518e-24,0.0006565730356935405,2.695510526035645e-09,0.027222314979667556,1.8609242042550317e-43,0.2126383555495701,4.254531277746965e-06,1.3328270004944523e-18,0.00014422793311481803,7.211432223160329e-07,0.4959739813042097,6.96712834819903e-08,0.07306710345527705,0.8447340668827101,2.154715850166099e-15,4.812642827764217e-07,0.3787781330594695,0.1247795755697207,3.270568900736541e-05,0.011389616580880694,5.4649424296929594e-52,0.21036056128062652,1.0,0.0016506013788693556
Zoopagales,0.27107600286218286,0.12415052515324904,0.060397612385865704,0.6625736823708279,0.7115425401156433,0.00020248386035835676,0.000491771507577133,0.8811270445163093,0.3791738165670828,0.2355833317297064,0.0003895871866567066,0.004450972922476733,0.0008242087544130937,0.018911537087199164,0.05341255018391556,0.002194683929226382,0.15986892930470395,0.4954972892307923,0.4701974686818225,5.480651224544387e-06,0.07908869251661942,0.0008941909901639548,0.7928830714783363,0.02686716971008432,0.011295114843745563,0.8804034320141453,0.2274068262713661,6.402041010581278e-05,0.07691935781798812,0.0021807744017813785,0.00024240471476909113,0.12186198703948724,0.0011326446317201089,0.11646596215319527,0.019089787391430822,0.8563283284072073,0.0011277146213343682,0.002952945193356872,8.357278690948257e-05,0.008773528787534436,0.17073801091757942,0.03680776927978755,0.005373862025938564,0.003546957643299377,0.02140164766014327,0.0008810295193621203,0.00015946779933037887,0.03414056149983742,0.02257910064645783,1.6041542446930827e-06,0.18668900284387208,0.8106861450471813,0.9572076686972508,0.16114360874770423,0.1592740375137994,0.5629571128118223,0.22244550640680053,0.010915992714486117,0.324582147479937,0.000626253565237427,0.8228163767928284,0.5728334410538228,0.010222366155331966,0.5527627900186859,0.6150223732396699,0.00030218197499986513,0.23315194347981247,0.042595450245579,0.9937037838451754,0.7805685694688098,0.02362011856853228,0.009576664888724403,0.5442848433183747,0.033012642314974444,0.7180292552090793,0.4767109345631929,0.07776140453815948,0.0009673425937369092,0.17314402683011906,0.7022716552553669,3.1915900885384455e-05,0.1610060785435205,0.0016506013788693556,1.0
